category,subtopic,n,text,surah_name,surah,ayah_start,ayah_end,multi,ref
Allah Subhanahu wa ta'ala,,1,Memateri hati orang kafir,Al-Baqarah,2,7,7,False,"QS. Al-Baqarah, 2:7"
Allah Subhanahu wa ta'ala,,2,Menambah penyakit hati orang munafik,Al-Baqarah,2,10,10,False,"QS. Al-Baqarah, 2:10"
Allah Subhanahu wa ta'ala,,3,Membiarkan orang munafik kebingungan,Al-Baqarah,2,15,15,False,"QS. Al-Baqarah, 2:15"
Allah Subhanahu wa ta'ala,,4,Menghilangkan cahaya iman dari hati orang munafik,Al-Baqarah,2,17,17,False,"QS. Al-Baqarah, 2:17"
Allah Subhanahu wa ta'ala,,5,Mengepung orang kafir dengan siksa-Nya,Al-Baqarah,2,19,19,False,"QS. Al-Baqarah, 2:19"
Allah Subhanahu wa ta'ala,,6,Membuka rahasia pembunuhan kaum Musa,Al-Baqarah,2,72,72,False,"QS. Al-Baqarah, 2:72"
Allah Subhanahu wa ta'ala,,7,Menghidupkan yang mati,Al-Baqarah,2,73,73,False,"QS. Al-Baqarah, 2:73"
Allah Subhanahu wa ta'ala,,8,Tidak melupakan perbuatan kamu,Al-Baqarah,2,74,74,False,"QS. Al-Baqarah, 2:74"
Allah Subhanahu wa ta'ala,,9,Tidak menyalahi janji-Nya,Al-Baqarah,2,80,80,False,"QS. Al-Baqarah, 2:80"
Allah Subhanahu wa ta'ala,,10,Melaknat orang kafir,Al-Baqarah,2,88,88,False,"QS. Al-Baqarah, 2:88"
Allah Subhanahu wa ta'ala,,11,Menurunkan rahmat-Nya kepada siapa saja hamba yang disukai-Nya,Al-Baqarah,2,90,90,False,"QS. Al-Baqarah, 2:90"
Allah Subhanahu wa ta'ala,,12,Mengetahui orang yang berbuat dzalim,Al-Baqarah,2,95,95,False,"QS. Al-Baqarah, 2:95"
Allah Subhanahu wa ta'ala,,13,Mengkhususkan rahmat-Nya kepada siapa yang disukai-Nya,Al-Baqarah,2,105,105,False,"QS. Al-Baqarah, 2:105"
Allah Subhanahu wa ta'ala,,14,Memiliki rahmat maha besar,Al-Baqarah,2,105,105,False,"QS. Al-Baqarah, 2:105"
Allah Subhanahu wa ta'ala,,15,Menetapkan adzab,Al-Baqarah,2,109,109,False,"QS. Al-Baqarah, 2:109"
Allah Subhanahu wa ta'ala,,16,Memutuskan perkara pada hari kiamat,Al-Baqarah,2,113,113,False,"QS. Al-Baqarah, 2:113"
Allah Subhanahu wa ta'ala,,17,"Maha tahu, maha dengar",Al-Baqarah,2,137,137,False,"QS. Al-Baqarah, 2:137"
Allah Subhanahu wa ta'ala,,18,Tidak menyia-nyiakan amal shalih seseorang,Al-Baqarah,2,143,143,False,"QS. Al-Baqarah, 2:143"
Allah Subhanahu wa ta'ala,,19,Mengumpulkan kembali semua manusia pada hari kiamat,Al-Baqarah,2,148,148,False,"QS. Al-Baqarah, 2:148"
Allah Subhanahu wa ta'ala,,20,Menurunkan hujan dari langit untuk menghidupkan bumi,Al-Baqarah,2,164,164,False,"QS. Al-Baqarah, 2:164"
Allah Subhanahu wa ta'ala,,21,Tidak membersihkan dosa orang munafik di akhirat,Al-Baqarah,2,174,174,False,"QS. Al-Baqarah, 2:174"
Allah Subhanahu wa ta'ala,,22,Menghendaki keringanan bagi manusia,Al-Baqarah,2,185,185,False,"QS. Al-Baqarah, 2:185"
Allah Subhanahu wa ta'ala,,23,Mengetahui pengkhianatan kamu,Al-Baqarah,2,187,187,False,"QS. Al-Baqarah, 2:187"
Allah Subhanahu wa ta'ala,,24,Mengetahui setiap kebaikan kamu,Al-Baqarah,2,197,197,False,"QS. Al-Baqarah, 2:197"
Allah Subhanahu wa ta'ala,,25,Cepat dalam mengadili perbuatan manusia di akhirat,Al-Baqarah,2,202,202,False,"QS. Al-Baqarah, 2:202"
Allah Subhanahu wa ta'ala,,26,Menurunkan adzab berupa awan,Al-Baqarah,2,210,210,False,"QS. Al-Baqarah, 2:210"
Allah Subhanahu wa ta'ala,,27,Mengutus rasul-Nya kepada manusia,Al-Baqarah,2,213,213,False,"QS. Al-Baqarah, 2:213"
Allah Subhanahu wa ta'ala,,28,Memberi petunjuk kepada orang mukmin,Al-Baqarah,2,213,213,False,"QS. Al-Baqarah, 2:213"
Allah Subhanahu wa ta'ala,,29,Menjelaskan tanda-tanda kebenbenaran-Nya,Al-Baqarah,2,219,219,False,"QS. Al-Baqarah, 2:219"
Allah Subhanahu wa ta'ala,,30,Mengajak ke surga,Al-Baqarah,2,221,221,False,"QS. Al-Baqarah, 2:221"
Allah Subhanahu wa ta'ala,,31,Tidak menghukum kamu karena sumpah main-main,Al-Baqarah,2,225,225,False,"QS. Al-Baqarah, 2:225"
Allah Subhanahu wa ta'ala,,32,Mengadili apapun yang kamu lakukan tersembunyi maupun terang-terangan,Al-Baqarah,2,284,284,False,"QS. Al-Baqarah, 2:284"
Allah Subhanahu wa ta'ala,,33,Mengampuni siapa saja yang dikehendaki,Al-Baqarah,2,284,284,False,"QS. Al-Baqarah, 2:284"
Allah Subhanahu wa ta'ala,,34,Tidak membebani manusia di luar kemampuannya,Al-Baqarah,2,286,286,False,"QS. Al-Baqarah, 2:286"
Allah Subhanahu wa ta'ala,,35,Menghukum seseorang karena dosanya,Ali ‘Imran,3,11,11,False,"QS. Ali ‘Imran, 3:11"
Allah Subhanahu wa ta'ala,,36,Menolong siapa saja yang dikehendaki-Nya,Ali ‘Imran,3,13,13,False,"QS. Ali ‘Imran, 3:13"
Allah Subhanahu wa ta'ala,,37,Mempunyai pahala yang baik,Ali ‘Imran,3,14,14,False,"QS. Ali ‘Imran, 3:14"
Allah Subhanahu wa ta'ala,,38,Menjadi saksi atas kebenaran ketuhanan-Nya sendiri,Ali ‘Imran,3,18,18,False,"QS. Ali ‘Imran, 3:18"
Allah Subhanahu wa ta'ala,,39,Mengancam kamu dengan siksa-Nya,Ali ‘Imran,3,28,28,False,"QS. Ali ‘Imran, 3:28"
Allah Subhanahu wa ta'ala,,40,Belas kasih kepada makhluk-Nya,Ali ‘Imran,3,30,30,False,"QS. Ali ‘Imran, 3:30"
Allah Subhanahu wa ta'ala,,41,Mengampuni dosa kamu yang cinta kepada-Nya,Ali ‘Imran,3,31,31,False,"QS. Ali ‘Imran, 3:31"
Allah Subhanahu wa ta'ala,,42,Mengetahui anak yang dilahirkan setiap perempuan,Ali ‘Imran,3,36,36,False,"QS. Ali ‘Imran, 3:36"
Allah Subhanahu wa ta'ala,,43,Menciptakan apa saja yang dikehendaki-Nya,Ali ‘Imran,3,47,47,False,"QS. Ali ‘Imran, 3:47"
Allah Subhanahu wa ta'ala,,44,Membalas tipu daya manusia,Ali ‘Imran,3,54,54,False,"QS. Ali ‘Imran, 3:54"
Allah Subhanahu wa ta'ala,,45,Mengangkat Isa ke sisi-Nya,Ali ‘Imran,3,55,55,False,"QS. Ali ‘Imran, 3:55"
Allah Subhanahu wa ta'ala,,46,Membenci kedzaliman,Ali ‘Imran,3,57,57,False,"QS. Ali ‘Imran, 3:57"
Allah Subhanahu wa ta'ala,,47,Melindungi orang-orang mukmin,Ali ‘Imran,3,68,68,False,"QS. Ali ‘Imran, 3:68"
Allah Subhanahu wa ta'ala,,48,Memberikan rizki-Nya kepada siapa yang disukai-Nya,Ali ‘Imran,3,73,73,False,"QS. Ali ‘Imran, 3:73"
Allah Subhanahu wa ta'ala,,49,Tidak berbicara kepada orang kafir di akhirat,Ali ‘Imran,3,77,77,False,"QS. Ali ‘Imran, 3:77"
Allah Subhanahu wa ta'ala,,50,Menjadi saksi atas apa saja yang kamu lakukan,Ali ‘Imran,3,98,98,False,"QS. Ali ‘Imran, 3:98"
Allah Subhanahu wa ta'ala,,51,Tidak mau mendzalimi orang yang berbuat dzalim,Ali ‘Imran,3,108,108,False,"QS. Ali ‘Imran, 3:108"
Allah Subhanahu wa ta'ala,,52,Mengetahui siapa yang paling bertaqwa,Ali ‘Imran,3,115,115,False,"QS. Ali ‘Imran, 3:115"
Allah Subhanahu wa ta'ala,,53,Menolong tentara Islam dalam perang Badr,Ali ‘Imran,3,123,123,False,"QS. Ali ‘Imran, 3:123"
Allah Subhanahu wa ta'ala,,54,Menenangkan hati pasukan Islam di Badr,Ali ‘Imran,3,126,126,False,"QS. Ali ‘Imran, 3:126"
Allah Subhanahu wa ta'ala,,55,Mengampuni siapa saja yang dikehendaki-Nya,Ali ‘Imran,3,129,129,False,"QS. Ali ‘Imran, 3:129"
Allah Subhanahu wa ta'ala,,56,Mencintai orang-orang yang bersifat terpuji,Ali ‘Imran,3,134,134,False,"QS. Ali ‘Imran, 3:134"
Allah Subhanahu wa ta'ala,,57,"Menguji manusia, siapa yang beriman dan siapa yang kafir",Ali ‘Imran,3,141,141,False,"QS. Ali ‘Imran, 3:141"
Allah Subhanahu wa ta'ala,,58,Mencintai orang yang bersabar,Ali ‘Imran,3,146,146,False,"QS. Ali ‘Imran, 3:146"
Allah Subhanahu wa ta'ala,,59,Memberikan balasan kebaikan di dunia dan akhirat,Ali ‘Imran,3,148,148,False,"QS. Ali ‘Imran, 3:148"
Allah Subhanahu wa ta'ala,,60,Sebaik-baik penolong,Ali ‘Imran,3,150,150,False,"QS. Ali ‘Imran, 3:150"
Allah Subhanahu wa ta'ala,,61,Menguji hati kamu,Ali ‘Imran,3,154,154,False,"QS. Ali ‘Imran, 3:154"
Allah Subhanahu wa ta'ala,,62,Mengetahui isi hati setiap orang,Ali ‘Imran,3,154,154,False,"QS. Ali ‘Imran, 3:154"
Allah Subhanahu wa ta'ala,,63,Menjadikan orang kafir menyesal di akhirat,Ali ‘Imran,3,156,156,False,"QS. Ali ‘Imran, 3:156"
Allah Subhanahu wa ta'ala,,64,Mematikan,Ali ‘Imran,3,156,156,False,"QS. Ali ‘Imran, 3:156"
Allah Subhanahu wa ta'ala,,65,Memberi rahmat kepada orang beriman,Ali ‘Imran,3,164,164,False,"QS. Ali ‘Imran, 3:164"
Allah Subhanahu wa ta'ala,,66,Tidak memberikan kebaikan di akhirat kepada orang kafir,Ali ‘Imran,3,176,176,False,"QS. Ali ‘Imran, 3:176"
Allah Subhanahu wa ta'ala,,67,Tidak menjadikan siapapun tahu soal ghaib,Ali ‘Imran,3,179,179,False,"QS. Ali ‘Imran, 3:179"
Allah Subhanahu wa ta'ala,,68,Menetapkan segala sesuatu punya batas tertentu,An-Nisa,4,85,85,False,"QS. An-Nisa, 4:85"
Allah Subhanahu wa ta'ala,,69,Mengumpulkan semua manusia pada hari kiamat,An-Nisa,4,87,87,False,"QS. An-Nisa, 4:87"
Allah Subhanahu wa ta'ala,,70,Tidak memberikan jalan kepada orang kafir untuk mengalahkan hujjah umat Islam,An-Nisa,4,90,90,False,"QS. An-Nisa, 4:90"
Allah Subhanahu wa ta'ala,,71,Murka kepada kaum munafik,An-Nisa,4,93,93,False,"QS. An-Nisa, 4:93"
Allah Subhanahu wa ta'ala,,72,Melebihkan derajat orang-orang yang berjihad,An-Nisa,4,95,95,False,"QS. An-Nisa, 4:95"
Allah Subhanahu wa ta'ala,,73,Menunjukkan kepada Nabi-Nya cara mengadili perkara,An-Nisa,4,105,105,False,"QS. An-Nisa, 4:105"
Allah Subhanahu wa ta'ala,,74,"Maha tahu, maha bijaksana",An-Nisa,4,111,111,False,"QS. An-Nisa, 4:111"
Allah Subhanahu wa ta'ala,,75,Menurunkan kitab dan sunnah kepada Nabi Muhammad saw.,An-Nisa,4,113,113,False,"QS. An-Nisa, 4:113"
Allah Subhanahu wa ta'ala,,76,Menjadikan Nabi Ibrahim as. sebagai kekasih-Nya,An-Nisa,4,125,125,False,"QS. An-Nisa, 4:125"
Allah Subhanahu wa ta'ala,,77,Memberi fatwa soal wanita,An-Nisa,4,127,127,False,"QS. An-Nisa, 4:127"
Allah Subhanahu wa ta'ala,,78,"Memberi kecukupan kepada pasangan suami-istri, bila terpaksa cerai",An-Nisa,4,130,130,False,"QS. An-Nisa, 4:130"
Allah Subhanahu wa ta'ala,,79,Kuasa menggantikan dengan generasi baru,An-Nisa,4,133,133,False,"QS. An-Nisa, 4:133"
Allah Subhanahu wa ta'ala,,80,Tidak memberi petunjuk kepada orang dzalim,An-Nisa,4,137,137,False,"QS. An-Nisa, 4:137"
Allah Subhanahu wa ta'ala,,81,Tidak mengadzab kaum yang bersyukur dan beriman,An-Nisa,4,147,147,False,"QS. An-Nisa, 4:147"
Allah Subhanahu wa ta'ala,,82,Tidak menyukai perkataan jelek dengan terang-terangan,An-Nisa,4,148,148,False,"QS. An-Nisa, 4:148"
Allah Subhanahu wa ta'ala,,83,"Maha perkasa, maha bijak",An-Nisa,4,158,158,False,"QS. An-Nisa, 4:158"
Allah Subhanahu wa ta'ala,,84,Berbicara dengan Musa,An-Nisa,4,164,164,False,"QS. An-Nisa, 4:164"
Allah Subhanahu wa ta'ala,,85,Menjadi saksi atas turunnya Al-Qur’an kepada Muhammad saw.,An-Nisa,4,166,166,False,"QS. An-Nisa, 4:166"
Allah Subhanahu wa ta'ala,,86,Tidak punya anak,An-Nisa,4,171,171,False,"QS. An-Nisa, 4:171"
Allah Subhanahu wa ta'ala,,87,Memberi fatwa soal Kalalah,An-Nisa,4,176,176,False,"QS. An-Nisa, 4:176"
Allah Subhanahu wa ta'ala,,88,Tidak menghendaki mempersulit kamu,Al-Ma’idah,5,6,6,False,"QS. Al-Ma’idah, 5:6"
Allah Subhanahu wa ta'ala,,89,Menjanjikan ampunan kepada kaum mukmin,Al-Ma’idah,5,9,9,False,"QS. Al-Ma’idah, 5:9"
Allah Subhanahu wa ta'ala,,90,Mengambil janji setia Bani Israil,Al-Ma’idah,5,12,12,False,"QS. Al-Ma’idah, 5:12"
Allah Subhanahu wa ta'ala,,91,Menjadikan Bani Israil dua belas golongan,Al-Ma’idah,5,12,12,False,"QS. Al-Ma’idah, 5:12"
Allah Subhanahu wa ta'ala,,92,Menciptakan apa saja yang dikehendaki-Nya,Al-Ma’idah,5,17,17,False,"QS. Al-Ma’idah, 5:17"
Allah Subhanahu wa ta'ala,,93,Menyuruh Bani Israil masuk negeri Palestina,Al-Ma’idah,5,21,21,False,"QS. Al-Ma’idah, 5:21"
Allah Subhanahu wa ta'ala,,94,Hanya menerima amal orang yang bertakwa,Al-Ma’idah,5,27,27,False,"QS. Al-Ma’idah, 5:27"
Allah Subhanahu wa ta'ala,,95,Mengutus burung gagak turun ke bumi,Al-Ma’idah,5,31,31,False,"QS. Al-Ma’idah, 5:31"
Allah Subhanahu wa ta'ala,,96,Tidak mau jadikan manusia satu agama,Al-Ma’idah,5,48,48,False,"QS. Al-Ma’idah, 5:48"
Allah Subhanahu wa ta'ala,,97,Menjadikan manusia saling menyusahkan karena dosa mereka,Al-Ma’idah,5,49,49,False,"QS. Al-Ma’idah, 5:49"
Allah Subhanahu wa ta'ala,,98,Akan beri kemenangan kepada orang mukmin,Al-Ma’idah,5,52,52,False,"QS. Al-Ma’idah, 5:52"
Allah Subhanahu wa ta'ala,,99,Gantikan dengan generasi yang lebih cinta kepada Allah,Al-Ma’idah,5,54,54,False,"QS. Al-Ma’idah, 5:54"
Allah Subhanahu wa ta'ala,,100,Menjadikan orang kafir bertabiat kera dan babi,Al-Ma’idah,5,60,60,False,"QS. Al-Ma’idah, 5:60"
Allah Subhanahu wa ta'ala,,101,Memadamkan peperangan yang dikobarkan kaum Yahudi,Al-Ma’idah,5,64,64,False,"QS. Al-Ma’idah, 5:64"
Allah Subhanahu wa ta'ala,,102,Tidak menyukai tindakan merusak,Al-Ma’idah,5,64,64,False,"QS. Al-Ma’idah, 5:64"
Allah Subhanahu wa ta'ala,,103,Memelihara Nabi Muhammad saw.,Al-Ma’idah,5,67,67,False,"QS. Al-Ma’idah, 5:67"
Allah Subhanahu wa ta'ala,,104,Mengharamkan orang musyrik masuk surga,Al-Ma’idah,5,72,72,False,"QS. Al-Ma’idah, 5:72"
Allah Subhanahu wa ta'ala,,105,Murka kepada orang musyrik,Al-Ma’idah,5,80,80,False,"QS. Al-Ma’idah, 5:80"
Allah Subhanahu wa ta'ala,,106,Melarang mengharamkan yang halal,Al-Ma’idah,5,87,87,False,"QS. Al-Ma’idah, 5:87"
Allah Subhanahu wa ta'ala,,107,Hanya Allah yang dapat melenyapkan kesulitan yang menimpa manusia,Al-An‘am,6,17,17,False,"QS. Al-An‘am, 6:17"
Allah Subhanahu wa ta'ala,,108,Menjadikan Ka’bah rumah suci,Al-Ma’idah,5,97,97,False,"QS. Al-Ma’idah, 5:97"
Allah Subhanahu wa ta'ala,,109,Tidak pernah haramkan apa-apa yang diharamkan kaum musyrik,Al-Ma’idah,5,103,103,False,"QS. Al-Ma’idah, 5:103"
Allah Subhanahu wa ta'ala,,110,Mengumpulkan semua rasul-Nya pada hari kiamat,Al-Ma’idah,5,109,109,False,"QS. Al-Ma’idah, 5:109"
Allah Subhanahu wa ta'ala,,111,Menanyai Nabi Isa pada hari akhirat,Al-Ma’idah,5,116,116,False,"QS. Al-Ma’idah, 5:116"
Allah Subhanahu wa ta'ala,,112,Meridhai perbuatan hamba-Nya yang takwa,Al-Ma’idah,5,119,119,False,"QS. Al-Ma’idah, 5:119"
Allah Subhanahu wa ta'ala,,113,Mengetahui yang terang dan tersembunyi di langit dan bumi,Al-An‘am,6,3,3,False,"QS. Al-An‘am, 6:3"
Allah Subhanahu wa ta'ala,,114,Menjadi saksi perselisihan orang kafir dan orang mukmin,Al-An‘am,6,19,19,False,"QS. Al-An‘am, 6:19"
Allah Subhanahu wa ta'ala,,115,Menjadikan sebagian manusia sesat dan sebagian mendapat hidayah,Al-An‘am,6,39,39,False,"QS. Al-An‘am, 6:39"
Allah Subhanahu wa ta'ala,,116,Lebih tahu siapa yang taat kepada-Nya,Al-An‘am,6,53,53,False,"QS. Al-An‘am, 6:53"
Allah Subhanahu wa ta'ala,,117,Menyelamatkan manusia dari kesulitannya,Al-An‘am,6,64,64,False,"QS. Al-An‘am, 6:64"
Allah Subhanahu wa ta'ala,,118,Tidak menjadikan Nabi Muhammad saw. sebagai penyelamat seseorang dari kemusyrikan,Al-An‘am,6,107,107,False,"QS. Al-An‘am, 6:107"
Allah Subhanahu wa ta'ala,,119,Lebih tahu memilih orang yang berhak jadi rasul-Nya,Al-An‘am,6,124,124,False,"QS. Al-An‘am, 6:124"
Allah Subhanahu wa ta'ala,,120,Melapangkan dada seseorang yang dikehendaki jadi muslim,Al-An‘am,6,125,125,False,"QS. Al-An‘am, 6:125"
Allah Subhanahu wa ta'ala,,121,Menjadikan orang tidak beriman berjiwa kotor,Al-An‘am,6,125,125,False,"QS. Al-An‘am, 6:125"
Allah Subhanahu wa ta'ala,,122,Mengharamkan membunuh seseorang tanpa alasan yang hak,Al-An‘am,6,151,151,False,"QS. Al-An‘am, 6:151"
Allah Subhanahu wa ta'ala,,123,Menciptakan langit dan bumi,Al-A‘raf,7,54,54,False,"QS. Al-A‘raf, 7:54"
Allah Subhanahu wa ta'ala,,124,Mematikan hati orang-orang kafir,Al-A‘raf,7,101,101,False,"QS. Al-A‘raf, 7:101"
Allah Subhanahu wa ta'ala,,125,Menetapkan dan menguasai hal yang menguntungkan atau merugikan nasib manusia,Al-A‘raf,7,188,188,False,"QS. Al-A‘raf, 7:188"
Allah Subhanahu wa ta'ala,,126,Mengokohkan yang benar,Al-Anfal,8,7,7,False,"QS. Al-Anfal, 8:7"
Allah Subhanahu wa ta'ala,,127,Menenteramkan hati orang mukmin,Al-Anfal,8,10,10,False,"QS. Al-Anfal, 8:10"
Allah Subhanahu wa ta'ala,,128,Tidak membinasakan manusia kafir ketika Nabi saw. hidup di tengah mereka,Al-Anfal,8,33,33,False,"QS. Al-Anfal, 8:33"
Allah Subhanahu wa ta'ala,,129,Memisahkan orang baik dari orang rusak,Al-Anfal,8,37,37,False,"QS. Al-Anfal, 8:37"
Allah Subhanahu wa ta'ala,,130,Membinasakan manusia setelah diberi bukti kebenaran lebih dahulu,Al-Anfal,8,42,42,False,"QS. Al-Anfal, 8:42"
Allah Subhanahu wa ta'ala,,131,Memperlihatkan kemenangan Nabi saw. dalam mimpinya,Al-Anfal,8,43,43,False,"QS. Al-Anfal, 8:43"
Allah Subhanahu wa ta'ala,,132,Menampakkan tentara Badr berjumlah sedikit di mata tentara kafir,Al-Anfal,8,44,44,False,"QS. Al-Anfal, 8:44"
Allah Subhanahu wa ta'ala,,133,Memelihara nabi dan orang-orang mukmin,Al-Anfal,8,64,64,False,"QS. Al-Anfal, 8:64"
Allah Subhanahu wa ta'ala,,134,Meringankan beban orang-orang mukmin,Al-Anfal,8,66,66,False,"QS. Al-Anfal, 8:66"
Allah Subhanahu wa ta'ala,,135,Menghendaki pahala akhirat untuk orang mukmin,Al-Anfal,8,67,67,False,"QS. Al-Anfal, 8:67"
Allah Subhanahu wa ta'ala,,136,Memberikan kebaikan untuk orang yang beriman kepada-Nya,Al-Anfal,8,70,70,False,"QS. Al-Anfal, 8:70"
Allah Subhanahu wa ta'ala,,137,Menurunkan adzab kepada orang kafir melalui tangan orang-orang mukmin,At-Taubah,9,14,14,False,"QS. At-Taubah, 9:14"
Allah Subhanahu wa ta'ala,,138,Menghilangkan rasa marah dari hati orang mukmin kepada sesamanya,At-Taubah,9,15,15,False,"QS. At-Taubah, 9:15"
Allah Subhanahu wa ta'ala,,139,Selalu menguji hati orang beriman,At-Taubah,9,16,16,False,"QS. At-Taubah, 9:16"
Allah Subhanahu wa ta'ala,,140,Tidak memberi petunjuk orang fasik,At-Taubah,9,24,24,False,"QS. At-Taubah, 9:24"
Allah Subhanahu wa ta'ala,,141,Menolong tentara Islam dalam perang Hunain,At-Taubah,9,25,25,False,"QS. At-Taubah, 9:25"
Allah Subhanahu wa ta'ala,,142,"Menjadikan manusia tercukupi, maka jangan takut miskin",At-Taubah,9,28,28,False,"QS. At-Taubah, 9:28"
Allah Subhanahu wa ta'ala,,143,Membinasakan orang kafir,At-Taubah,9,30,30,False,"QS. At-Taubah, 9:30"
Allah Subhanahu wa ta'ala,,144,Terus menjaga agama-Nya sekalipun orang kafir benci,At-Taubah,9,32,32,False,"QS. At-Taubah, 9:32"
Allah Subhanahu wa ta'ala,,145,Menolong Nabi Muhammad sekalipun orang Islam tidak mau,At-Taubah,9,40,40,False,"QS. At-Taubah, 9:40"
Allah Subhanahu wa ta'ala,,146,Menenangkan hati Nabi saw. menghadapi tentara kafir,At-Taubah,9,40,40,False,"QS. At-Taubah, 9:40"
Allah Subhanahu wa ta'ala,,147,Memaafkan Nabi saw. karena membolehkan beberapa orang tidak ikut perang,At-Taubah,9,43,43,False,"QS. At-Taubah, 9:43"
Allah Subhanahu wa ta'ala,,148,Membenci keikutsertaan kaum munafik dalam perang,At-Taubah,9,46,46,False,"QS. At-Taubah, 9:46"
Allah Subhanahu wa ta'ala,,149,Menetapkan takdir baik dan buruk,At-Taubah,9,51,51,False,"QS. At-Taubah, 9:51"
Allah Subhanahu wa ta'ala,,150,Menjanjikan neraka jahanam kepada kaum munafik,At-Taubah,9,68,68,False,"QS. At-Taubah, 9:68"
Allah Subhanahu wa ta'ala,,151,Melaknat orang munafik,At-Taubah,9,68,68,False,"QS. At-Taubah, 9:68"
Allah Subhanahu wa ta'ala,,152,Menjanjikan surga bagi orang-orang mukmin,At-Taubah,9,72,72,False,"QS. At-Taubah, 9:72"
Allah Subhanahu wa ta'ala,,153,Tidak menerima permintaan ampunan dari orang munafik,At-Taubah,9,80,80,False,"QS. At-Taubah, 9:80"
Allah Subhanahu wa ta'ala,,154,Membukakan isi hati golongan munafik kepada Nabi saw.,At-Taubah,9,94,94,False,"QS. At-Taubah, 9:94"
Allah Subhanahu wa ta'ala,,155,Menilai perbuatan dan usaha orang beriman,At-Taubah,9,105,105,False,"QS. At-Taubah, 9:105"
Allah Subhanahu wa ta'ala,,156,Menyaksikan kebohongan golongan munafik,At-Taubah,9,107,107,False,"QS. At-Taubah, 9:107"
Allah Subhanahu wa ta'ala,,157,Mencintai orang-orang yang memelihara kebersihan jiwanya,At-Taubah,9,108,108,False,"QS. At-Taubah, 9:108"
Allah Subhanahu wa ta'ala,,158,Tidak menyesatkan kaum yang mau beriman,At-Taubah,9,115,115,False,"QS. At-Taubah, 9:115"
Allah Subhanahu wa ta'ala,,159,"Menerima taubat Nabi saw., Muhajirin dan Anshar",At-Taubah,9,117,117,False,"QS. At-Taubah, 9:117"
Allah Subhanahu wa ta'ala,,160,Menciptakan langit dan bumi dalam enam hari,Yunus,10,2,2,False,"QS. Yunus, 10:2"
Allah Subhanahu wa ta'ala,,161,Tidak mau menyegerakan adzab-Nya kepada kaum kafir,Yunus,10,11,11,False,"QS. Yunus, 10:11"
Allah Subhanahu wa ta'ala,,162,Memulai penciptaan dan menghidupkannya kembali,Yunus,10,34,34,False,"QS. Yunus, 10:34"
Allah Subhanahu wa ta'ala,,163,Menjadi saksi atas perbuatan kaum kafir,Yunus,10,49,49,False,"QS. Yunus, 10:49"
Allah Subhanahu wa ta'ala,,164,"Mengokohkan kebenaran agama-Nya, tetapi orang kafir tidak suka",Yunus,10,82,82,False,"QS. Yunus, 10:82"
Allah Subhanahu wa ta'ala,,165,Selalu berhasil menjalankan urusan-Nya,Yusuf,12,21,21,False,"QS. Yusuf, 12:21"
Allah Subhanahu wa ta'ala,,166,Meninggikan langit tanpa tiang,Ar-Ra‘d,13,2,2,False,"QS. Ar-Ra‘d, 13:2"
Allah Subhanahu wa ta'ala,,167,Mengetahui anak dalam kandungan perempuan yang hamil,Ar-Ra‘d,13,8,8,False,"QS. Ar-Ra‘d, 13:8"
Allah Subhanahu wa ta'ala,,168,Maha pemaksa lagi perkasa,Ar-Ra‘d,13,16,16,False,"QS. Ar-Ra‘d, 13:16"
Allah Subhanahu wa ta'ala,,169,Tetap mengabadikan yang benar eksis di bumi,Ar-Ra‘d,13,17,17,False,"QS. Ar-Ra‘d, 13:17"
Allah Subhanahu wa ta'ala,,170,Melapangkan dan menyempitkan rizki kepada siapa saja yang disukai-Nya,Ar-Ra‘d,13,26,26,False,"QS. Ar-Ra‘d, 13:26"
Allah Subhanahu wa ta'ala,,171,Membinasakan dan menumbuhkan yang baru,Ar-Ra‘d,13,39,39,False,"QS. Ar-Ra‘d, 13:39"
Allah Subhanahu wa ta'ala,,172,Meneguhkan hati orang mukmin di dunia dengan kalimat tauhid,Ibrahim,14,27,27,False,"QS. Ibrahim, 14:27"
Allah Subhanahu wa ta'ala,,173,Membinasakan bumi,An-Nahl,16,45,45,False,"QS. An-Nahl, 16:45"
Allah Subhanahu wa ta'ala,,174,Terkadang menyiksa kaum yang dzalim dengan segera dan kadang menundanya,An-Nahl,16,61,61,False,"QS. An-Nahl, 16:61"
Allah Subhanahu wa ta'ala,,175,Adakalanya memanjangkan umur sebagian orang sampai jadi pikun,An-Nahl,16,70,70,False,"QS. An-Nahl, 16:70"
Allah Subhanahu wa ta'ala,,176,Menjadikan sebagian manusia kaya dan sebagian tidak,An-Nahl,16,71,71,False,"QS. An-Nahl, 16:71"
Allah Subhanahu wa ta'ala,,177,Menjadikan manusia hidup berpasangan,An-Nahl,16,72,72,False,"QS. An-Nahl, 16:72"
Allah Subhanahu wa ta'ala,,178,Menjadikan sebagian orang bisu,An-Nahl,16,76,76,False,"QS. An-Nahl, 16:76"
Allah Subhanahu wa ta'ala,,179,Keluarkan manusia dari perut ibunya,An-Nahl,16,78,78,False,"QS. An-Nahl, 16:78"
Allah Subhanahu wa ta'ala,,180,Menjadikan burung terbang di angkasa,An-Nahl,16,79,79,False,"QS. An-Nahl, 16:79"
Allah Subhanahu wa ta'ala,,181,Menjadikan rumah tempat tinggal manusia,An-Nahl,16,80,80,False,"QS. An-Nahl, 16:80"
Allah Subhanahu wa ta'ala,,182,Berikan naungan kepada manusia,An-Nahl,16,81,81,False,"QS. An-Nahl, 16:81"
Allah Subhanahu wa ta'ala,,183,Menjadikan lapar dan ketakutan kaum yang durhaka kepada-Nya,An-Nahl,16,112,112,False,"QS. An-Nahl, 16:112"
Allah Subhanahu wa ta'ala,,184,Tidak berikan penolong kepada orang yang Ia jadikan hina,Al-Hajj,22,18,18,False,"QS. Al-Hajj, 22:18"
Allah Subhanahu wa ta'ala,,185,"Maha kuat, maha perkasa",Al-Hajj,22,40,40,False,"QS. Al-Hajj, 22:40"
Allah Subhanahu wa ta'ala,,186,Menghilangkan pengaruh setan dari diri Nabi saw.,Al-Hajj,22,52,52,False,"QS. Al-Hajj, 22:52"
Allah Subhanahu wa ta'ala,,187,Menolong orang yang didzalimi,Al-Hajj,22,60,60,False,"QS. Al-Hajj, 22:60"
Allah Subhanahu wa ta'ala,,188,Mengadili perselisihan manusia kelak di akhirat,Al-Hajj,22,69,69,False,"QS. Al-Hajj, 22:69"
Allah Subhanahu wa ta'ala,,189,Memilih utusan-Nya dari golongan malaikat dan manusia,Al-Hajj,22,75,75,False,"QS. Al-Hajj, 22:75"
Allah Subhanahu wa ta'ala,,190,Menciptakan bentuk baru saat hari kebangkitan kelak,Al-Mu’minun,23,14,14,False,"QS. Al-Mu’minun, 23:14"
Allah Subhanahu wa ta'ala,,191,Tidak mengangkat siapapun jadi anak-Nya,Al-Mu’minun,23,91,91,False,"QS. Al-Mu’minun, 23:91"
Allah Subhanahu wa ta'ala,,192,Menasehati orang mukmin untuk kembali kepada kebenaran,An-Nur,24,17,17,False,"QS. An-Nur, 24:17"
Allah Subhanahu wa ta'ala,,193,Membersihkan hati siapa saja yang dikehendaki-Nya dari dosa,An-Nur,24,21,21,False,"QS. An-Nur, 24:21"
Allah Subhanahu wa ta'ala,,194,Sempurnakan balasan kepada manusia pada hari akhirat,An-Nur,24,25,25,False,"QS. An-Nur, 24:25"
Allah Subhanahu wa ta'ala,,195,Akan jadikan cukup orang yang semula miskin,An-Nur,24,32,32,False,"QS. An-Nur, 24:32"
Allah Subhanahu wa ta'ala,,196,Bolehkan sebut nama-Nya dengan suara keras di masjid,An-Nur,24,36,36,False,"QS. An-Nur, 24:36"
Allah Subhanahu wa ta'ala,,197,Menggilir malam dengan siang,An-Nur,24,44,44,False,"QS. An-Nur, 24:44"
Allah Subhanahu wa ta'ala,,198,Menjadikan semua hewan melata dari air,An-Nur,24,45,45,False,"QS. An-Nur, 24:45"
Allah Subhanahu wa ta'ala,,199,Menjadikan kekuasaan di atas bumi kepada orang-orang beriman,An-Nur,24,55,55,False,"QS. An-Nur, 24:55"
Allah Subhanahu wa ta'ala,,200,Memberitahukan balasan amal manusia di akhirat,An-Nur,24,64,64,False,"QS. An-Nur, 24:64"
Allah Subhanahu wa ta'ala,,201,Menggantikan keburukan orang mukmin dengan kebaikan,Al-Furqan,25,70,70,False,"QS. Al-Furqan, 25:70"
Allah Subhanahu wa ta'ala,,202,Tidak jadikan siang terus menerus sampai kiamat,Al-Qashash,28,72,72,False,"QS. Al-Qashash, 28:72"
Allah Subhanahu wa ta'ala,,203,Mengetahui orang yang benar imannya dan yang dusta,Al-‘Ankabut,29,3,3,False,"QS. Al-‘Ankabut, 29:3"
Allah Subhanahu wa ta'ala,,204,Mengetahui apapun isi hati manusia seluruh alam,Al-‘Ankabut,29,10,10,False,"QS. Al-‘Ankabut, 29:10"
Allah Subhanahu wa ta'ala,,205,Menyelamatkan Nabi Ibrahim dari api,Al-‘Ankabut,29,24,24,False,"QS. Al-‘Ankabut, 29:24"
Allah Subhanahu wa ta'ala,,206,Menetapkan rizki untuk hewan ternak,Al-‘Ankabut,29,60,60,False,"QS. Al-‘Ankabut, 29:60"
Allah Subhanahu wa ta'ala,,207,Menundukkan matahari dan bulan untuk manusia,Al-‘Ankabut,29,61,61,False,"QS. Al-‘Ankabut, 29:61"
Allah Subhanahu wa ta'ala,,208,Tidak menyalahi janji-Nya,Ar-Rum,30,6,6,False,"QS. Ar-Rum, 30:6"
Allah Subhanahu wa ta'ala,,209,Ciptakan langit bumi dan seluruh isi dengan tujuan yang hak,Ar-Rum,30,8,8,False,"QS. Ar-Rum, 30:8"
Allah Subhanahu wa ta'ala,,210,Menciptakan dan sekaligus memberikan rizki,Ar-Rum,30,40,40,False,"QS. Ar-Rum, 30:40"
Allah Subhanahu wa ta'ala,,211,Mengirim angin untuk menggiring awan,Ar-Rum,30,48,48,False,"QS. Ar-Rum, 30:48"
Allah Subhanahu wa ta'ala,,212,Tetap balas amal seseorang sekalipun dilakukan di tengah sahara,Luqman,31,16,16,False,"QS. Luqman, 31:16"
Allah Subhanahu wa ta'ala,,213,Tidak menjadikan seseorang punya dua hati,Al-Ahzab,33,4,4,False,"QS. Al-Ahzab, 33:4"
Allah Subhanahu wa ta'ala,,214,Kirimkan tentara tak terlihat dalam perang Badr,Al-Ahzab,33,9,9,False,"QS. Al-Ahzab, 33:9"
Allah Subhanahu wa ta'ala,,215,Gugurkan belasan amal orang kafir,Al-Ahzab,33,19,19,False,"QS. Al-Ahzab, 33:19"
Allah Subhanahu wa ta'ala,,216,Menambah kuat iman orang mukmin,Al-Ahzab,33,22,22,False,"QS. Al-Ahzab, 33:22"
Allah Subhanahu wa ta'ala,,217,Gagalkan orang kafir merusak orang-orang mukmin,Al-Ahzab,33,25,25,False,"QS. Al-Ahzab, 33:25"
Allah Subhanahu wa ta'ala,,218,Berikan kampung kaum Yahudi kepada kaum mukmin,Al-Ahzab,33,27,27,False,"QS. Al-Ahzab, 33:27"
Allah Subhanahu wa ta'ala,,219,Bersihkan keluarga Nabi saw. dari kekotoran,Al-Ahzab,33,33,33,False,"QS. Al-Ahzab, 33:33"
Allah Subhanahu wa ta'ala,,220,Halalkan rampasan kepada Nabi saw.,Al-Ahzab,33,50,50,False,"QS. Al-Ahzab, 33:50"
Allah Subhanahu wa ta'ala,,221,Tidak malu menyampaikan kebenaran,Al-Ahzab,33,53,53,False,"QS. Al-Ahzab, 33:53"
Allah Subhanahu wa ta'ala,,222,Bersihkan Nabi Musa dari ucapan tidak baik kaumnya,Al-Ahzab,33,69,69,False,"QS. Al-Ahzab, 33:69"
Allah Subhanahu wa ta'ala,,223,Bila berikan rahmat kepada seseorang maka tak ada yang bisa halangi,Fatir,35,2,2,False,"QS. Fatir, 35:2"
Allah Subhanahu wa ta'ala,,224,Giring awan ke negeri yang tandus,Fatir,35,9,9,False,"QS. Fatir, 35:9"
Allah Subhanahu wa ta'ala,,225,Menjadikan kamu dari tanah,Fatir,35,11,11,False,"QS. Fatir, 35:11"
Allah Subhanahu wa ta'ala,,226,"Maha cukup, maha mulia",Fatir,35,15,15,False,"QS. Fatir, 35:15"
Allah Subhanahu wa ta'ala,,227,Tidak menghukum manusia secara tuntas di dunia ini,Fatir,35,45,45,False,"QS. Fatir, 35:45"
Allah Subhanahu wa ta'ala,,228,Menciptakan perbuatan manusia,As-Saffat,37,96,96,False,"QS. As-Saffat, 37:96"
Allah Subhanahu wa ta'ala,,229,Maha esa lagi maha pemaksa,Sad,38,65,65,False,"QS. Sad, 38:65"
Allah Subhanahu wa ta'ala,,230,Membuka dada seseorang untuk menerima Islam,Az-Zumar,39,22,22,False,"QS. Az-Zumar, 39:22"
Allah Subhanahu wa ta'ala,,231,Menurunkan perkataan yang paling baik,Az-Zumar,39,23,23,False,"QS. Az-Zumar, 39:23"
Allah Subhanahu wa ta'ala,,232,Menimpakan kepahitan hidup di dunia kepada orang durhaka,Az-Zumar,39,26,26,False,"QS. Az-Zumar, 39:26"
Allah Subhanahu wa ta'ala,,233,Menghapuskan keburukan usaha orang-orang mukmin,Az-Zumar,39,35,35,False,"QS. Az-Zumar, 39:35"
Allah Subhanahu wa ta'ala,,234,Maha perkasa melakukan balas dendam,Az-Zumar,39,37,37,False,"QS. Az-Zumar, 39:37"
Allah Subhanahu wa ta'ala,,235,Mematikan manusia saat ia tidur atau saat terjaga,Az-Zumar,39,42,42,False,"QS. Az-Zumar, 39:42"
Allah Subhanahu wa ta'ala,,236,Mengadili manusia dengan benar,Ghafir,40,20,20,False,"QS. Ghafir, 40:20"
Allah Subhanahu wa ta'ala,,237,Menghukum orang-orang yang berdosa,Ghafir,40,21,21,False,"QS. Ghafir, 40:21"
Allah Subhanahu wa ta'ala,,238,Tidak menyukai berlaku zhalim kepada manusia,Ghafir,40,31,31,False,"QS. Ghafir, 40:31"
Allah Subhanahu wa ta'ala,,239,Menyelamatkan Musa dari tipu daya Fir’aun,Ghafir,40,45,45,False,"QS. Ghafir, 40:45"
Allah Subhanahu wa ta'ala,,240,Menjadikan bumi tempat tinggal,Ghafir,40,64,64,False,"QS. Ghafir, 40:64"
Allah Subhanahu wa ta'ala,,241,Menjadikan rupa manusia baik,Ghafir,40,64,64,False,"QS. Ghafir, 40:64"
Allah Subhanahu wa ta'ala,,242,Menjadikan hewan ternak alat angkut,Ghafir,40,79,79,False,"QS. Ghafir, 40:79"
Allah Subhanahu wa ta'ala,,243,Menurunkan wahyu kepada nabi-nabi sebelum Nabi saw.,Asy-Syura,42,3,3,False,"QS. Asy-Syura, 42:3"
Allah Subhanahu wa ta'ala,,244,Menurunkan timbangan,Asy-Syura,42,17,17,False,"QS. Asy-Syura, 42:17"
Allah Subhanahu wa ta'ala,,245,Lembut kepada hamba-Nya,Asy-Syura,42,19,19,False,"QS. Asy-Syura, 42:19"
Allah Subhanahu wa ta'ala,,246,Menghancurkan kebathilan secara berangsur,Asy-Syura,42,24,24,False,"QS. Asy-Syura, 42:24"
Allah Subhanahu wa ta'ala,,247,"Melapangkan rizki kepada seseorang, sekalipun ia tetap durhaka",Asy-Syura,42,27,27,False,"QS. Asy-Syura, 42:27"
Allah Subhanahu wa ta'ala,,248,Berbicara kepada Rasul-Nya lewat wahyu atau dari balik tirai,Asy-Syura,42,51,51,False,"QS. Asy-Syura, 42:51"
Allah Subhanahu wa ta'ala,,249,Menundukkan laut untuk manusia agar dapat berlayar,Al-Jatsiyah,45,12,12,False,"QS. Al-Jatsiyah, 45:12"
Allah Subhanahu wa ta'ala,,250,Memberikan contoh-contoh kepada manusia,Muhammad,47,3,3,False,"QS. Muhammad, 47:3"
Allah Subhanahu wa ta'ala,,251,Menguji manusia dengan sesamanya,Muhammad,47,4,4,False,"QS. Muhammad, 47:4"
Allah Subhanahu wa ta'ala,,252,Membinasakan golongan musyrik dan kafir,Muhammad,47,10,10,False,"QS. Muhammad, 47:10"
Allah Subhanahu wa ta'ala,,253,Tidak mengampuni dosa orang yang mati kafir,Muhammad,47,34,34,False,"QS. Muhammad, 47:34"
Allah Subhanahu wa ta'ala,,254,Bersama kaum mukmin,Muhammad,47,35,35,False,"QS. Muhammad, 47:35"
Allah Subhanahu wa ta'ala,,255,Mengampuni dosa Nabi saw.,Al-Fath,48,2,2,False,"QS. Al-Fath, 48:2"
Allah Subhanahu wa ta'ala,,256,Memiliki tentara di langit,Al-Fath,48,4,4,False,"QS. Al-Fath, 48:4"
Allah Subhanahu wa ta'ala,,257,Murka terhadap orang munafik,Al-Fath,48,6,6,False,"QS. Al-Fath, 48:6"
Allah Subhanahu wa ta'ala,,258,Memberi pahala yang baik kepada orang yang taat,Al-Fath,48,16,16,False,"QS. Al-Fath, 48:16"
Allah Subhanahu wa ta'ala,,259,Meridhai para sahabat yang ikut Bai’at Ridwan,Al-Fath,48,18,18,False,"QS. Al-Fath, 48:18"
Allah Subhanahu wa ta'ala,,260,Menjanjikan rampasan yang banyak kepada kaum mukmin,Al-Fath,48,20,20,False,"QS. Al-Fath, 48:20"
Allah Subhanahu wa ta'ala,,261,Menurunkan ketenangan kepada Rasul-Nya dan kaum mukmin,Al-Fath,48,26,26,False,"QS. Al-Fath, 48:26"
Allah Subhanahu wa ta'ala,,262,Membuktikan kebenaran mimpi Nabi-Nya,Al-Fath,48,27,27,False,"QS. Al-Fath, 48:27"
Allah Subhanahu wa ta'ala,,263,Menguji hati orang bertaqwa,Al-Hujurat,49,3,3,False,"QS. Al-Hujurat, 49:3"
Allah Subhanahu wa ta'ala,,264,Memberi rahmat orang beriman dengan hidayah-Nya,Al-Hujurat,49,17,17,False,"QS. Al-Hujurat, 49:17"
Allah Subhanahu wa ta'ala,,265,Mengetahui yang tersembunyi di langit dan di bumi,Al-Hujurat,49,18,18,False,"QS. Al-Hujurat, 49:18"
Allah Subhanahu wa ta'ala,,266,Menyelamatkan kaum mukmin dari adzab angin beracun,Ath-Thur,52,27,27,False,"QS. Ath-Thur, 52:27"
Allah Subhanahu wa ta'ala,,267,Menyertai kaum mukmin di mana saja dan kapan saja,Al-Hadid,57,4,4,False,"QS. Al-Hadid, 57:4"
Allah Subhanahu wa ta'ala,,268,Tidak menyukai kesombongan,Al-Hadid,57,23,23,False,"QS. Al-Hadid, 57:23"
Allah Subhanahu wa ta'ala,,269,Memberikan cahaya untuk menerangi orang mukmin berjalan,Al-Hadid,57,28,28,False,"QS. Al-Hadid, 57:28"
Allah Subhanahu wa ta'ala,,270,Mendengar keluhan istri yang mengadu kepada Nabi saw.,Al-Mujadilah,58,1,1,False,"QS. Al-Mujadilah, 58:1"
Allah Subhanahu wa ta'ala,,271,Melapangkan orang yang melapangkan orang lain dalam majlis,Al-Mujadilah,58,11,11,False,"QS. Al-Mujadilah, 58:11"
Allah Subhanahu wa ta'ala,,272,Menaikkan derajat orang beriman dan berilmu agama,Al-Mujadilah,58,11,11,False,"QS. Al-Mujadilah, 58:11"
Allah Subhanahu wa ta'ala,,273,Ridha kepada para sahabat Nabi saw.,Al-Mujadilah,58,22,22,False,"QS. Al-Mujadilah, 58:22"
Allah Subhanahu wa ta'ala,,274,Mendatangi pasukan mukmin dalam medan perang,Al-Hasyr,59,2,2,False,"QS. Al-Hasyr, 59:2"
Allah Subhanahu wa ta'ala,,275,Menangkan para rasul-Nya terhadap siapa yang dikehendaki-Nya,Al-Hasyr,59,6,6,False,"QS. Al-Hasyr, 59:6"
Allah Subhanahu wa ta'ala,,276,Memiliki sifat dan nama-nama yang baik,Al-Hasyr,59,24,24,False,"QS. Al-Hasyr, 59:24"
Allah Subhanahu wa ta'ala,,277,Adakalanya menjadikan musuh kaum mukmin jadi sahabatnya,Al-Mumtahanah,60,7,7,False,"QS. Al-Mumtahanah, 60:7"
Allah Subhanahu wa ta'ala,,278,Melarang berteman dengan kaum yang memerangi umat Islam,Al-Mumtahanah,60,8,8,False,"QS. Al-Mumtahanah, 60:8"
Allah Subhanahu wa ta'ala,,279,Menyesatkan hati orang yang suka berbuat sesat,Ash-Shaff,61,5,5,False,"QS. Ash-Shaff, 61:5"
Allah Subhanahu wa ta'ala,,280,Menyempurnakan Islam sekalipun kaum kafir benci,Ash-Shaff,61,8,8,False,"QS. Ash-Shaff, 61:8"
Allah Subhanahu wa ta'ala,,281,Menjadi saksi kebohongan kaum munafik,Al-Munafiqun,63,1,1,False,"QS. Al-Munafiqun, 63:1"
Allah Subhanahu wa ta'ala,,282,Membinasakan golongan munafik,Al-Munafiqun,63,4,4,False,"QS. Al-Munafiqun, 63:4"
Allah Subhanahu wa ta'ala,,283,Tidak mengampuni dosa orang yang mati munafik,Al-Munafiqun,63,6,6,False,"QS. Al-Munafiqun, 63:6"
Allah Subhanahu wa ta'ala,,284,Tidak mengundurkan kematian seseorang bila tiba waktunya,Al-Munafiqun,63,11,11,False,"QS. Al-Munafiqun, 63:11"
Allah Subhanahu wa ta'ala,,285,Melipatgandakan pahala-Nya kepada orang mukmin,At-Taghabun,64,17,17,False,"QS. At-Taghabun, 64:17"
Allah Subhanahu wa ta'ala,,286,Menetapkan segala sesuatu punya ukuran tertentu,Ath-Thalaq,65,3,3,False,"QS. Ath-Thalaq, 65:3"
Allah Subhanahu wa ta'ala,,287,Membukakan kemudahan setelah kesulitan,Ath-Thalaq,65,7,7,False,"QS. Ath-Thalaq, 65:7"
Allah Subhanahu wa ta'ala,,288,Menyediakan adzab pedih bagi kaum durhaka,Ath-Thalaq,65,10,10,False,"QS. Ath-Thalaq, 65:10"
Allah Subhanahu wa ta'ala,,289,Menurunkan tanda kebaikan kepada kaum mukmin,Ath-Thalaq,65,10,10,False,"QS. Ath-Thalaq, 65:10"
Allah Subhanahu wa ta'ala,,290,Menciptakan tujuh langit dan tujuh bumi,Ath-Thalaq,65,12,12,False,"QS. Ath-Thalaq, 65:12"
Allah Subhanahu wa ta'ala,,291,Pelindung kaum mukmin,At-Tahrim,66,2,2,False,"QS. At-Tahrim, 66:2"
Allah Subhanahu wa ta'ala,,292,Menjadikan istri Nabi Nuh pelajaran bagi kaum kafir,At-Tahrim,66,10,10,False,"QS. At-Tahrim, 66:10"
Allah Subhanahu wa ta'ala,,293,Menjadikan tujuh langit berlapis-lapis,Nuh,71,15,15,False,"QS. Nuh, 71:15"
Allah Subhanahu wa ta'ala,,294,Menumbuhkan tumbuhan di bumi,Nuh,71,17,17,False,"QS. Nuh, 71:17"
Allah Subhanahu wa ta'ala,,295,Menjadikan bumi terhampar,Nuh,71,19,19,False,"QS. Nuh, 71:19"
Allah Subhanahu wa ta'ala,,296,Menentukan ukuran siang dan malam,Al-Muzzammil,73,20,20,False,"QS. Al-Muzzammil, 73:20"
Allah Subhanahu wa ta'ala,,297,Menjadikan orang mukmin dari penderitaan,Al-Insan,76,11,11,False,"QS. Al-Insan, 76:11"
Allah Subhanahu wa ta'ala,,298,Menjadikan Fir’aun pelajaran bagi umat manusia sepanjang zaman,An-Nazi‘at,79,25,25,False,"QS. An-Nazi‘at, 79:25"
Allah Subhanahu wa ta'ala,,299,Menimpakan adzab berat kepada orang kafir di akhirat,Al-Ghasyiyah,88,24,24,False,"QS. Al-Ghasyiyah, 88:24"
Allah Subhanahu wa ta'ala,,300,Maha esa dan tempat segenap makhluk menggantungkan nasib,Al-Ikhlas,112,1,2,False,"QS. Al-Ikhlas, 112:1-2"
Allah Subhanahu wa ta'ala,,301,Mengaruniai anak laki-laki atau anak perempuan kepada siapa yang dikehendaki-Nya,Asy-Syura,42,49,49,False,"QS. Asy-Syura, 42:49"
Allah Subhanahu wa ta'ala,,302,Mengaruniai anak kembar laki-laki atau kembar perempuan kepada siapa yang dikehendaki-Nya,Asy-Syura,42,50,50,False,"QS. Asy-Syura, 42:50"
Allah Subhanahu wa ta'ala,,303,Menjadikan mandul siapa yang dikehendaki-Nya,Asy-Syura,42,50,50,False,"QS. Asy-Syura, 42:50"
Allah Subhanahu wa ta'ala,,304,Pemilik gudang-gudang kerajaan di langit dan di bumi,Asy-Syura,42,12,12,False,"QS. Asy-Syura, 42:12"
Allah Subhanahu wa ta'ala,,305,"Memberikan kekayaan melimpah kepada manusia, sekalipun manusia tetap durhaka dan berbuat dosa",Asy-Syura,42,27,27,False,"QS. Asy-Syura, 42:27"
Allah Subhanahu wa ta'ala,,306,Menjadikan perahu dan hewan untuk kendaraan manusia,Az-Zukhruf,43,12,12,False,"QS. Az-Zukhruf, 43:12"
Allah Subhanahu wa ta'ala,,307,Menjadikan kalimat tauhid tetap tinggal di tengah manusia,Az-Zukhruf,43,28,28,False,"QS. Az-Zukhruf, 43:28"
Allah Subhanahu wa ta'ala,,308,Menjadikan setan menemani manusia yang lupa kepada Allah,Az-Zukhruf,43,36,36,False,"QS. Az-Zukhruf, 43:36"
Allah Subhanahu wa ta'ala,,309,Tuhan di langit dan Tuhan di bumi,Az-Zukhruf,43,84,84,False,"QS. Az-Zukhruf, 43:84"
Allah Subhanahu wa ta'ala,,310,Memberikan penjelasan dengan bijaksana kepada manusia setiap perkara lewat Al-Qur’an,Ad-Dukhan,44,4,4,False,"QS. Ad-Dukhan, 44:4"
Allah Subhanahu wa ta'ala,,311,Menenggelamkan pasukan Fir’aun yang mengejar Musa di laut merah,Ad-Dukhan,44,23,24,False,"QS. Ad-Dukhan, 44:23-24"
Allah Subhanahu wa ta'ala,,312,Menjadikan Al-Qur’an dengan bahasa Arab supaya mudah dipaham,Ad-Dukhan,44,58,58,False,"QS. Ad-Dukhan, 44:58"
Allah Subhanahu wa ta'ala,,313,"Memberikan bukti kebenaran ada-Nya dengan menciptakan hewan melata, pergantian malam dan siang, menghidupkan bumi yang mati dan mengirimkan angin",Al-Jatsiyah,45,4,5,False,"QS. Al-Jatsiyah, 45:4-5"
Allah Subhanahu wa ta'ala,,314,Memudahkan manusia memanfaatkan apa yang ada di langit dan di bumi,Al-Jatsiyah,45,13,13,False,"QS. Al-Jatsiyah, 45:13"
Allah Subhanahu wa ta'ala,,315,Pemilik kebesaran di langit dan di bumi,Ad-Dukhan,44,37,37,False,"QS. Ad-Dukhan, 44:37"
Allah Subhanahu wa ta'ala,,316,Hanya menerima amal kebaikan dari orang-orang yang taat kepada-Nya semata,Al-Ahqaf,46,15,15,False,"QS. Al-Ahqaf, 46:15"
Allah Subhanahu wa ta'ala,,317,Telah membinasakan berbagai negeri sekitar Makkah,Ghafir,40,27,27,False,"QS. Ghafir, 40:27"
Allah Subhanahu wa ta'ala,,318,Menjadikan orang yang mati dalam jihad fi sabilillah terus menerus mendapat pahala,Muhammad,47,4,5,False,"QS. Muhammad, 47:4-5"
Allah Subhanahu wa ta'ala,,319,Menyuruh Nabi saw. mohonkan ampun bagi laki-laki dan perempuan mukmin,Muhammad,47,19,19,False,"QS. Muhammad, 47:19"
Allah Subhanahu wa ta'ala,,320,Menampakkan kedengkian kaum kafir kepada umat mukmin,Muhammad,47,29,30,False,"QS. Muhammad, 47:29-30"
Allah Subhanahu wa ta'ala,,321,Menjadikan hati orang mukmin tenang dan bertambah kuat imannya,Al-Fath,48,4,4,False,"QS. Al-Fath, 48:4"
Allah Subhanahu wa ta'ala,,322,Meridhai para sahabat Nabi saw. yang mengikuti Bai’at Ridwan,Al-Fath,48,18,18,False,"QS. Al-Fath, 48:18"
Allah Subhanahu wa ta'ala,,323,Menghalangi tangan-tangan kafir mengalahkan Nabi saw. dan para sahabatnya,Al-Fath,48,20,22,False,"QS. Al-Fath, 48:20-22"
Allah Subhanahu wa ta'ala,,324,Menangkan Islam atas agama-agama lain,Al-Fath,48,28,28,False,"QS. Al-Fath, 48:28"
Allah Subhanahu wa ta'ala,,325,Menjadikan orang mukmin cinta kepada iman dan benci kepada kekafiran,Al-Hujurat,49,7,7,False,"QS. Al-Hujurat, 49:7"
Allah Subhanahu wa ta'ala,,326,Memancangkan gunung-gunung di atas bumi,Qaf,50,7,7,False,"QS. Qaf, 50:7"
Allah Subhanahu wa ta'ala,,327,Menugaskan dua malaikat di kanan kiri manusia untuk mencatat amalnya,Qaf,50,17,17,False,"QS. Qaf, 50:17"
Allah Subhanahu wa ta'ala,,328,Menciptakan segala sesuatu berpasangan,Adz-Dzariyat,51,49,49,False,"QS. Adz-Dzariyat, 51:49"
Allah Subhanahu wa ta'ala,,329,Menyatukan keluarga yang beriman dengan anak keturunannya di surga pada hari akhirat,Ath-Thur,52,21,21,False,"QS. Ath-Thur, 52:21"
Muhammad Shallallahu alaihi wasallam,,1,Rasul Allah,Ali Imran,3,144,144,False,"QS. Ali Imran, 3:144"
Muhammad Shallallahu alaihi wasallam,,2,Menyampaikan kabar gembira dan ancaman,Al-Baqarah,2,119,119,False,"QS. Al-Baqarah, 2:119"
Muhammad Shallallahu alaihi wasallam,,3,"Karena rahmat Allah, sikapnya santun",Ali Imran,3,159,159,False,"QS. Ali Imran, 3:159"
Muhammad Shallallahu alaihi wasallam,,4,Diberi Al-Qur’an untuk menyelesaikan problema manusia dengan benar,An-Nisa,4,105,105,False,"QS. An-Nisa, 4:105"
Muhammad Shallallahu alaihi wasallam,,5,Disuruh sampaikan agama Allah apa adanya,Al-Maidah,5,67,67,False,"QS. Al-Maidah, 5:67"
Muhammad Shallallahu alaihi wasallam,,6,Tidak memiliki ilmu tentang alam ghaib yang jadi perselisihan manusia,Sad,38,69,69,False,"QS. Sad, 38:69"
Muhammad Shallallahu alaihi wasallam,,7,Disuruh menjadi muslim pertama,Al-An’am,6,14,14,False,"QS. Al-An’am, 6:14"
Muhammad Shallallahu alaihi wasallam,,8,Menjadi rasul Allah kepada seluruh umat manusia,Al-A’raf,7,158,158,False,"QS. Al-A’raf, 7:158"
Muhammad Shallallahu alaihi wasallam,,9,Diturunkan Al-Qur’an kepadanya untuk dijelaskan kepada segenap manusia,An-Nahl,16,64,64,False,"QS. An-Nahl, 16:64"
Muhammad Shallallahu alaihi wasallam,,10,"Manusia biasa, tetapi diberi wahyu oleh Allah",Al-Kahf,18,110,110,False,"QS. Al-Kahf, 18:110"
Muhammad Shallallahu alaihi wasallam,,11,Menjadi rahmat bagi seluruh alam,Al-Anbiya,21,107,107,False,"QS. Al-Anbiya, 21:107"
Muhammad Shallallahu alaihi wasallam,,12,"Bukan rasul Allah yang baru, yang sebelumnya tidak ada",Al-Ahqaf,46,9,9,False,"QS. Al-Ahqaf, 46:9"
Muhammad Shallallahu alaihi wasallam,,13,Disuruh menyembah Tuhan penguasa negeri Makkah,An-Naml,27,91,91,False,"QS. An-Naml, 27:91"
Muhammad Shallallahu alaihi wasallam,,14,Disuruh bacakan Al-Qur’an kepada umat manusia,An-Naml,27,92,92,False,"QS. An-Naml, 27:92"
Muhammad Shallallahu alaihi wasallam,,15,Rasul Allah terakhir atau penutup,Al-Ahzab,33,40,40,False,"QS. Al-Ahzab, 33:40"
Muhammad Shallallahu alaihi wasallam,,16,Menjadi pengajak seluruh manusia ke jalan Allah,Al-Ahzab,33,46,46,False,"QS. Al-Ahzab, 33:46"
Muhammad Shallallahu alaihi wasallam,,17,Disuruh senangkan hati kaum mukmin,Al-Ahzab,33,47,47,False,"QS. Al-Ahzab, 33:47"
Muhammad Shallallahu alaihi wasallam,,18,Menyampaikan peringatan Allah kepada bangsa Arab,Al-Insan,76,6,6,False,"QS. Al-Insan, 76:6"
Muhammad Shallallahu alaihi wasallam,,19,Tidak diajari syair oleh Allah,Ya-Sin,36,69,69,False,"QS. Ya-Sin, 36:69"
Muhammad Shallallahu alaihi wasallam,,20,Dadanya dilapangkan oleh Allah dan bebannya diringankan,Asy-Syarh,94,1,3,False,"QS. Asy-Syarh, 94:1-3"
Muhammad Shallallahu alaihi wasallam,,21,Namanya diharumkan oleh Allah sampai kiamat,Asy-Syarh,94,4,4,False,"QS. Asy-Syarh, 94:4"
Muhammad Shallallahu alaihi wasallam,,22,Dikabarkan kedatangannya oleh Nabi Isa as.,As-Saff,61,6,6,False,"QS. As-Saff, 61:6"
Muhammad Shallallahu alaihi wasallam,,23,"Tugasnya hanya menyampaikan ajaran Ilahi, bukan harus memaksa manusia masuk Islam",Ar-Ra’d,13,40,40,False,"QS. Ar-Ra’d, 13:40"
Muhammad Shallallahu alaihi wasallam,,24,Ditolak kerasulannya oleh kaum kafir,Ar-Ra’d,13,43,43,False,"QS. Ar-Ra’d, 13:43"
Muhammad Shallallahu alaihi wasallam,,25,Dilarang taat kepada orang kafir dan munafik,Al-Ahzab,33,48,48,False,"QS. Al-Ahzab, 33:48"
Muhammad Shallallahu alaihi wasallam,,26,Diberi kitab Al-Qur’an berbahasa Arab,Asy-Syura,42,7,7,False,"QS. Asy-Syura, 42:7"
Muhammad Shallallahu alaihi wasallam,,27,Dituduh melakukan sihir,Al-Anbiya,21,3,3,False,"QS. Al-Anbiya, 21:3"
Muhammad Shallallahu alaihi wasallam,,28,Makan seperti manusia biasa dan berjalan di pasar,Al-Furqan,25,7,7,False,"QS. Al-Furqan, 25:7"
Muhammad Shallallahu alaihi wasallam,,29,Disebut oleh kaum kafir dengan macam-macam sebutan,Al-Furqan,25,9,9,False,"QS. Al-Furqan, 25:9"
Muhammad Shallallahu alaihi wasallam,,30,Tidak minta upah kepada kaumnya dalam berdakwah,Al-Furqan,25,57,57,False,"QS. Al-Furqan, 25:57"
Muhammad Shallallahu alaihi wasallam,,31,Diberi wahyu oleh Allah seperti halnya Nabi Nuh As,An-Nisa,4,163,163,False,"QS. An-Nisa, 4:163"
Muhammad Shallallahu alaihi wasallam,,32,Disuruh bersabar menyampaikan dakwah,Al-Qalam,68,48,48,False,"QS. Al-Qalam, 68:48"
Muhammad Shallallahu alaihi wasallam,,33,Diberi ruh oleh Allah untuk memberi petunjuk manusia ke jalan Allah,Asy-Syura,42,52,52,False,"QS. Asy-Syura, 42:52"
Muhammad Shallallahu alaihi wasallam,,34,Tidak sesat dan tidak bingung,An-Najm,53,2,2,False,"QS. An-Najm, 53:2"
Muhammad Shallallahu alaihi wasallam,,35,Tidak bicara dengan hawa nafsunya,An-Najm,53,3,3,False,"QS. An-Najm, 53:3"
Muhammad Shallallahu alaihi wasallam,,36,Diajari agama oleh Allah Yang Maha Perkasa,An-Najm,53,5,5,False,"QS. An-Najm, 53:5"
Muhammad Shallallahu alaihi wasallam,,37,Pernah berada dekat Sidratul Muntaha ketika malam mi’raj,An-Najm,53,7,14,False,"QS. An-Najm, 53:7-14"
Muhammad Shallallahu alaihi wasallam,,38,Disuruh melakukan mubahalah dengan orang-orang yang mendustakan kerasulannya,Ali Imran,3,61,61,False,"QS. Ali Imran, 3:61"
Muhammad Shallallahu alaihi wasallam,,39,Diminta orang kafir datangkan Al-Qur’an yang lain,Yunus,10,15,15,False,"QS. Yunus, 10:15"
Muhammad Shallallahu alaihi wasallam,,40,Ditolak kerasulannya oleh orang Yahudi sampai ia dapat memperlihatkan korban yang dimakan api,Ali Imran,3,183,183,False,"QS. Ali Imran, 3:183"
Muhammad Shallallahu alaihi wasallam,,41,Diminta oleh kaum kafir datangkan mukjizat sesuai selera mereka,Ar-Ra’d,13,27,27,False,"QS. Ar-Ra’d, 13:27"
Muhammad Shallallahu alaihi wasallam,,42,Nyaris meninggalkan ayat-ayat tertentu yang ditolak kaum kafir,Hud,11,12,12,False,"QS. Hud, 11:12"
Muhammad Shallallahu alaihi wasallam,,43,Diminta oleh kaum kafir untuk mendatangkan mukjizat sesuai selera mereka,Ar-Ra’d,13,27,27,False,"QS. Ar-Ra’d, 13:27"
Muhammad Shallallahu alaihi wasallam,,44,Dituduh menyampaikan dongeng kosong atau sekedar penyair,Al-Anbiya,21,5,5,False,"QS. Al-Anbiya, 21:5"
Muhammad Shallallahu alaihi wasallam,,45,Ditanyai tentang pastinya hari kiamat,Al-A’raf,7,187,187,False,"QS. Al-A’raf, 7:187"
Muhammad Shallallahu alaihi wasallam,,46,Dituduh kaum kafir dapat pelajaran dari seseorang,An-Nahl,16,103,103,False,"QS. An-Nahl, 16:103"
Muhammad Shallallahu alaihi wasallam,,47,Tidak dapat menjadikan orang mati dapat mendengar,Fatir,35,22,22,False,"QS. Fatir, 35:22"
Muhammad Shallallahu alaihi wasallam,,48,Tidak diutus untuk mengawasi kaum kafir,Asy-Syura,42,48,48,False,"QS. Asy-Syura, 42:48"
Muhammad Shallallahu alaihi wasallam,,49,Disuruh memberi maaf kaum kafir yang mengejeknya,Az-Zukhruf,43,89,89,False,"QS. Az-Zukhruf, 43:89"
Muhammad Shallallahu alaihi wasallam,,50,Bukan dukun dan bukan orang gila,Ath-Thur,52,29,29,False,"QS. Ath-Thur, 52:29"
Muhammad Shallallahu alaihi wasallam,,51,Bacaan Al-Qur’annya dikuping secara sembunyi oleh beberapa tokoh Quraisy,Yunus,10,42,42,False,"QS. Yunus, 10:42"
Muhammad Shallallahu alaihi wasallam,,52,"Tidak memberi petunjuk orang yang sesat, tetapi hanya kepada orang yang beriman",Ar-Rum,30,52,52,False,"QS. Ar-Rum, 30:52"
Muhammad Shallallahu alaihi wasallam,,53,Dibenci oleh kaum Yahudi dan Nasrani,Al-Baqarah,2,120,120,False,"QS. Al-Baqarah, 2:120"
Muhammad Shallallahu alaihi wasallam,,54,Dipandang pembawa sial oleh kaum musyrikin,An-Nisa,4,78,78,False,"QS. An-Nisa, 4:78"
Muhammad Shallallahu alaihi wasallam,,55,Diutus sebagai rasul setelah masa vakum kerasulan,Al-Maidah,5,19,19,False,"QS. Al-Maidah, 5:19"
Muhammad Shallallahu alaihi wasallam,,56,Telah dikenal dengan baik oleh kaum ahli kitab,Al-An’am,6,20,20,False,"QS. Al-An’am, 6:20"
Muhammad Shallallahu alaihi wasallam,,57,Dijauhi oleh ahli kitab,Al-An’am,6,26,26,False,"QS. Al-An’am, 6:26"
Muhammad Shallallahu alaihi wasallam,,58,Disenangi oleh sebagian ahli kitab,Ar-Ra’d,13,36,36,False,"QS. Ar-Ra’d, 13:36"
Muhammad Shallallahu alaihi wasallam,,59,Memberikan petunjuk dengan wahyu Allah,Saba,34,50,50,False,"QS. Saba, 34:50"
Muhammad Shallallahu alaihi wasallam,,60,Dijaga oleh Allah dari kejaran kaum musyrik,Ya-Sin,36,8,8,False,"QS. Ya-Sin, 36:8"
Muhammad Shallallahu alaihi wasallam,,61,Hanya memberi petunjuk kepada orang yang takut kepada Allah,Ya-Sin,36,11,11,False,"QS. Ya-Sin, 36:11"
Muhammad Shallallahu alaihi wasallam,,62,Disuruh berpegang teguh pada wahyu Allah,Az-Zukhruf,43,43,43,False,"QS. Az-Zukhruf, 43:43"
Muhammad Shallallahu alaihi wasallam,,63,Membacakan ayat-ayat Allah kepada umat manusia,At-Talaq,65,11,11,False,"QS. At-Talaq, 65:11"
Muhammad Shallallahu alaihi wasallam,,64,Dikembalikan hidup setelah wafatnya,Al-Qashash,28,85,85,False,"QS. Al-Qashash, 28:85"
Muhammad Shallallahu alaihi wasallam,,65,Diberi wahyu bahwa Allah itu Tuhan Maha Esa,Al-Anbiya,21,108,108,False,"QS. Al-Anbiya, 21:108"
Muhammad Shallallahu alaihi wasallam,,66,Dianggap memurtadkan orang Quraisy dari agamanya,Saba,34,43,43,False,"QS. Saba, 34:43"
Muhammad Shallallahu alaihi wasallam,,67,Disuruh memperingatkan bahwa Tuhan itu hanya esa,Saba,34,46,46,False,"QS. Saba, 34:46"
Muhammad Shallallahu alaihi wasallam,,68,Disuruh menyatakan bahwa Tuhanlah yang menurunkan kebenaran,Saba,34,48,48,False,"QS. Saba, 34:48"
Muhammad Shallallahu alaihi wasallam,,69,Tidak menyaksikan kehadiran Musa di lembah Thursina,Al-Qashash,28,44,44,False,"QS. Al-Qashash, 28:44"
Muhammad Shallallahu alaihi wasallam,,70,Mengetahui kisah Musa di Thursina dari wahyu Allah,Al-Qashash,28,46,46,False,"QS. Al-Qashash, 28:46"
Muhammad Shallallahu alaihi wasallam,,71,Tidak menjadi pelindung manusia,Al-An’am,6,107,107,False,"QS. Al-An’am, 6:107"
Muhammad Shallallahu alaihi wasallam,,72,Semua istrinya menjadi ibu kaum muslimin,Al-Ahzab,33,6,6,False,"QS. Al-Ahzab, 33:6"
Muhammad Shallallahu alaihi wasallam,,73,Dirahasiakan namanya oleh sebagian ahli kitab,Al-Baqarah,2,146,146,False,"QS. Al-Baqarah, 2:146"
Muhammad Shallallahu alaihi wasallam,,74,Tidak memiliki kekuasaan memberi manfaat atau mencegah bencana atas dirinya,Al-A’raf,7,188,188,False,"QS. Al-A’raf, 7:188"
Muhammad Shallallahu alaihi wasallam,,75,Tidak pernah menyekutukan Tuhannya,Al-Jinn,72,20,20,False,"QS. Al-Jinn, 72:20"
Muhammad Shallallahu alaihi wasallam,,76,Namanya tercantum dalam Taurat dan Injil,Al-A’raf,7,157,157,False,"QS. Al-A’raf, 7:157"
Muhammad Shallallahu alaihi wasallam,,77,Diutus kepada bangsa buta huruf,Al-Jumu’ah,62,2,2,False,"QS. Al-Jumu’ah, 62:2"
Muhammad Shallallahu alaihi wasallam,,78,Orang yang buta huruf,Al-Ankabut,29,48,48,False,"QS. Al-Ankabut, 29:48"
Muhammad Shallallahu alaihi wasallam,,79,Menjadi rujukan untuk menyelesaikan perselisihan,An-Nisa,4,59,59,False,"QS. An-Nisa, 4:59"
Muhammad Shallallahu alaihi wasallam,,80,Menjadi tolok ukur kebenaran iman seseorang,An-Nisa,4,65,65,False,"QS. An-Nisa, 4:65"
Muhammad Shallallahu alaihi wasallam,,81,Dilarang mengikuti hawa nafsu manusia,Al-Maidah,5,49,49,False,"QS. Al-Maidah, 5:49"
Muhammad Shallallahu alaihi wasallam,,82,Terus dikejar kaum kafir untuk disesatkan,An-Nisa,4,113,113,False,"QS. An-Nisa, 4:113"
Muhammad Shallallahu alaihi wasallam,,83,Menjadi saksi bagi semua rasul Allah,An-Nisa,4,41,41,False,"QS. An-Nisa, 4:41"
Muhammad Shallallahu alaihi wasallam,,84,Bukan tukang paksa,Al-Ghashiyah,88,22,22,False,"QS. Al-Ghashiyah, 88:22"
Muhammad Shallallahu alaihi wasallam,,85,Diberikan status untuk ditaati kaum muslimin,Ali Imran,3,31,31,False,"QS. Ali Imran, 3:31"
Muhammad Shallallahu alaihi wasallam,,86,Bila ditaati maka yang menaati dicintai Allah,An-Nisa,4,80,80,False,"QS. An-Nisa, 4:80"
Muhammad Shallallahu alaihi wasallam,,87,Disuruh menjauhi kaum munafik,An-Nisa,4,81,81,False,"QS. An-Nisa, 4:81"
Muhammad Shallallahu alaihi wasallam,,88,Tidak boleh ditentang,At-Taubah,9,63,63,False,"QS. At-Taubah, 9:63"
Muhammad Shallallahu alaihi wasallam,,89,Harus didengar dan ditaati,An-Nur,24,51,51,False,"QS. An-Nur, 24:51"
Muhammad Shallallahu alaihi wasallam,,90,Bila ditaati maka pelakunya dapat kebahagiaan di akhirat,An-Nur,24,52,52,False,"QS. An-Nur, 24:52"
Muhammad Shallallahu alaihi wasallam,,91,Membawa perintah yang harus ditaati oleh kaum muslim dan larangan yang harus mereka jauhi,Al-Hasyr,59,7,7,False,"QS. Al-Hasyr, 59:7"
Muhammad Shallallahu alaihi wasallam,,92,Orang yang menentang Rasulullah saw dijadikan hina oleh Allah,Al-Mujadilah,58,20,20,False,"QS. Al-Mujadilah, 58:20"
Muhammad Shallallahu alaihi wasallam,,93,Disuruh memintakan ampun untuk kaum perempuan yang membaiat beliau,Al-Mumtahanah,60,12,12,False,"QS. Al-Mumtahanah, 60:12"
Muhammad Shallallahu alaihi wasallam,,94,Merasa sangat sedih melihat penderitaan kaum muslimin,At-Taubah,9,128,128,False,"QS. At-Taubah, 9:128"
Muhammad Shallallahu alaihi wasallam,,95,Putus asa bila ajarannya tidak diimani oleh manusia,Al-Kahfi,18,6,6,False,"QS. Al-Kahfi, 18:6"
Muhammad Shallallahu alaihi wasallam,,96,Disuruh bersabar menghadapi pengingkaran manusia,Ya-Sin,36,35,35,False,"QS. Ya-Sin, 36:35"
Muhammad Shallallahu alaihi wasallam,,97,Diminta kaumnya mendatangkan malaikat,Al-Hijr,15,7,7,False,"QS. Al-Hijr, 15:7"
Muhammad Shallallahu alaihi wasallam,,98,Dilecehkan kaumnya dengan bermacam sindiran kiasan,Al-Isra,17,48,48,False,"QS. Al-Isra, 17:48"
Muhammad Shallallahu alaihi wasallam,,99,Diolok-olok kaum kafir,Al-Anbiya,21,36,36,False,"QS. Al-Anbiya, 21:36"
Muhammad Shallallahu alaihi wasallam,,100,Disuruh mengingatkan kelalaian manusia lewat Al-Qur’an,Al-Anbiya,21,45,45,False,"QS. Al-Anbiya, 21:45"
Muhammad Shallallahu alaihi wasallam,,101,Dianggap oleh kaum kafir menyesatkan agama mereka,Al-Furqan,25,42,42,False,"QS. Al-Furqan, 25:42"
Muhammad Shallallahu alaihi wasallam,,102,Tidak dijadikan pelindung orang sesat,Al-Furqan,25,43,43,False,"QS. Al-Furqan, 25:43"
Muhammad Shallallahu alaihi wasallam,,103,Diberitahu bahwa orang kafir lebih bodoh dari hewan,Al-Furqan,25,44,44,False,"QS. Al-Furqan, 25:44"
Muhammad Shallallahu alaihi wasallam,,104,Tidak dijadikan gila,Al-Qalam,68,2,2,False,"QS. Al-Qalam, 68:2"
Muhammad Shallallahu alaihi wasallam,,105,Diberi pahala tiada henti,Al-Qalam,68,3,3,False,"QS. Al-Qalam, 68:3"
Muhammad Shallallahu alaihi wasallam,,106,Akhlaknya sangat luhur,Al-Qalam,68,4,4,False,"QS. Al-Qalam, 68:4"
Muhammad Shallallahu alaihi wasallam,,107,Dicela dan dihujat karena pembagian sedekah,At-Taubah,9,58,58,False,"QS. At-Taubah, 9:58"
Muhammad Shallallahu alaihi wasallam,,108,Disakiti dan diganggu golongan munafik,At-Taubah,9,61,61,False,"QS. At-Taubah, 9:61"
Muhammad Shallallahu alaihi wasallam,,109,Didustakan oleh kaumnya sendiri,Al-Hajj,22,42,42,False,"QS. Al-Hajj, 22:42"
Muhammad Shallallahu alaihi wasallam,,110,Diberi salam oleh kaum munafik dengan ucapan salam bukan salam Islam,Al-Mujadilah,58,8,8,False,"QS. Al-Mujadilah, 58:8"
Muhammad Shallallahu alaihi wasallam,,111,Disuruh bertanya kepada ulama ahli kitab bila ragu jadi rasul,Yunus,10,94,94,False,"QS. Yunus, 10:94"
Muhammad Shallallahu alaihi wasallam,,112,Difitnah oleh kaum kafir agar meninggalkan Al-Qur’an,Al-Isra,17,73,73,False,"QS. Al-Isra, 17:73"
Muhammad Shallallahu alaihi wasallam,,113,Diteguhkan oleh Allah untuk tetap pada iman yang hak,Al-Isra,17,74,74,False,"QS. Al-Isra, 17:74"
Muhammad Shallallahu alaihi wasallam,,114,Akan disiksa oleh Allah berlipat ganda jika mengikuti kehendak kaum kafir,Al-Isra,17,75,75,False,"QS. Al-Isra, 17:75"
Muhammad Shallallahu alaihi wasallam,,115,Diusir oleh kaumnya dari negerinya sendiri,Al-Isra,17,76,76,False,"QS. Al-Isra, 17:76"
Muhammad Shallallahu alaihi wasallam,,116,Dimusuhi dengan sengit oleh Abu Lahab dan istrinya,Al-Masad,111,1,5,False,"QS. Al-Masad, 111:1-5"
Muhammad Shallallahu alaihi wasallam,,117,Ditolong Allah dari kejaran musuh ketika sembunyi di gua Tsaur,At-Taubah,9,40,40,False,"QS. At-Taubah, 9:40"
Muhammad Shallallahu alaihi wasallam,,118,Disuruh memperingatkan kaum munafik untuk berhenti mengganggu beliau,Al-Ahzab,33,60,60,False,"QS. Al-Ahzab, 33:60"
Muhammad Shallallahu alaihi wasallam,,119,Disuruh memperingatkan para istrinya adanya adzab berlipat ganda bila mereka berbuat keji,Al-Ahzab,33,30,30,False,"QS. Al-Ahzab, 33:30"
Muhammad Shallallahu alaihi wasallam,,120,"Disuruh menceraikan istrinya dengan baik, bila mereka memilih kesenangan duniawi",Al-Ahzab,33,28,28,False,"QS. Al-Ahzab, 33:28"
Muhammad Shallallahu alaihi wasallam,,121,Disuruh memberitahu para istrinya akan mendapat pahala berlipat ganda bila taat kepada Allah dan Rasul-Nya,Al-Ahzab,33,31,31,False,"QS. Al-Ahzab, 33:31"
Muhammad Shallallahu alaihi wasallam,,122,Para istrinya tidak boleh berkata dengan suara rendah bila bicara dengan lelaki lain,Al-Ahzab,33,32,32,False,"QS. Al-Ahzab, 33:32"
Muhammad Shallallahu alaihi wasallam,,123,Para istrinya disuruh tinggal di rumah dan tidak boleh keluar dengan berdandan,Al-Ahzab,33,33,33,False,"QS. Al-Ahzab, 33:33"
Muhammad Shallallahu alaihi wasallam,,124,Dilarang menikah lagi dan mengganti istri yang ada dengan perempuan lain,Al-Ahzab,33,52,52,False,"QS. Al-Ahzab, 33:52"
Muhammad Shallallahu alaihi wasallam,,125,"Disuruh memerintahkan kepada para istrinya, anak perempuannya dan seluruh wanita mukmin berjilbab",Al-Ahzab,33,59,59,False,"QS. Al-Ahzab, 33:59"
Muhammad Shallallahu alaihi wasallam,,126,Dilarang mengharamkan sesuatu yang Allah halalkan,At-Tahrim,66,1,1,False,"QS. At-Tahrim, 66:1"
Muhammad Shallallahu alaihi wasallam,,127,Pernah berbicara secara rahasia dengan salah seorang istrinya,At-Tahrim,66,3,3,False,"QS. At-Tahrim, 66:3"
Muhammad Shallallahu alaihi wasallam,,128,"Jika menceraikan istri-istrinya yang ada, Allah akan menggantinya yang lebih baik",At-Tahrim,66,5,5,False,"QS. At-Tahrim, 66:5"
Muhammad Shallallahu alaihi wasallam,,129,Salah seorang istrinya pernah difitnah oleh sekelompok umat Islam,At-Tahrim,66,11,11,False,"QS. At-Tahrim, 66:11"
Muhammad Shallallahu alaihi wasallam,,130,"Jika engkau berangan-angan, maka setan akan masuk pada dirimu",Al-Hajj,22,52,52,False,"QS. Al-Hajj, 22:52"
Muhammad Shallallahu alaihi wasallam,,131,Didebat oleh sebagian orang beriman yang takut mati,Al-Anfal,8,64,64,False,"QS. Al-Anfal, 8:64"
Muhammad Shallallahu alaihi wasallam,,132,Dijanjikan oleh Allah akan bertemu di medan perang dengan salah satu musuh Islam,Al-Anfal,8,7,7,False,"QS. Al-Anfal, 8:7"
Muhammad Shallallahu alaihi wasallam,,133,Diutus untuk memproklamirkan kebenaran Islam,Al-Fath,48,28,28,False,"QS. Al-Fath, 48:28"
Muhammad Shallallahu alaihi wasallam,,134,"Beserta para sahabatnya keras kepada orang kafir, lemah lembut kepada sesama mukmin",Al-Fath,48,29,29,False,"QS. Al-Fath, 48:29"
Muhammad Shallallahu alaihi wasallam,,135,Diperlihatkan bukti kebenaran sebagian janji Allah,Ghafir,40,77,77,False,"QS. Ghafir, 40:77"
Muhammad Shallallahu alaihi wasallam,,136,Memperoleh mukjizat dengan izin Allah,Ghafir,40,78,78,False,"QS. Ghafir, 40:78"
Muhammad Shallallahu alaihi wasallam,,137,Di hadapannya orang-orang mukmin tidak boleh bersuara keras,Al-Hujurat,49,2,2,False,"QS. Al-Hujurat, 49:2"
Muhammad Shallallahu alaihi wasallam,,138,Tidak boleh dipanggil dari belakang tirai,Al-Hujurat,49,4,4,False,"QS. Al-Hujurat, 49:4"
Muhammad Shallallahu alaihi wasallam,,139,Rumahnya tidak boleh dimasuki tanpa izinnya lebih dulu,Al-Ahzab,33,53,53,False,"QS. Al-Ahzab, 33:53"
Muhammad Shallallahu alaihi wasallam,,140,Dimohonkan rahmat kepada Allah oleh para malaikat,Al-Ahzab,33,56,56,False,"QS. Al-Ahzab, 33:56"
Muhammad Shallallahu alaihi wasallam,,141,Tidak boleh dipanggil seperti panggilan kepada orang lain,An-Nur,24,63,63,False,"QS. An-Nur, 24:63"
Muhammad Shallallahu alaihi wasallam,,142,Tidak boleh keberatan menjalankan sesuatu yang diperintahkan Allah,Al-Ahzab,33,38,38,False,"QS. Al-Ahzab, 33:38"
Muhammad Shallallahu alaihi wasallam,,143,Diberi hak memperoleh bagian rampasan perang,Al-Anfal,8,1,1,False,"QS. Al-Anfal, 8:1"
Muhammad Shallallahu alaihi wasallam,,144,Memperoleh seperlima bagian rampasan perang,Al-Anfal,8,41,41,False,"QS. Al-Anfal, 8:41"
Muhammad Shallallahu alaihi wasallam,,145,Diperintah bangun untuk shalat Lail,Al-Muzzammil,73,1,3,False,"QS. Al-Muzzammil, 73:1-3"
Muhammad Shallallahu alaihi wasallam,,146,Diperintahkan baca Al-Qur’an dengan tartil,Al-Muzzammil,73,4,4,False,"QS. Al-Muzzammil, 73:4"
Muhammad Shallallahu alaihi wasallam,,147,Akan diberi titah yang berat,Al-Muzzammil,73,5,5,False,"QS. Al-Muzzammil, 73:5"
Muhammad Shallallahu alaihi wasallam,,148,Disuruh menyendiri kepada Tuhannya,Al-Muzzammil,73,9,9,False,"QS. Al-Muzzammil, 73:9"
Muhammad Shallallahu alaihi wasallam,,149,Diisra’kan oleh Allah dari Masjidil Haram ke Baitul Maqdis,Al-Isra,17,1,1,False,"QS. Al-Isra, 17:1"
Muhammad Shallallahu alaihi wasallam,,150,Diperdayakan oleh kaum kafir untuk dibunuh atau diusir dari Madinah,Al-Anfal,8,30,30,False,"QS. Al-Anfal, 8:30"
Muhammad Shallallahu alaihi wasallam,,151,Diperintahkan bersikap rendah hati kepada kaum mukmin,Al-Hijr,15,87,87,False,"QS. Al-Hijr, 15:87"
Muhammad Shallallahu alaihi wasallam,,152,Disuruh menyampaikan dakwah dengan terus terang dan mengabaikan golongan musyrik,Al-Hijr,15,94,94,False,"QS. Al-Hijr, 15:94"
Muhammad Shallallahu alaihi wasallam,,153,Dipelihara dari gangguan para peleceh ajarannya,Al-Hijr,15,95,95,False,"QS. Al-Hijr, 15:95"
Muhammad Shallallahu alaihi wasallam,,154,Merasa sesak dada menghadapi celoteh golongan musyrik,Al-Hijr,15,97,97,False,"QS. Al-Hijr, 15:97"
Muhammad Shallallahu alaihi wasallam,,155,Disuruh memuji Allah dan sujud kepada-Nya,Al-Hijr,15,98,98,False,"QS. Al-Hijr, 15:98"
Muhammad Shallallahu alaihi wasallam,,156,Disuruh beribadah kepada Allah sampai datang maut,Al-Hijr,15,99,99,False,"QS. Al-Hijr, 15:99"
Muhammad Shallallahu alaihi wasallam,,157,Diusir oleh kaumnya dari Makkah,Muhammad,47,13,13,False,"QS. Muhammad, 47:13"
Muhammad Shallallahu alaihi wasallam,,158,Diganggu oleh kaum munafik dan para penghasut di kota Madinah,Al-Ahzab,33,60,60,False,"QS. Al-Ahzab, 33:60"
Muhammad Shallallahu alaihi wasallam,,159,Tobatnya bersama kaum Muhajirin dan Anshar diterima oleh Allah,At-Taubah,9,117,117,False,"QS. At-Taubah, 9:117"
Muhammad Shallallahu alaihi wasallam,,160,Tidak akan menemukan perubahan pada ketetapan Allah,Fatir,35,43,43,False,"QS. Fatir, 35:43"
Muhammad Shallallahu alaihi wasallam,,161,Disuruh memperingatkan adanya adzab Allah kepada mereka yang ingkar pada agama Allah,Fussilat,41,13,13,False,"QS. Fussilat, 41:13"
Muhammad Shallallahu alaihi wasallam,,162,Disuruh mengingat kasus kaum ‘Ad,Al-Ahqaf,46,21,21,False,"QS. Al-Ahqaf, 46:21"
Muhammad Shallallahu alaihi wasallam,,163,Diberi Al-Qur’an untuk dijelaskan kepada umat manusia,An-Nahl,16,44,44,False,"QS. An-Nahl, 16:44"
Muhammad Shallallahu alaihi wasallam,,164,Tidak diberitahu tentang kisah sebagian Rasul Allah,An-Nisa,4,164,164,False,"QS. An-Nisa, 4:164"
Muhammad Shallallahu alaihi wasallam,,165,Diberitahu bahwa setiap nabi punya musuh dari golongan manusia dan jin,Al-An’am,6,112,112,False,"QS. Al-An’am, 6:112"
Muhammad Shallallahu alaihi wasallam,,166,"Jika membaca Al-Qur’an, kaum kafir dijadikan tidak mengerti isinya",Al-Isra,17,45,45,False,"QS. Al-Isra, 17:45"
Muhammad Shallallahu alaihi wasallam,,167,Tidak bisa memberi hidayah kepada orang yang ia cintai tanpa izin Allah,Al-Qashash,28,58,58,False,"QS. Al-Qashash, 28:58"
Muhammad Shallallahu alaihi wasallam,,168,Disuruh menyatakan bahwa Allahlah yang melapangkan atau menyempitkan rizki seseorang,Saba,34,39,39,False,"QS. Saba, 34:39"
Muhammad Shallallahu alaihi wasallam,,169,Disuruh memperhatikan manusia yang bertuhan kepada hawa nafsunya,Al-Jatsiyah,45,23,23,False,"QS. Al-Jatsiyah, 45:23"
Muhammad Shallallahu alaihi wasallam,,170,Tuhanmu Maha memberi ampunan kepada orang yang berbuat dzalim bila ia bertaubat,Ar-Ra’d,13,6,6,False,"QS. Ar-Ra’d, 13:6"
Muhammad Shallallahu alaihi wasallam,,171,Sebelum ini telah ada beberapa orang Rasul Allah,Ar-Rum,30,47,47,False,"QS. Ar-Rum, 30:47"
Muhammad Shallallahu alaihi wasallam,,172,Mohon agar Allah memperlihatkan kepadanya adzab yang dijanjikan kepada orang kafir,Az-Zukhruf,43,42,42,False,"QS. Az-Zukhruf, 43:42"
Muhammad Shallallahu alaihi wasallam,,173,Disuruh memperhatikan kepatuhan benda-benda di langit dan bumi kepada Allah,An-Nur,24,41,41,False,"QS. An-Nur, 24:41"
Muhammad Shallallahu alaihi wasallam,,174,Engkau tidak akan mendapati kekurangan pada ciptaan Allah,Al-Mulk,67,3,3,False,"QS. Al-Mulk, 67:3"
Muhammad Shallallahu alaihi wasallam,,175,Disuruh menyadari bahwa Allah itu Maha tahu apa saja yang ada di langit dan di bumi,Al-Hajj,22,70,70,False,"QS. Al-Hajj, 22:70"
Muhammad Shallallahu alaihi wasallam,,176,"Disuruh memperhatikan adanya tujuan yang hak Allah ciptakan langit, bumi dan segala isinya",Ibrahim,14,19,19,False,"QS. Ibrahim, 14:19"
Muhammad Shallallahu alaihi wasallam,,177,Tuhanmu akan mengumpulkan manusia pada hari akhirat,Al-Hijr,15,25,25,False,"QS. Al-Hijr, 15:25"
Muhammad Shallallahu alaihi wasallam,,178,Disuruh memperhatikan bagaimana Tuhan menghamparkan naungan awan,Al-Furqan,25,45,45,False,"QS. Al-Furqan, 25:45"
Muhammad Shallallahu alaihi wasallam,,179,Diperlihatkan oleh Allah kepatuhan bumi kepada Allah,Fussilat,41,39,39,False,"QS. Fussilat, 41:39"
Muhammad Shallallahu alaihi wasallam,,180,Bertanya kepada orang musyrik tentang siapa pencipta langit dan bumi,Az-Zukhruf,43,9,9,False,"QS. Az-Zukhruf, 43:9"
Muhammad Shallallahu alaihi wasallam,,181,Diberitahu bahwa semua makhluk tunduk kepada Tuhannya,An-Najm,53,42,42,False,"QS. An-Najm, 53:42"
Muhammad Shallallahu alaihi wasallam,,182,Diberitahu bahwa Tuhanlah yang membuat manusia bisa tertawa dan menangis,An-Najm,53,43,43,False,"QS. An-Najm, 53:43"
Muhammad Shallallahu alaihi wasallam,,183,Disuruh memperhatikan perlakuan Tuhan kepada tentara gajah yang menyerbu Ka’bah,Al-Fil,105,1,1,False,"QS. Al-Fil, 105:1"
Muhammad Shallallahu alaihi wasallam,,184,Disuruh membantah perkataan Ahli Kitab dengan hujah lebih baik,Luqman,31,14,14,False,"QS. Luqman, 31:14"
Muhammad Shallallahu alaihi wasallam,,185,Disuruh mengagungkan Tuhan-Nya,Al-Muddatsir,74,3,3,False,"QS. Al-Muddatsir, 74:3"
Muhammad Shallallahu alaihi wasallam,,186,Disuruh membersihkan pakaiannya,Al-Muddatsir,74,4,4,False,"QS. Al-Muddatsir, 74:4"
Muhammad Shallallahu alaihi wasallam,,187,Disuruh menjauhi hal-hal yang kotor,Al-Muddatsir,74,5,5,False,"QS. Al-Muddatsir, 74:5"
Muhammad Shallallahu alaihi wasallam,,188,Dilarang mengharapkan imbalan atas pemberiannya kepada orang lain,Al-Muddatsir,74,6,6,False,"QS. Al-Muddatsir, 74:6"
Muhammad Shallallahu alaihi wasallam,,189,Disuruh bersabar karena Allah,Al-Muddatsir,74,7,7,False,"QS. Al-Muddatsir, 74:7"
Muhammad Shallallahu alaihi wasallam,,190,Dilarang menaati orang kafir dan munafik,Al-Ahzab,33,1,1,False,"QS. Al-Ahzab, 33:1"
Muhammad Shallallahu alaihi wasallam,,191,"Disuruh bertanya kepada orang kafir, apakah anak perempuan untuk Tuhan, sedang anak lelaki untuk mereka",As-Saffat,37,149,149,False,"QS. As-Saffat, 37:149"
Muhammad Shallallahu alaihi wasallam,,192,Didatangi Jibril untuk menyampaikan wahyu dengan izin Allah,Al-Baqarah,2,97,97,False,"QS. Al-Baqarah, 2:97"
Muhammad Shallallahu alaihi wasallam,,193,Disuruh baca ta’awudz bila hendak membaca Al-Qur’an,An-Nahl,16,98,98,False,"QS. An-Nahl, 16:98"
Muhammad Shallallahu alaihi wasallam,,194,Diberitahu bahwa beberapa jin mendengarkan bacaan Al-Qur’an,Al-Jinn,72,1,1,False,"QS. Al-Jinn, 72:1"
Muhammad Shallallahu alaihi wasallam,,195,Dituruni Al-Qur’an untuk memberi kabar gembira kepada kaum mukmin,Al-Baqarah,2,97,97,False,"QS. Al-Baqarah, 2:97"
Muhammad Shallallahu alaihi wasallam,,196,Diberitahu oleh Allah tentang adanya Lailatul Qadr,Al-Qadr,97,2,3,False,"QS. Al-Qadr, 97:2-3"
Muhammad Shallallahu alaihi wasallam,,197,Diberi Al-Qur’an untuk membenarkan adanya Taurat dan Injil yang datang sebelumnya,Ali Imran,3,3,3,False,"QS. Ali Imran, 3:3"
Muhammad Shallallahu alaihi wasallam,,198,Diberi Kitab suci yang berisi ayat muhkamat dan mutasyabihat,Ali Imran,3,7,7,False,"QS. Ali Imran, 3:7"
Muhammad Shallallahu alaihi wasallam,,199,Membersihkan akidah kaum mukmin dengan Al-Qur’an,Ali Imran,3,164,164,False,"QS. Ali Imran, 3:164"
Muhammad Shallallahu alaihi wasallam,,200,Diberi kitab suci yang hak oleh Allah,Ar-Ra’d,13,1,1,False,"QS. Ar-Ra’d, 13:1"
Muhammad Shallallahu alaihi wasallam,,201,Mengeluarkan manusia dari kesesatan ke jalan kebenaran dengan Al-Qur’an,Ibrahim,14,1,1,False,"QS. Ibrahim, 14:1"
Muhammad Shallallahu alaihi wasallam,,202,Diberi tujuh ayat yang dibaca berulang kali,Al-Hijr,15,87,87,False,"QS. Al-Hijr, 15:87"
Muhammad Shallallahu alaihi wasallam,,203,Hidupnya tidak menjadi susah karena Al-Qur’an,Thaha,20,2,2,False,"QS. Thaha, 20:2"
Muhammad Shallallahu alaihi wasallam,,204,Diberi Al-Qur’an dengan cara Jibril memasukkan ke dalam hatinya,Asy-Syu’ara,26,193,194,False,"QS. Asy-Syu’ara, 26:193-194"
Muhammad Shallallahu alaihi wasallam,,205,Diberi Al-Qur’an dari hadapan Tuhannya,An-Naml,27,6,6,False,"QS. An-Naml, 27:6"
Muhammad Shallallahu alaihi wasallam,,206,Sebelumnya tidak pernah mengharapkan mendapat Al-Qur’an,Al-Qashash,28,86,86,False,"QS. Al-Qashash, 28:86"
Muhammad Shallallahu alaihi wasallam,,207,Tidak diberitahu tentang kapan pastinya hari kiamat,Asy-Syura,42,17,17,False,"QS. Asy-Syura, 42:17"
Muhammad Shallallahu alaihi wasallam,,208,Tidak sesat dan tidak celaka,An-Najm,53,2,2,False,"QS. An-Najm, 53:2"
Muhammad Shallallahu alaihi wasallam,,209,Benar-benar diberi Al-Qur’an oleh Allah,Al-Insan,76,23,23,False,"QS. Al-Insan, 76:23"
Muhammad Shallallahu alaihi wasallam,,210,Tidak mengetahui hal ghaib sedikitpun,At-Takwir,81,24,24,False,"QS. At-Takwir, 81:24"
Muhammad Shallallahu alaihi wasallam,,211,Dimudahkan untuk membaca Al-Qur’an guna memberi kabar gembira kepada kaum bertakwa,Maryam,19,97,97,False,"QS. Maryam, 19:97"
Muhammad Shallallahu alaihi wasallam,,212,Diberi Al-Qur’an berbahasa Arab,Thaha,20,113,113,False,"QS. Thaha, 20:113"
Muhammad Shallallahu alaihi wasallam,,213,Tidak boleh merasa sesak dada karena diberi Al-Qur’an,Al-A’raf,7,2,2,False,"QS. Al-A’raf, 7:2"
Muhammad Shallallahu alaihi wasallam,,214,Diberi Al-Qur’an secara berangsur-angsur agar ia dapat membacakan kepada manusia dengan mantap,Al-Isra,17,106,106,False,"QS. Al-Isra, 17:106"
Muhammad Shallallahu alaihi wasallam,,215,Tidak akan lupa akan ayat-ayat yang Allah bacakan kepadanya,Al-A’la,87,6,6,False,"QS. Al-A’la, 87:6"
Muhammad Shallallahu alaihi wasallam,,216,"Ketika membaca nama Tuhannya dalam Al-Qur’an, kaum kafir pergi",Al-Isra,17,45,45,False,"QS. Al-Isra, 17:45"
Muhammad Shallallahu alaihi wasallam,,217,Dilarang membaca Al-Qur’an dengan tergesa-gesa,Al-Qiyamah,75,16,19,False,"QS. Al-Qiyamah, 75:16-19"
Muhammad Shallallahu alaihi wasallam,,218,Diketahui oleh Tuhannya ketika shalat Lail,Al-Muzzammil,73,20,20,False,"QS. Al-Muzzammil, 73:20"
Muhammad Shallallahu alaihi wasallam,,219,Disuruh bacakan wahyu Allah kepada manusia dan tidak boleh menukar kalimat Tuhan dengan lainnya,Al-Kahfi,18,27,27,False,"QS. Al-Kahfi, 18:27"
Muhammad Shallallahu alaihi wasallam,,220,"Sebelum menjadi rasul, tidak pernah membaca kitab dan menuliskannya",Al-Ankabut,29,48,48,False,"QS. Al-Ankabut, 29:48"
Muhammad Shallallahu alaihi wasallam,,221,Disuruh memperhatikan kaum Ahli Kitab yang berpaling dari Al-Qur’an,Ali Imran,3,23,23,False,"QS. Ali Imran, 3:23"
Muhammad Shallallahu alaihi wasallam,,222,Tidak diberi Al-Qur’an lewat tulisan di atas kertas,Al-An’am,6,7,7,False,"QS. Al-An’am, 6:7"
Muhammad Shallallahu alaihi wasallam,,223,Dicemooh oleh kaumnya dengan kata-kata yang biasa dipakai kaum kafir kepada rasul mereka,Fussilat,41,43,43,False,"QS. Fussilat, 41:43"
Muhammad Shallallahu alaihi wasallam,,224,Diberi Al-Qur’an sebagai peringatan bagi dirinya dan kaumnya,Az-Zukhruf,43,44,44,False,"QS. Az-Zukhruf, 43:44"
Muhammad Shallallahu alaihi wasallam,,225,Disuruh menirukan bacaan Jibril yang membawa Al-Qur’an kepadanya,Al-Qiyamah,75,18,18,False,"QS. Al-Qiyamah, 75:18"
Muhammad Shallallahu alaihi wasallam,,226,"Setelah datang membawa bukti kebenaran, kaum Ahli Kitab malah menjauh",Al-Bayyinah,98,4,4,False,"QS. Al-Bayyinah, 98:4"
Muhammad Shallallahu alaihi wasallam,,227,Disuruh menghadapkan dirinya kepada agama yang benar,Ar-Rum,30,30,30,False,"QS. Ar-Rum, 30:30"
Muhammad Shallallahu alaihi wasallam,,228,Orang yang paling dekat kepada agama nabi Ibrahim As.,Ali Imran,3,68,68,False,"QS. Ali Imran, 3:68"
Muhammad Shallallahu alaihi wasallam,,229,Disuruh memuji dan memohon ampun kepada Allah saat penaklukan kota Makkah,An-Nasr,110,3,3,False,"QS. An-Nasr, 110:3"
Muhammad Shallallahu alaihi wasallam,,230,Menyaksikan manusia berbondong-bondong masuk Islam,An-Nasr,110,2,2,False,"QS. An-Nasr, 110:2"
Muhammad Shallallahu alaihi wasallam,,231,Disuruh teguh menjalankan perintah Allah bersama orang-orang beriman,Hud,11,112,112,False,"QS. Hud, 11:112"
Muhammad Shallallahu alaihi wasallam,,232,Disuruh memperhatikan nasib orang-orang yang kafir kepada ayat Allah,Maryam,19,77,77,False,"QS. Maryam, 19:77"
Muhammad Shallallahu alaihi wasallam,,233,Menyatakan lepas tangan dari kaum musyrik Makkah selewat tiga bulan jaminan keamanan,At-Taubah,9,1,1,False,"QS. At-Taubah, 9:1"
Muhammad Shallallahu alaihi wasallam,,234,Melihat kaum munafik Madinah menakut-nakuti kaum muslimin ikut perang Tabuk,Al-Maidah,5,52,52,False,"QS. Al-Maidah, 5:52"
Muhammad Shallallahu alaihi wasallam,,235,"Disuruh mewaspadai kaum yang mengaku beriman, tetapi memakai hukum thaghut",An-Nisa,4,60,60,False,"QS. An-Nisa, 4:60"
Muhammad Shallallahu alaihi wasallam,,236,Disuruh memerangi golongan kafir dan munafik,At-Taubah,9,73,73,False,"QS. At-Taubah, 9:73"
Muhammad Shallallahu alaihi wasallam,,237,Disuruh mengabaikan gangguan kaum kafir dan munafik,Al-Ahzab,33,48,48,False,"QS. Al-Ahzab, 33:48"
Muhammad Shallallahu alaihi wasallam,,238,Disuruh memperhatikan ucapan kaum munafik kepada kaum kafir,Al-Hasyr,59,11,11,False,"QS. Al-Hasyr, 59:11"
Muhammad Shallallahu alaihi wasallam,,239,Dilarang mengikuti kemauan mayoritas manusia supaya tidak sesat,Al-An’am,6,116,116,False,"QS. Al-An’am, 6:116"
Muhammad Shallallahu alaihi wasallam,,240,Merasa berat karena diingkari oleh kaum Quraisy,Al-An’am,6,35,35,False,"QS. Al-An’am, 6:35"
Muhammad Shallallahu alaihi wasallam,,241,Disuruh menyampaikan peringatan Allah kepada keluarga besarnya,Asy-Syu’ara,26,214,214,False,"QS. Asy-Syu’ara, 26:214"
Muhammad Shallallahu alaihi wasallam,,242,"Disuruh berdakwah dengan Al-Qur’an, nasihat yang baik dan debat dengan cara yang baik",An-Nahl,16,125,125,False,"QS. An-Nahl, 16:125"
Muhammad Shallallahu alaihi wasallam,,243,Disuruh meninggalkan orang-orang yang berbicara mencemoohkan Islam,Al-An’am,6,68,68,False,"QS. Al-An’am, 6:68"
Muhammad Shallallahu alaihi wasallam,,244,Disuruh bertasbih permulaan dan akhir siang,Thaha,20,130,130,False,"QS. Thaha, 20:130"
Muhammad Shallallahu alaihi wasallam,,245,Disuruh mendiamkan bantahan kaum kafir kepadanya,Al-Hajj,22,68,68,False,"QS. Al-Hajj, 22:68"
Muhammad Shallallahu alaihi wasallam,,246,Dilarang mengikuti tradisi kaum kafir,Al-Kafirun,109,1,6,False,"QS. Al-Kafirun, 109:1-6"
Muhammad Shallallahu alaihi wasallam,,247,Disuruh menyatakan pasrah diri kepada Allah semata,Ali Imran,3,20,20,False,"QS. Ali Imran, 3:20"
Muhammad Shallallahu alaihi wasallam,,248,Dilarang memaksa manusia untuk beriman,Yunus,10,99,99,False,"QS. Yunus, 10:99"
Muhammad Shallallahu alaihi wasallam,,249,Disuruh bertawakal kepada Allah,Al-Ahzab,33,48,48,False,"QS. Al-Ahzab, 33:48"
Muhammad Shallallahu alaihi wasallam,,250,Diberi ayat-ayat muhkamat yang di dalamnya termasuk Al-Fatihah,Ali Imran,3,7,7,False,"QS. Ali Imran, 3:7"
Muhammad Shallallahu alaihi wasallam,,251,Disuruh meninggalkan kebohongan kaum kafir,Al-An’am,6,112,112,False,"QS. Al-An’am, 6:112"
Muhammad Shallallahu alaihi wasallam,,252,Disuruh mengancam manusia dengan api neraka,Al-Lail,92,14,14,False,"QS. Al-Lail, 92:14"
Muhammad Shallallahu alaihi wasallam,,253,Disuruh memperhatikan keadaan kaum kafir yang sedang menghadapi maut,Al-An’am,6,93,93,False,"QS. Al-An’am, 6:93"
Muhammad Shallallahu alaihi wasallam,,254,Diberitahu tentang makna ‘Illiyin,Al-Mutaffifin,83,19,21,False,"QS. Al-Mutaffifin, 83:19-21"
Muhammad Shallallahu alaihi wasallam,,255,Diberitahu tentang makna Al-Qari’ah,Al-Qari’ah,101,3,5,False,"QS. Al-Qari’ah, 101:3-5"
Muhammad Shallallahu alaihi wasallam,,256,Melihat kaum zhalim di akhirat tunduk terhina,Asy-Syura,42,45,45,False,"QS. Asy-Syura, 42:45"
Muhammad Shallallahu alaihi wasallam,,257,Diberitahu tentang hari yang mencekam,Al-Ghashiyah,88,1,7,False,"QS. Al-Ghashiyah, 88:1-7"
Muhammad Shallallahu alaihi wasallam,,258,Melihat para malaikat mengelilingi ‘Arsy seraya bertasbih,Az-Zumar,39,75,75,False,"QS. Az-Zumar, 39:75"
Muhammad Shallallahu alaihi wasallam,,259,Disuruh memperhatikan sebagian ahli kitab yang berpaling dari Al-Qur’an,Ali Imran,3,23,23,False,"QS. Ali Imran, 3:23"
Muhammad Shallallahu alaihi wasallam,,260,Diberi kemenangan gemilang di Makkah,Al-Fath,48,1,1,False,"QS. Al-Fath, 48:1"
Muhammad Shallallahu alaihi wasallam,,261,Diampuni dosa-dosanya yang lalu dan yang akan datang,Al-Fath,48,2,2,False,"QS. Al-Fath, 48:2"
Muhammad Shallallahu alaihi wasallam,,262,Bila diganggu setan disuruh baca ta’awudz,Fussilat,41,36,36,False,"QS. Fussilat, 41:36"
Muhammad Shallallahu alaihi wasallam,,263,Disuruh mohon perlindungan dari bisikan halus setan,Al-Mu’minun,23,97,97,False,"QS. Al-Mu’minun, 23:97"
Muhammad Shallallahu alaihi wasallam,,264,Pernah shalat menghadap Baitul Maqdis,Al-Baqarah,2,143,143,False,"QS. Al-Baqarah, 2:143"
Muhammad Shallallahu alaihi wasallam,,265,Mengangkat dan menurunkan wajahnya saat shalat karena mohon diberikan kiblat yang diridhai,Al-Baqarah,2,144,144,False,"QS. Al-Baqarah, 2:144"
Muhammad Shallallahu alaihi wasallam,,266,Disuruh menghadap ke Masjidil Haram untuk shalat,Al-Baqarah,2,144,144,False,"QS. Al-Baqarah, 2:144"
Muhammad Shallallahu alaihi wasallam,,267,Ditanya tentang infaq,Al-Baqarah,2,215,215,False,"QS. Al-Baqarah, 2:215"
Muhammad Shallallahu alaihi wasallam,,268,Tidak boleh tergoda oleh hiruk pikuk kehidupan kaum kafir,Ali Imran,3,196,196,False,"QS. Ali Imran, 3:196"
Muhammad Shallallahu alaihi wasallam,,269,Dikaruniai Al-Kautsar,Al-Kautsar,108,1,1,False,"QS. Al-Kautsar, 108:1"
Muhammad Shallallahu alaihi wasallam,,270,Disuruh menyembelih hewan kurban,Al-Kautsar,108,2,2,False,"QS. Al-Kautsar, 108:2"
Muhammad Shallallahu alaihi wasallam,,271,Ditanyai tentang jarak antara Allah dengan hamba-Nya,Al-Baqarah,2,186,186,False,"QS. Al-Baqarah, 2:186"
Muhammad Shallallahu alaihi wasallam,,272,Disuruh memperhatikan bagaimana Allah menurunkan air dari langit,Fatir,35,27,27,False,"QS. Fatir, 35:27"
Muhammad Shallallahu alaihi wasallam,,273,Seorang rasul Allah yang membacakan lembaran-lembaran ajaran Tauhid,Al-Bayyinah,98,2,2,False,"QS. Al-Bayyinah, 98:2"
Muhammad Shallallahu alaihi wasallam,,274,Dilarang mengikuti kehendak Abu Jahal,Al-‘Alaq,96,19,19,False,"QS. Al-‘Alaq, 96:19"
Muhammad Shallallahu alaihi wasallam,,275,Disuruh membaca wahyu pertama,Al-‘Alaq,96,1,1,False,"QS. Al-‘Alaq, 96:1"
Muhammad Shallallahu alaihi wasallam,,276,Disuruh melakukan ibadah setelah selesai urusan duniawi,Al-Insyirah,94,7,7,False,"QS. Al-Insyirah, 94:7"
Muhammad Shallallahu alaihi wasallam,,277,Tidak ditinggal dan tidak dibenci oleh Tuhannya,Adh-Dhuha,93,3,3,False,"QS. Adh-Dhuha, 93:3"
Muhammad Shallallahu alaihi wasallam,,278,Anak yatim yang diberi perlindungan oleh Allah,Adh-Dhuha,93,6,6,False,"QS. Adh-Dhuha, 93:6"
Muhammad Shallallahu alaihi wasallam,,279,Dahulunya sesat lalu diberi petunjuk oleh Allah,Adh-Dhuha,93,7,7,False,"QS. Adh-Dhuha, 93:7"
Muhammad Shallallahu alaihi wasallam,,280,"Dahulunya melarat, lalu Allah jadikan kaya",Adh-Dhuha,93,8,8,False,"QS. Adh-Dhuha, 93:8"
Muhammad Shallallahu alaihi wasallam,,281,Dilarang berlaku curang kepada anak yatim,Adh-Dhuha,93,9,9,False,"QS. Adh-Dhuha, 93:9"
Muhammad Shallallahu alaihi wasallam,,282,Dilarang mengecewakan orang yang meminta-minta,Adh-Dhuha,93,10,10,False,"QS. Adh-Dhuha, 93:10"
Muhammad Shallallahu alaihi wasallam,,283,Disuruh bersyukur atas nikmat Allah kepadanya,Adh-Dhuha,93,11,11,False,"QS. Adh-Dhuha, 93:11"
Muhammad Shallallahu alaihi wasallam,,284,"Diberitahu makna ‘Aqabah, jalan menanjak",Al-Balad,90,12,18,False,"QS. Al-Balad, 90:12-18"
Muhammad Shallallahu alaihi wasallam,,285,Halal tinggal di Makkah,Al-Balad,90,2,2,False,"QS. Al-Balad, 90:2"
Muhammad Shallallahu alaihi wasallam,,286,Diajari Al-Qur’an dan tidak pernah akan melupakan sama sekali,Al-A’la,87,6,6,False,"QS. Al-A’la, 87:6"
Muhammad Shallallahu alaihi wasallam,,287,Dimudahkan berbuat taat kepada Tuhannya,Al-A’la,87,8,8,False,"QS. Al-A’la, 87:8"
Muhammad Shallallahu alaihi wasallam,,288,Disuruh memberi tempo kepada kaum kafir untuk mendapatkan adzab,Ath-Thariq,86,17,17,False,"QS. Ath-Thariq, 86:17"
Muhammad Shallallahu alaihi wasallam,,289,Diberitahu tentang kisah rombongan tentara Fir’aun dan Tsamud,Al-Buruj,85,17,18,False,"QS. Al-Buruj, 85:17-18"
Muhammad Shallallahu alaihi wasallam,,290,"Dinikahkan oleh Allah dengan Zainab, janda bekas anak angkatnya",Al-Ahzab,33,37,37,False,"QS. Al-Ahzab, 33:37"
"Al-Qur’an, Taurat, Injil, dan Zabur",Al-Qur’an,1,Turun dari Allah,Ali ‘Imran,3,7,7,False,"QS. Ali ‘Imran, 3:7"
"Al-Qur’an, Taurat, Injil, dan Zabur",Al-Qur’an,2,Turun kepada Nabi Muhammad saw.,Thaha,20,2,2,False,"QS. Thaha, 20:2"
"Al-Qur’an, Taurat, Injil, dan Zabur",Al-Qur’an,3,Dibawa turun oleh Ruhul Qudus,An-Nahl,16,102,102,False,"QS. An-Nahl, 16:102"
"Al-Qur’an, Taurat, Injil, dan Zabur",Al-Qur’an,4,Dengan bahasa Arab,Fussilat,41,2,4,False,"QS. Fussilat, 41:2-4"
"Al-Qur’an, Taurat, Injil, dan Zabur",Al-Qur’an,5,Bukan dengan bahasa non-Arab,Fussilat,41,44,44,False,"QS. Fussilat, 41:44"
"Al-Qur’an, Taurat, Injil, dan Zabur",Al-Qur’an,6,Turun pada malam qadar,Al-Qadr,97,1,1,False,"QS. Al-Qadr, 97:1"
"Al-Qur’an, Taurat, Injil, dan Zabur",Al-Qur’an,7,Petunjuk bagi orang-orang yang bertakwa,Al-Baqarah,2,2,2,False,"QS. Al-Baqarah, 2:2"
"Al-Qur’an, Taurat, Injil, dan Zabur",Al-Qur’an,8,Petunjuknya terinci,Al-Baqarah,2,185,185,False,"QS. Al-Baqarah, 2:185"
"Al-Qur’an, Taurat, Injil, dan Zabur",Al-Qur’an,9,Membenarkan ajaran tauhid Taurat dan Injil,Ali ‘Imran,3,3,3,False,"QS. Ali ‘Imran, 3:3"
"Al-Qur’an, Taurat, Injil, dan Zabur",Al-Qur’an,10,Bukti kebenaran kenabian Muhammad saw.,Asy-Syu‘ara,26,194,194,False,"QS. Asy-Syu‘ara, 26:194"
"Al-Qur’an, Taurat, Injil, dan Zabur",Al-Qur’an,11,Bukan turun kepada Nabi saw. karena impiannya,Al-Qashash,28,86,86,False,"QS. Al-Qashash, 28:86"
"Al-Qur’an, Taurat, Injil, dan Zabur",Al-Qur’an,12,Menyelamatkan manusia dari kesesatan,Ali ‘Imran,3,164,164,False,"QS. Ali ‘Imran, 3:164"
"Al-Qur’an, Taurat, Injil, dan Zabur",Al-Qur’an,13,Memberikan kabar gembira dan ancaman siksa di akhirat,Al-Kahfi,18,2,2,False,"QS. Al-Kahfi, 18:2"
"Al-Qur’an, Taurat, Injil, dan Zabur",Al-Qur’an,14,Diragukan kebenarannya oleh golongan kafir,Fussilat,41,54,54,False,"QS. Fussilat, 41:54"
"Al-Qur’an, Taurat, Injil, dan Zabur",Al-Qur’an,15,Tidak dibawa turun oleh setan,Asy-Syu‘ara,26,210,210,False,"QS. Asy-Syu‘ara, 26:210"
"Al-Qur’an, Taurat, Injil, dan Zabur",Al-Qur’an,16,Ada ayat muhkam (mudah) dan mutasyabihat (sulit) dipahami,Ali ‘Imran,3,7,7,False,"QS. Ali ‘Imran, 3:7"
"Al-Qur’an, Taurat, Injil, dan Zabur",Al-Qur’an,17,Menjadi sumber agama yang benar,Az-Zumar,39,2,2,False,"QS. Az-Zumar, 39:2"
"Al-Qur’an, Taurat, Injil, dan Zabur",Al-Qur’an,18,Membangkitkan rasa takut dan menenangkan jiwa,Az-Zumar,39,23,23,False,"QS. Az-Zumar, 39:23"
"Al-Qur’an, Taurat, Injil, dan Zabur",Al-Qur’an,19,Selaras dengan akal dan menghidupkannya,Az-Zukhruf,43,3,3,False,"QS. Az-Zukhruf, 43:3"
"Al-Qur’an, Taurat, Injil, dan Zabur",Al-Qur’an,20,Malam turunnya penuh berkah,Ad-Dukhan,44,3,3,False,"QS. Ad-Dukhan, 44:3"
"Al-Qur’an, Taurat, Injil, dan Zabur",Al-Qur’an,21,Pembawanya tidak gila,At-Takwir,81,22,22,False,"QS. At-Takwir, 81:22"
"Al-Qur’an, Taurat, Injil, dan Zabur",Al-Qur’an,22,Hanya dapat disentuh oleh malaikat ketika tersimpan di Lauh Mahfuzh,Al-Waqi‘ah,56,79,79,False,"QS. Al-Waqi‘ah, 56:79"
"Al-Qur’an, Taurat, Injil, dan Zabur",Al-Qur’an,23,Tersimpan di tempat yang suci lagi tinggi,‘Abasa,80,14,14,False,"QS. ‘Abasa, 80:14"
"Al-Qur’an, Taurat, Injil, dan Zabur",Al-Qur’an,24,Tertulis pada lembaran yang mulia,‘Abasa,80,13,13,False,"QS. ‘Abasa, 80:13"
"Al-Qur’an, Taurat, Injil, dan Zabur",Al-Qur’an,25,Memberikan kabar gembira kepada kaum mukmin,Al-Kahfi,18,2,2,False,"QS. Al-Kahfi, 18:2"
"Al-Qur’an, Taurat, Injil, dan Zabur",Al-Qur’an,26,Memberikan ancaman siksa kepada kaum kafir,Maryam,19,97,97,False,"QS. Maryam, 19:97"
"Al-Qur’an, Taurat, Injil, dan Zabur",Al-Qur’an,27,Mudah dibaca dan dipahami,Al-Qamar,54,17,17,False,"QS. Al-Qamar, 54:17"
"Al-Qur’an, Taurat, Injil, dan Zabur",Al-Qur’an,28,Menguatkan iman,At-Taubah,9,124,124,False,"QS. At-Taubah, 9:124"
"Al-Qur’an, Taurat, Injil, dan Zabur",Al-Qur’an,29,Mengisahkan sejarah umat masa lalu,An-Nur,24,34,34,False,"QS. An-Nur, 24:34"
"Al-Qur’an, Taurat, Injil, dan Zabur",Al-Qur’an,30,Akal orang kafir bingung memahaminya,At-Taubah,9,125,125,False,"QS. At-Taubah, 9:125"
"Al-Qur’an, Taurat, Injil, dan Zabur",Al-Qur’an,31,"Dibaca dengan tartil, tidak tergesa-gesa",Al-Furqan,25,32,32,False,"QS. Al-Furqan, 25:32"
"Al-Qur’an, Taurat, Injil, dan Zabur",Al-Qur’an,32,Isinya tidak saling berlawanan,An-Nisa,4,82,82,False,"QS. An-Nisa, 4:82"
"Al-Qur’an, Taurat, Injil, dan Zabur",Al-Qur’an,33,Ditolak oleh penentangnya,Al-Kahfi,18,54,54,False,"QS. Al-Kahfi, 18:54"
"Al-Qur’an, Taurat, Injil, dan Zabur",Al-Qur’an,34,Nabi saw. tidak pernah lupa seayatpun,Al-A‘la,87,6,6,False,"QS. Al-A‘la, 87:6"
"Al-Qur’an, Taurat, Injil, dan Zabur",Al-Qur’an,35,Menantang semua manusia untuk menandinginya,Al-Baqarah,2,23,23,False,"QS. Al-Baqarah, 2:23"
"Al-Qur’an, Taurat, Injil, dan Zabur",Al-Qur’an,36,Bukan kebohongan atas nama Allah,Yunus,10,37,37,False,"QS. Yunus, 10:37"
"Al-Qur’an, Taurat, Injil, dan Zabur",Al-Qur’an,37,Jin dan manusia tidak sanggup menandinginya,Al-Isra,17,88,88,False,"QS. Al-Isra, 17:88"
"Al-Qur’an, Taurat, Injil, dan Zabur",Al-Qur’an,38,Jin senang mendengarkan bacaan Al-Qur’an,Al-Ahqaf,46,29,29,False,"QS. Al-Ahqaf, 46:29"
"Al-Qur’an, Taurat, Injil, dan Zabur",Al-Qur’an,39,Bukan hasil karangan Muhammad saw.,Al-‘Ankabut,29,48,48,False,"QS. Al-‘Ankabut, 29:48"
"Al-Qur’an, Taurat, Injil, dan Zabur",Al-Qur’an,40,Kaum kafir tidak senang Al-Qur’an turun kepada Nabi Muhammad saw.,Al-Baqarah,2,105,105,False,"QS. Al-Baqarah, 2:105"
"Al-Qur’an, Taurat, Injil, dan Zabur",Al-Qur’an,41,Memberikan ancaman kepada penduduk Makkah dan sekitarnya,Al-An‘am,6,92,92,False,"QS. Al-An‘am, 6:92"
"Al-Qur’an, Taurat, Injil, dan Zabur",Al-Qur’an,42,Memberikan keputusan yang adil dalam perkara yang diperselisihkan oleh kaum Yahudi dan Nasrani,Ali ‘Imran,3,23,23,False,"QS. Ali ‘Imran, 3:23"
"Al-Qur’an, Taurat, Injil, dan Zabur",Al-Qur’an,43,Dituduh sebagai hasil ajaran seorang non-Arab kepada Nabi Muhammad saw.,An-Nahl,16,103,103,False,"QS. An-Nahl, 16:103"
"Al-Qur’an, Taurat, Injil, dan Zabur",Al-Qur’an,44,Dituduh sebagai hasil mimpi Nabi Muhammad saw.,Al-Anbiya,21,15,15,False,"QS. Al-Anbiya, 21:15"
"Al-Qur’an, Taurat, Injil, dan Zabur",Al-Qur’an,45,Dianggap kumpulan dongeng umat masa lalu,Al-Furqan,25,5,5,False,"QS. Al-Furqan, 25:5"
"Al-Qur’an, Taurat, Injil, dan Zabur",Al-Qur’an,46,Dianggap karya ahli sihir,Al-Qashash,28,48,48,False,"QS. Al-Qashash, 28:48"
"Al-Qur’an, Taurat, Injil, dan Zabur",Al-Qur’an,47,Tidak tersentuh oleh upaya pemalsuan sepanjang zaman,Fussilat,41,42,42,False,"QS. Fussilat, 41:42"
"Al-Qur’an, Taurat, Injil, dan Zabur",Al-Qur’an,48,Telah dijelaskan secara rinci oleh Nabi saw. ayat-ayat yang tidak jelas,Al-Qiyamah,75,18,18,False,"QS. Al-Qiyamah, 75:18"
"Al-Qur’an, Taurat, Injil, dan Zabur",Al-Qur’an,49,Nabi saw. tidak pernah mengurangi atau menambah ayat Al-Qur’an,Al-Haqqah,69,44,46,False,"QS. Al-Haqqah, 69:44-46"
"Al-Qur’an, Taurat, Injil, dan Zabur",Al-Qur’an,50,Allah sendiri yang menghadapi orang yang melawan Al-Qur’an,Al-Qalam,68,44,44,False,"QS. Al-Qalam, 68:44"
"Al-Qur’an, Taurat, Injil, dan Zabur",Al-Qur’an,51,Ada ayat yang dihapus hukumnya,Al-Baqarah,2,106,106,False,"QS. Al-Baqarah, 2:106"
"Al-Qur’an, Taurat, Injil, dan Zabur",Al-Qur’an,52,Allah sendiri yang menjelaskan ayat-ayat yang umum,Al-Qiyamah,75,18,19,False,"QS. Al-Qiyamah, 75:18-19"
"Al-Qur’an, Taurat, Injil, dan Zabur",Al-Qur’an,53,Ahli ilmu menerima dengan patuh ayat-ayat yang sulit dipahami,Ali ‘Imran,3,7,7,False,"QS. Ali ‘Imran, 3:7"
"Al-Qur’an, Taurat, Injil, dan Zabur",Al-Qur’an,54,Ada ayat-ayat yang disampaikan dengan gaya perumpamaan,Az-Zumar,39,27,27,False,"QS. Az-Zumar, 39:27"
"Al-Qur’an, Taurat, Injil, dan Zabur",Al-Qur’an,55,Memerangi kepercayaan paganisme,Sad,38,14,14,False,"QS. Sad, 38:14"
"Al-Qur’an, Taurat, Injil, dan Zabur",Al-Qur’an,56,Kaum kafir ingin Al-Qur’an turun sekaligus,Al-Furqan,25,32,32,False,"QS. Al-Furqan, 25:32"
"Al-Qur’an, Taurat, Injil, dan Zabur",Al-Qur’an,57,Bila membaca Al-Qur’an mohon tambah ilmu,Thaha,20,114,114,False,"QS. Thaha, 20:114"
"Al-Qur’an, Taurat, Injil, dan Zabur",Al-Qur’an,58,Tertib susunan ayat dan surat Al-Qur’an ditetapkan oleh Allah sendiri,An-Nur,24,1,1,False,"QS. An-Nur, 24:1"
"Al-Qur’an, Taurat, Injil, dan Zabur",Al-Qur’an,59,Al-Qur’an diturunkan kepada Nabi saw. untuk disampaikan kepada seluruh umat manusia,Al-Isra,17,106,106,False,"QS. Al-Isra, 17:106"
"Al-Qur’an, Taurat, Injil, dan Zabur",Al-Qur’an,60,Ulama sesat berusaha mengacaukan dan menyimpangkan kebenaran Al-Qur’an,Ali ‘Imran,3,78,78,False,"QS. Ali ‘Imran, 3:78"
"Al-Qur’an, Taurat, Injil, dan Zabur",Al-Qur’an,61,Al-Qur’an ditolak oleh penyembah hawa nafsu,Al-Qashash,28,50,50,False,"QS. Al-Qashash, 28:50"
"Al-Qur’an, Taurat, Injil, dan Zabur",Al-Qur’an,62,Kaum kafir tidak senang mendengar bacaan Al-Qur’an,Al-Isra,17,45,46,False,"QS. Al-Isra, 17:45-46"
"Al-Qur’an, Taurat, Injil, dan Zabur",Al-Qur’an,63,Al-Qur’an menjadi tantangan bagi manusia sepanjang zaman,Al-An‘am,6,114,117,False,"QS. Al-An‘am, 6:114-117"
"Al-Qur’an, Taurat, Injil, dan Zabur",Al-Qur’an,64,Al-Qur’an turun dengan izin Allah,Maryam,19,64,64,False,"QS. Maryam, 19:64"
"Al-Qur’an, Taurat, Injil, dan Zabur",Al-Qur’an,65,Turun sedikit demi sedikit,Al-Qashash,28,51,51,False,"QS. Al-Qashash, 28:51"
"Al-Qur’an, Taurat, Injil, dan Zabur",Al-Qur’an,66,Tertanam dalam dada umat mukmin sampai hari kiamat,Al-‘Ankabut,29,49,49,False,"QS. Al-‘Ankabut, 29:49"
"Al-Qur’an, Taurat, Injil, dan Zabur",Al-Qur’an,67,Kaum kafir berusaha mengalahkan keunggulan Al-Qur’an,Fussilat,41,26,27,False,"QS. Fussilat, 41:26-27"
"Al-Qur’an, Taurat, Injil, dan Zabur",Al-Qur’an,68,Sebagai perkataan terbaik,Al-An‘am,6,155,155,False,"QS. Al-An‘am, 6:155"
"Al-Qur’an, Taurat, Injil, dan Zabur",Al-Qur’an,69,Sebagai obat yang mujarab bagi jiwa,Al-A‘raf,7,52,52,False,"QS. Al-A‘raf, 7:52"
"Al-Qur’an, Taurat, Injil, dan Zabur",Al-Qur’an,70,Nama-nama Al-Qur’an,Al-Baqarah,2,2,2,True,"QS. Al-Baqarah, 2:2; QS. Al-Baqarah, 2:97; QS. Ali ‘Imran, 3:4; QS. Ali ‘Imran, 3:58; QS. An-Nisa, 4:174"
"Al-Qur’an, Taurat, Injil, dan Zabur",Al-Qur’an,71,Keutamaan berpegang teguh pada Al-Qur’an,Al-An‘am,6,155,155,False,"QS. Al-An‘am, 6:155"
"Al-Qur’an, Taurat, Injil, dan Zabur",Al-Qur’an,72,Hati-hati meriwayatkan Al-Qur’an,Al-Hajj,22,52,52,False,"QS. Al-Hajj, 22:52"
"Al-Qur’an, Taurat, Injil, dan Zabur",Al-Qur’an,73,Gunung hancur bila Al-Qur’an diturunkan di atasnya,Al-Hasyr,59,21,21,False,"QS. Al-Hasyr, 59:21"
"Al-Qur’an, Taurat, Injil, dan Zabur",Al-Qur’an,74,Ancaman bagi orang yang menyimpangkan pengertian ayat-ayat Al-Qur’an,An-Nisa,4,46,46,False,"QS. An-Nisa, 4:46"
"Al-Qur’an, Taurat, Injil, dan Zabur",Al-Qur’an,75,Jibril dan Nabi saw. tadarus Al-Qur’an,Al-Qiyamah,75,16,16,False,"QS. Al-Qiyamah, 75:16"
"Al-Qur’an, Taurat, Injil, dan Zabur",Al-Qur’an,76,"Al-Qur’an, Taurat, dan Injil memuat janji surga bagi orang mukmin yang berjihad untuk membela Islam",At-Taubah,9,111,111,False,"QS. At-Taubah, 9:111"
"Al-Qur’an, Taurat, Injil, dan Zabur",Al-Qur’an,77,Membaca ta‘awudz sebelum membaca Al-Qur’an,An-Nahl,16,98,98,False,"QS. An-Nahl, 16:98"
"Al-Qur’an, Taurat, Injil, dan Zabur",Al-Qur’an,78,Tenang ketika mendengar Al-Qur’an dibaca,Al-A‘raf,7,204,204,False,"QS. Al-A‘raf, 7:204"
"Al-Qur’an, Taurat, Injil, dan Zabur",Al-Qur’an,79,Menangis saat baca Al-Qur’an,Al-Ma’idah,5,83,83,False,"QS. Al-Ma’idah, 5:83"
"Al-Qur’an, Taurat, Injil, dan Zabur",Al-Qur’an,80,Baca Al-Qur’an dengan suara yang bagus,Al-Muzzammil,73,4,4,False,"QS. Al-Muzzammil, 73:4"
"Al-Qur’an, Taurat, Injil, dan Zabur",Al-Qur’an,81,Baca Al-Qur’an dengan suara sedang,Al-Isra,17,110,110,False,"QS. Al-Isra, 17:110"
"Al-Qur’an, Taurat, Injil, dan Zabur",Al-Qur’an,82,Baca Al-Qur’an di malam hari,Ali ‘Imran,3,113,113,False,"QS. Ali ‘Imran, 3:113"
"Al-Qur’an, Taurat, Injil, dan Zabur",Al-Qur’an,83,Menghayati bacaan Al-Qur’an,An-Nisa,4,82,82,False,"QS. An-Nisa, 4:82"
"Al-Qur’an, Taurat, Injil, dan Zabur",Al-Qur’an,84,Keutamaan surah Al-Fatihah,Al-Hijr,15,87,87,False,"QS. Al-Hijr, 15:87"
"Al-Qur’an, Taurat, Injil, dan Zabur",Al-Qur’an,85,Keutamaan surah Hud,Hud,11,120,120,False,"QS. Hud, 11:120"
"Al-Qur’an, Taurat, Injil, dan Zabur",Al-Qur’an,86,Keutamaan surah An-Nur,An-Nur,24,1,1,False,"QS. An-Nur, 24:1"
"Al-Qur’an, Taurat, Injil, dan Zabur",Taurat,1,Taurat diperkuat oleh Al-Qur’an,Ali ‘Imran,3,3,3,False,"QS. Ali ‘Imran, 3:3"
"Al-Qur’an, Taurat, Injil, dan Zabur",Taurat,2,Taurat dan Injil diajarkan kepada Nabi Isa,Ali ‘Imran,3,48,48,False,"QS. Ali ‘Imran, 3:48"
"Al-Qur’an, Taurat, Injil, dan Zabur",Taurat,3,Taurat diturunkan sesudah zaman Nabi Ibrahim,Ali ‘Imran,3,65,65,False,"QS. Ali ‘Imran, 3:65"
"Al-Qur’an, Taurat, Injil, dan Zabur",Taurat,4,Bani Israil mengharamkan hal-hal yang halal sebelum Taurat diturunkan,Ali ‘Imran,3,93,93,False,"QS. Ali ‘Imran, 3:93"
"Al-Qur’an, Taurat, Injil, dan Zabur",Taurat,5,Hukum Taurat ditinggalkan oleh kaum Yahudi,Al-Ma’idah,5,43,43,False,"QS. Al-Ma’idah, 5:43"
"Al-Qur’an, Taurat, Injil, dan Zabur",Taurat,6,Taurat menjadi pijakan hukum para nabi Bani Israil,Al-Ma’idah,5,44,44,False,"QS. Al-Ma’idah, 5:44"
"Al-Qur’an, Taurat, Injil, dan Zabur",Taurat,7,Nabi Isa datang sesudah Taurat,Al-Ma’idah,5,46,46,False,"QS. Al-Ma’idah, 5:46"
"Al-Qur’an, Taurat, Injil, dan Zabur",Taurat,8,Ahli kitab berbuat tidak benar bila tidak menegakkan Taurat dan Injil,Al-Ma’idah,5,68,68,False,"QS. Al-Ma’idah, 5:68"
"Al-Qur’an, Taurat, Injil, dan Zabur",Taurat,9,Taurat dan Injil memuat nama Nabi Muhammad sebagai rasul terakhir,Al-A‘raf,7,157,157,False,"QS. Al-A‘raf, 7:157"
"Al-Qur’an, Taurat, Injil, dan Zabur",Taurat,10,"Taurat, Injil, dan Al-Qur’an memuat janji surga bagi orang-orang yang berperang di jalan Allah",At-Taubah,9,111,111,False,"QS. At-Taubah, 9:111"
"Al-Qur’an, Taurat, Injil, dan Zabur",Taurat,11,Taurat diberikan kepada Nabi Musa sebagai petunjuk dan rahmat bagi Bani Israil,Al-Qashash,28,43,44,False,"QS. Al-Qashash, 28:43-44"
"Al-Qur’an, Taurat, Injil, dan Zabur",Taurat,12,Taurat dan Injil memuat perumpamaan tentang Nabi Muhammad dan para sahabatnya,Al-Fath,48,29,29,False,"QS. Al-Fath, 48:29"
"Al-Qur’an, Taurat, Injil, dan Zabur",Taurat,13,Orang yang membaca Taurat tetapi tidak melaksanakan bagaikan keledai mengangkut kitab,Al-Jumu‘ah,62,5,5,False,"QS. Al-Jumu‘ah, 62:5"
"Al-Qur’an, Taurat, Injil, dan Zabur",Injil,1,Injil diperkuat oleh Al-Qur’an,Ali ‘Imran,3,3,3,False,"QS. Ali ‘Imran, 3:3"
"Al-Qur’an, Taurat, Injil, dan Zabur",Injil,2,Injil diturunkan sesudah masa Nabi Ibrahim,Ali ‘Imran,3,65,65,False,"QS. Ali ‘Imran, 3:65"
"Al-Qur’an, Taurat, Injil, dan Zabur",Injil,3,Injil berisikan petunjuk dan nasihat untuk orang-orang bertakwa,Al-Ma’idah,5,46,46,False,"QS. Al-Ma’idah, 5:46"
"Al-Qur’an, Taurat, Injil, dan Zabur",Injil,4,Kaum Nasrani diperintahkan menjalankan hukum Injil,Al-Ma’idah,5,47,47,False,"QS. Al-Ma’idah, 5:47"
"Al-Qur’an, Taurat, Injil, dan Zabur",Injil,5,Bila ahli kitab menjalankan ajaran Taurat dan Injil mereka mendapat limpahan rezeki dari langit dan bumi,Al-Ma’idah,5,66,66,False,"QS. Al-Ma’idah, 5:66"
"Al-Qur’an, Taurat, Injil, dan Zabur",Injil,6,Nabi Isa diajari Taurat dan Injil semasa usia dewasa,Al-Ma’idah,5,110,110,False,"QS. Al-Ma’idah, 5:110"
"Al-Qur’an, Taurat, Injil, dan Zabur",Injil,7,Injil memuat kedatangan nabi terakhir sesudah Isa,Al-A‘raf,7,157,157,False,"QS. Al-A‘raf, 7:157"
"Al-Qur’an, Taurat, Injil, dan Zabur",Injil,8,Injil memuat janji Allah memberi balasan surga kepada orang yang berperang di jalan-Nya,At-Taubah,9,111,111,False,"QS. At-Taubah, 9:111"
"Al-Qur’an, Taurat, Injil, dan Zabur",Injil,9,"Para pengikut Injil dijadikan berhati kasih sayang, tetapi hidup membujang pendeta bukan dari ajaran Injil",Al-Hadid,57,27,27,False,"QS. Al-Hadid, 57:27"
"Al-Qur’an, Taurat, Injil, dan Zabur",Zabur,1,Zabur diturunkan kepada Nabi Dawud,Al-Isra,17,55,55,False,"QS. Al-Isra, 17:55"
"Al-Qur’an, Taurat, Injil, dan Zabur",Zabur,2,Zabur memuat berita bahwa Allah mewariskan bumi kepada kaum yang saleh,Al-Anbiya,21,105,105,False,"QS. Al-Anbiya, 21:105"
"Al-Qur’an, Taurat, Injil, dan Zabur",Zabur,3,Shuhuf (lembaran kitab suci) diturunkan kepada Nabi Musa dan Nabi Ibrahim,Al-A‘la,87,19,19,False,"QS. Al-A‘la, 87:19"
Ibadah,Shalat,1,Shalat ciri orang bertakwa,Al-Baqarah,2,3,3,False,"QS. Al-Baqarah, 2:3"
Ibadah,Shalat,2,Shalat sarana mohon pertolongan kepada Allah,Al-Baqarah,2,45,45,False,"QS. Al-Baqarah, 2:45"
Ibadah,Shalat,3,Shalat lima waktu dan shalat ‘Ashar wajib dipelihara pelaksanaannya,Al-Baqarah,2,238,238,False,"QS. Al-Baqarah, 2:238"
Ibadah,Shalat,4,Bila mabuk jangan kerjakan shalat,An-Nisa,4,43,43,False,"QS. An-Nisa, 4:43"
Ibadah,Shalat,5,Bila bepergian boleh shalat qashar,An-Nisa,4,101,101,False,"QS. An-Nisa, 4:101"
Ibadah,Shalat,6,Selesai shalat sebutlah nama Allah,An-Nisa,4,103,103,False,"QS. An-Nisa, 4:103"
Ibadah,Shalat,7,Tegakkan shalat di medan perang,An-Nisa,4,102,102,False,"QS. An-Nisa, 4:102"
Ibadah,Shalat,8,Bila telah tenang dirikanlah shalat,An-Nisa,4,103,103,False,"QS. An-Nisa, 4:103"
Ibadah,Shalat,9,Shalat punya waktu-waktu tetap,An-Nisa,4,103,103,False,"QS. An-Nisa, 4:103"
Ibadah,Shalat,10,Kaum munafik shalat dengan bermalas-malasan,An-Nisa,4,142,142,False,"QS. An-Nisa, 4:142"
Ibadah,Shalat,11,Bila hendak shalat wudhulah lebih dulu,Al-Maidah,5,6,6,False,"QS. Al-Maidah, 5:6"
Ibadah,Shalat,12,Bila dipanggil untuk shalat kaum munafik memperolok-olok dan mempermainkan,Al-Maidah,5,58,58,False,"QS. Al-Maidah, 5:58"
Ibadah,Shalat,13,Minuman keras memalingkan kamu dari shalat,Al-Maidah,5,91,91,False,"QS. Al-Maidah, 5:91"
Ibadah,Shalat,14,Shalat sebagai bukti tobat seseorang dari dosanya,At-Taubah,9,11,11,False,"QS. At-Taubah, 9:11"
Ibadah,Shalat,15,Kaum Yahudi disuruh jadikan rumahnya kiblat shalat,Yunus,10,87,87,False,"QS. Yunus, 10:87"
Ibadah,Shalat,16,Dirikan shalat pada dua sisi siang dan masuk malam hari,Hud,11,114,114,False,"QS. Hud, 11:114"
Ibadah,Shalat,17,Shalat sebagai jalan mencari ridha Allah,Ar-Ra’d,13,22,22,False,"QS. Ar-Ra’d, 13:22"
Ibadah,Shalat,18,Shalat sebagai tanda iman,Ibrahim,14,31,31,False,"QS. Ibrahim, 14:31"
Ibadah,Shalat,19,Ibrahim mohon anak cucunya mendirikan shalat,Ibrahim,14,37,37,False,"QS. Ibrahim, 14:37"
Ibadah,Shalat,20,Dirikan shalat setelah tergelincir matahari sampai masuk malam,Al-Isra,17,78,78,False,"QS. Al-Isra, 17:78"
Ibadah,Shalat,21,Nabi Isa diperintahkan shalat selama masa hidup,Maryam,19,31,31,False,"QS. Maryam, 19:31"
Ibadah,Shalat,22,Nabi Ismail menyuruh keluarganya shalat,Maryam,19,55,55,False,"QS. Maryam, 19:55"
Ibadah,Shalat,23,Generasi sesudah Nabi Isa menyia-nyiakan shalat,Maryam,19,59,59,False,"QS. Maryam, 19:59"
Ibadah,Shalat,24,Dirikan shalat untuk mengingat Allah,Thaha,20,14,14,False,"QS. Thaha, 20:14"
Ibadah,Shalat,25,Nabi Muhammad ﷺ disuruh menyuruh keluarganya shalat,Thaha,20,132,132,False,"QS. Thaha, 20:132"
Ibadah,Shalat,26,Shalat mencegah perbuatan keji dan munkar,Al-Ankabut,29,45,45,False,"QS. Al-Ankabut, 29:45"
Ibadah,Shalat,27,Shalat sebagai tanda takut kepada Allah,Fatir,35,18,18,False,"QS. Fatir, 35:18"
Ibadah,Shalat,28,Shalat sebagai tanda memperkenankan seruan Allah,Asy-Syura,42,38,38,False,"QS. Asy-Syura, 42:38"
Ibadah,Shalat,29,"Bila adzan hari Jum’at diserukan, datang ke shalat Jum’at",Al-Jumu’ah,62,9,9,False,"QS. Al-Jumu’ah, 62:9"
Ibadah,Shalat,30,Selesai shalat Jum’at berpencarlah di muka bumi mencari rizki,Al-Jumu’ah,62,10,10,False,"QS. Al-Jumu’ah, 62:10"
Ibadah,Shalat,31,Shalat mendorong pelakunya meninggalkan penyembahan agama ala kaum musyrik,Hud,11,87,87,False,"QS. Hud, 11:87"
Ibadah,Shalat,32,Bacaan shalat hendaklah sedang,Al-Isra,17,110,110,False,"QS. Al-Isra, 17:110"
Ibadah,Shalat,33,Shalat dengan khusyu’ membawa keberuntungan di akhirat,Al-Mu’minun,23,2,2,False,"QS. Al-Mu’minun, 23:2"
Ibadah,Shalat,34,Setiap makhluk telah tahu bagaimana ia shalat,An-Nur,24,41,41,False,"QS. An-Nur, 24:41"
Ibadah,Shalat,35,Kaum musyrik shalat dengan cara tepuk tangan dan bernyanyi,Al-Anfal,8,35,35,False,"QS. Al-Anfal, 8:35"
Ibadah,Shalat,36,Shalat secara rutin menjadi jalan memperoleh keberuntungan,Al-Ma’arij,70,23,23,False,"QS. Al-Ma’arij, 70:23"
Ibadah,Shalat,37,Shalat dengan hati lalai akan celaka di akhirat,Al-Ma’un,107,5,5,False,"QS. Al-Ma’un, 107:5"
Ibadah,Shalat,38,Shalat untuk mencari keridhaan Tuhan semesta alam,Al-An’am,6,162,162,False,"QS. Al-An’am, 6:162"
Ibadah,Shalat,39,Masjid tempat shalat dan menyebut nama Allah,Al-Hajj,22,40,40,False,"QS. Al-Hajj, 22:40"
Ibadah,Shalat,40,Meninggalkan shalat masuk neraka Saqar,Al-Muddatsir,74,43,43,False,"QS. Al-Muddatsir, 74:43"
Ibadah,Shalat,41,Shalat membentengi diri dari rayuan bisnis dan godaan duniawi,An-Nur,24,37,37,False,"QS. An-Nur, 24:37"
Ibadah,Shalat,42,Setelah shalat ‘Isya lepas pakaian luar untuk tidur,An-Nur,24,58,58,False,"QS. An-Nur, 24:58"
Ibadah,Shalat,43,Menjauhi kaum musyrik dengan jalan menegakkan shalat,Ar-Rum,30,31,31,False,"QS. Ar-Rum, 30:31"
Ibadah,Shalat,44,Shalat diperintahkan Luqman kepada anaknya,Luqman,31,17,17,False,"QS. Luqman, 31:17"
Ibadah,Zakat dan Shadaqah,1,Pungutlah zakat dari sebagian harta orang mukmin,At-Taubah,9,103,103,False,"QS. At-Taubah, 9:103"
Ibadah,Zakat dan Shadaqah,2,Keluarkan shadaqah sebelum berbicara dengan Rasulullah ﷺ,Al-Mujadilah,58,12,12,False,"QS. Al-Mujadilah, 58:12"
Ibadah,Zakat dan Shadaqah,3,Mengeluarkan shadaqah secara terbuka amat baik,Al-Baqarah,2,271,271,False,"QS. Al-Baqarah, 2:271"
Ibadah,Zakat dan Shadaqah,4,Allah tumbuh kembangkan harta yang dikeluarkan shadaqahnya,Al-Baqarah,2,276,276,False,"QS. Al-Baqarah, 2:276"
Ibadah,Zakat dan Shadaqah,5,Kaum munafiq bila tidak dapat bagian shadaqah mencela Nabi ﷺ,At-Taubah,9,58,58,False,"QS. At-Taubah, 9:58"
Ibadah,Zakat dan Shadaqah,6,Yang berhak atas bagian zakat ada delapan golongan,At-Taubah,9,60,60,False,"QS. At-Taubah, 9:60"
Ibadah,Zakat dan Shadaqah,7,Kaum munafiq mencela kaum mukmin yang keluarkan shadaqah dengan suka rela,At-Taubah,9,79,79,False,"QS. At-Taubah, 9:79"
Ibadah,Zakat dan Shadaqah,8,Allah pungut zakat dari hamba-Nya,At-Taubah,9,104,104,False,"QS. At-Taubah, 9:104"
Ibadah,Zakat dan Shadaqah,9,Shadaqah menjadi sia-sia bila diungkit-ungkit,Al-Baqarah,2,264,264,False,"QS. Al-Baqarah, 2:264"
Ibadah,Zakat dan Shadaqah,10,Orang yang mengeluarkan shadaqah laki-laki ataupun perempuan dapat pahala berlipat ganda,Al-Hadid,57,18,18,False,"QS. Al-Hadid, 57:18"
Ibadah,Zakat dan Shadaqah,11,Zakat dan shalat merupakan tabungan kebaikan untuk akhirat,Al-Baqarah,2,110,110,False,"QS. Al-Baqarah, 2:110"
Ibadah,Zakat dan Shadaqah,12,Keluarkan zakat dibalas pahala di sisi Allah,Al-Baqarah,2,277,277,False,"QS. Al-Baqarah, 2:277"
Ibadah,Zakat dan Shadaqah,13,Keluarkan zakat sebagai sarana memperoleh kelapangan masuk surga,At-Taubah,9,5,5,False,"QS. At-Taubah, 9:5"
Ibadah,Zakat dan Shadaqah,14,Orang yang mengeluarkan zakat menjadi saudara seiman,At-Taubah,9,11,11,False,"QS. At-Taubah, 9:11"
Ibadah,Zakat dan Shadaqah,15,Nabi Ismail menyuruh keluarganya mengeluarkan zakat,Maryam,19,55,55,False,"QS. Maryam, 19:55"
Ibadah,Zakat dan Shadaqah,16,Penguasa muslim yang taat kepada Allah menunaikan zakat,Al-Hajj,22,41,41,False,"QS. Al-Hajj, 22:41"
Ibadah,Zakat dan Shadaqah,17,Berzakat bukti pelakunya tidak terpedaya oleh bisnis dan kesenangan duniawi,An-Nur,24,37,37,False,"QS. An-Nur, 24:37"
Ibadah,Zakat dan Shadaqah,18,Pahala berlipat ganda diberikan kepada orang yang mengeluarkan zakat hartanya,Ar-Rum,30,39,39,False,"QS. Ar-Rum, 30:39"
Ibadah,Zakat dan Shadaqah,19,Para istri Nabi ﷺ diperintahkan berzakat,Al-Ahzab,33,33,33,False,"QS. Al-Ahzab, 33:33"
Ibadah,Zakat dan Shadaqah,20,Orang yang tidak mau mengeluarkan zakat dari hartanya dipandang kafir,Fussilat,41,7,7,False,"QS. Fussilat, 41:7"
Ibadah,Zakat dan Shadaqah,21,Menunaikan zakat pertanda agamanya lurus,Al-Bayyinah,98,5,5,False,"QS. Al-Bayyinah, 98:5"
Ibadah,Puasa,1,Tetap puasa pada saat bepergian mendapat pahala lebih baik,Al-Baqarah,2,184,184,False,"QS. Al-Baqarah, 2:184"
Ibadah,Puasa,2,Orang yang mendapati bulan Ramadhan wajib puasa,Al-Baqarah,2,185,185,False,"QS. Al-Baqarah, 2:185"
Ibadah,Puasa,3,Bernazar puasa wajib dipenuhi,Maryam,19,26,26,False,"QS. Maryam, 19:26"
Ibadah,Puasa,4,Puasa diwajibkan kepada orang mukmin,Al-Baqarah,2,183,183,False,"QS. Al-Baqarah, 2:183"
Ibadah,Puasa,5,Malam-malam bulan puasa boleh menggauli istri,Al-Baqarah,2,187,187,False,"QS. Al-Baqarah, 2:187"
Ibadah,Puasa,6,"Sakit kepala saat haji sehingga terpaksa cukur sebelum waktunya, dendanya dengan puasa atau sedekah atau sembelih kurban",Al-Baqarah,2,196,196,False,"QS. Al-Baqarah, 2:196"
Ibadah,Puasa,7,"Bayar denda dengan puasa tiga hari di Makkah sebelum pulang bila mengalami haji tamattu’, bila tidak mampu beli hewan kurban, kemudian setelah sampai rumah puasa lagi tujuh hari",Al-Baqarah,2,196,196,False,"QS. Al-Baqarah, 2:196"
Ibadah,Puasa,8,Denda puasa dua bulan berturut-turut bagi suami yang mencabut dzihar kepada istrinya,Al-Mujadilah,58,4,4,False,"QS. Al-Mujadilah, 58:4"
Ibadah,Puasa,9,Denda puasa dua bulan berturut bagi mukmin yang membunuh mukmin lain karena keliru jika ia tidak mampu bebaskan seorang budak perempuan mukminah,An-Nisa,4,92,92,False,"QS. An-Nisa, 4:92"
Ibadah,Puasa,10,"Batalkan sumpah atau melanggarnya, dendanya puasa tiga hari; jika tidak mampu, memberi makan sepuluh orang miskin atau bebaskan seorang budak",Al-Maidah,5,89,89,False,"QS. Al-Maidah, 5:89"
Ibadah,Haji dan Umrah,1,"Bila berhaji lakukan thawaf, begitu juga bila umrah",Al-Baqarah,2,158,158,False,"QS. Al-Baqarah, 2:158"
Ibadah,Haji dan Umrah,2,Ibadah haji pada bulan tertentu di bulan qamariyah,Al-Baqarah,2,189,189,False,"QS. Al-Baqarah, 2:189"
Ibadah,Haji dan Umrah,3,Sempurnakan haji dan umrah karena Allah,Al-Baqarah,2,196,196,False,"QS. Al-Baqarah, 2:196"
Ibadah,Haji dan Umrah,4,Boleh lakukan haji tamattu’,Al-Baqarah,2,196,196,False,"QS. Al-Baqarah, 2:196"
Ibadah,Haji dan Umrah,5,Haji adanya pada bulan tertentu,Al-Baqarah,2,197,197,False,"QS. Al-Baqarah, 2:197"
Ibadah,Haji dan Umrah,6,Saat melakukan haji tidak boleh berbuat dan berkata porno,Al-Baqarah,2,197,197,False,"QS. Al-Baqarah, 2:197"
Ibadah,Haji dan Umrah,7,Selama melakukan ibadah haji tidak boleh bertengkar,Al-Baqarah,2,197,197,False,"QS. Al-Baqarah, 2:197"
Ibadah,Haji dan Umrah,8,Haji akbar yaitu bila tanggal 10 Dzulhijjah bertepatan hari Jum’at,At-Taubah,9,3,3,False,"QS. At-Taubah, 9:3"
Ibadah,Haji dan Umrah,9,Umumkan kepada seluruh manusia agar pergi haji,Al-Hajj,22,27,27,False,"QS. Al-Hajj, 22:27"
Ibadah,Haji dan Umrah,10,Allah mewajibkan haji kepada orang yang mampu pergi ke Makkah,Ali Imran,3,97,97,False,"QS. Ali Imran, 3:97"
Ibadah,Haji dan Umrah,11,Sekedar melayani minum jamaah haji di Makkah tidak otomatis sama kedudukannya dengan orang mukmin,At-Taubah,9,19,19,False,"QS. At-Taubah, 9:19"
Ibadah,Dzikir,1,Dzikir tanda tobat kepada Allah,Ali Imran,3,135,135,False,"QS. Ali Imran, 3:135"
Ibadah,Dzikir,2,Berdzikir pada hari-hari melakukan haji,Al-Hajj,22,28,28,False,"QS. Al-Hajj, 22:28"
Ibadah,Dzikir,3,Setiap umat Nabi Allah diberi tuntunan berdzikir,Al-Hajj,22,34,34,False,"QS. Al-Hajj, 22:34"
Ibadah,Dzikir,4,"Berdzikir boleh dengan berdiri, duduk atau berbaring",Ali Imran,3,191,191,False,"QS. Ali Imran, 3:191"
Ibadah,Dzikir,5,Kaum munafik bermalas-malasan untuk berdzikir,An-Nisa,4,142,142,False,"QS. An-Nisa, 4:142"
Ibadah,Dzikir,6,Lakukan dzikir dan tasbih pagi dan petang,Ali Imran,3,41,41,False,"QS. Ali Imran, 3:41"
Ibadah,Dzikir,7,Lakukan dzikir dalam hati dengan rasa rendah diri dan rasa takut,Al-A’raf,7,205,205,False,"QS. Al-A’raf, 7:205"
Ibadah,Dzikir,8,"Bila kamu lupa, berdzikirlah agar hilang lupamu",Al-Kahfi,18,24,24,False,"QS. Al-Kahfi, 18:24"
Ibadah,Dzikir,9,Bersungguh-sungguhlah dalam menyebut nama Allah ketika berdzikir,Al-Muzzammil,73,8,8,False,"QS. Al-Muzzammil, 73:8"
Ibadah,Dzikir,10,"Bila telah aman dari gangguan ketika melakukan haji, maka berdzikirlah sesuai dengan ajaran Allah",Al-Baqarah,2,239,239,False,"QS. Al-Baqarah, 2:239"
Ibadah,Dzikir,11,Berdzikirlah setelah selesai shalat,An-Nisa,4,103,103,False,"QS. An-Nisa, 4:103"
Ibadah,Dzikir,12,"Selesai wuquf di ‘Arafah dan pergi meninggalkan tempat ini, berdzikirlah yang banyak di Masy’aril Haram",Al-Baqarah,2,198,198,False,"QS. Al-Baqarah, 2:198"
Ibadah,Dzikir,13,"Selesai ibadah haji, perbanyaklah dzikir",Al-Baqarah,2,200,200,False,"QS. Al-Baqarah, 2:200"
Ibadah,Dzikir,14,Perbanyaklah dzikir ketika kamu bertemu musuh di medan tempur,Al-Anfal,8,45,45,False,"QS. Al-Anfal, 8:45"
Ibadah,Dzikir,15,Sebutlah nama Allah bila menyembelih hewan,Al-An’am,6,118,118,False,"QS. Al-An’am, 6:118"
Ibadah,Dzikir,16,"Dengan berdzikir, hati orang mukmin menjadi takut kepada Allah",Al-Anfal,8,2,2,False,"QS. Al-Anfal, 8:2"
Ibadah,Dzikir,17,"Hewan yang disembelih tanpa sebut nama Allah, tidak halal dimakan",Al-An’am,6,121,121,False,"QS. Al-An’am, 6:121"
Ibadah,Dzikir,18,Tidak boleh menghalangi orang berdzikir di masjid,Al-Baqarah,2,114,114,False,"QS. Al-Baqarah, 2:114"
Ibadah,Taubat,1,"Berbuat dosa karena tidak tahu, taubatnya diterima",An-Nisa,4,17,17,False,"QS. An-Nisa, 4:17"
Ibadah,Taubat,2,"Orang murtad dan memusuhi Islam dengan keras, taubatnya tidak diterima",Ali Imran,3,90,90,False,"QS. Ali Imran, 3:90"
Ibadah,Taubat,3,Taubat menjelang sakaratul maut tidak diterima,An-Nisa,4,18,18,False,"QS. An-Nisa, 4:18"
Ibadah,Taubat,4,Taubat dari dosa dilakukan dengan cara mengingat Allah dan mohon ampun,Ali Imran,3,135,135,False,"QS. Ali Imran, 3:135"
Ibadah,Taubat,5,Taubat dari dosa dilakukan dengan cara mengingat Allah dan mohon ampun (lanjutan),Ali Imran,3,136,136,False,"QS. Ali Imran, 3:136"
Ibadah,Taubat,6,"Orang yang mengganggu kaum mukmin kemudian tidak bertaubat, disiksa di neraka jahanam",Al-Buruj,85,10,10,False,"QS. Al-Buruj, 85:10"
Perintah dan Larangan,Perintah,1,Menyembah Allah,Al-Baqarah,2,21,21,False,"QS. Al-Baqarah, 2:21"
Perintah dan Larangan,Perintah,2,Menepati janji kepada Allah,Al-Baqarah,2,40,40,False,"QS. Al-Baqarah, 2:40"
Perintah dan Larangan,Perintah,3,Mengimani Al-Qur’an,Al-Baqarah,2,41,41,False,"QS. Al-Baqarah, 2:41"
Perintah dan Larangan,Perintah,4,Mendirikan shalat,Al-Baqarah,2,43,43,False,"QS. Al-Baqarah, 2:43"
Perintah dan Larangan,Perintah,5,Takut kepada akhirat,Al-Baqarah,2,48,48,False,"QS. Al-Baqarah, 2:48"
Perintah dan Larangan,Perintah,6,Bertobat kepada Allah,Al-Baqarah,2,54,54,False,"QS. Al-Baqarah, 2:54"
Perintah dan Larangan,Perintah,7,Makan dan minum rizki yang dikaruniakan Allah,Al-Baqarah,2,60,60,False,"QS. Al-Baqarah, 2:60"
Perintah dan Larangan,Perintah,8,Berpegang teguh pada Kitabullah,Al-Baqarah,2,63,63,False,"QS. Al-Baqarah, 2:63"
Perintah dan Larangan,Perintah,9,Berbakti kepada ibu-bapak,Al-Baqarah,2,83,83,False,"QS. Al-Baqarah, 2:83"
Perintah dan Larangan,Perintah,10,Bayarkan zakat,Al-Baqarah,2,110,110,False,"QS. Al-Baqarah, 2:110"
Perintah dan Larangan,Perintah,11,Shalat di maqam Ibrahim,Al-Baqarah,2,125,125,False,"QS. Al-Baqarah, 2:125"
Perintah dan Larangan,Perintah,12,Beriman kepada agama yang diturunkan kepada Ibrahim dan keturunannya,Al-Baqarah,2,136,136,False,"QS. Al-Baqarah, 2:136"
Perintah dan Larangan,Perintah,13,Menghadap kiblat ketika shalat,Al-Baqarah,2,144,144,False,"QS. Al-Baqarah, 2:144"
Perintah dan Larangan,Perintah,14,Berkompetisi dalam berbuat baik,Al-Baqarah,2,148,148,False,"QS. Al-Baqarah, 2:148"
Perintah dan Larangan,Perintah,15,Bersyukur kepada Allah,Al-Baqarah,2,152,152,False,"QS. Al-Baqarah, 2:152"
Perintah dan Larangan,Perintah,16,Mohon pertolongan kepada Allah dengan sabar dan shalat,Al-Baqarah,2,153,153,False,"QS. Al-Baqarah, 2:153"
Perintah dan Larangan,Perintah,17,Makan barang yang halal,Al-Baqarah,2,168,168,False,"QS. Al-Baqarah, 2:168"
Perintah dan Larangan,Perintah,18,Melaksanakan hukum qishas,Al-Baqarah,2,178,178,False,"QS. Al-Baqarah, 2:178"
Perintah dan Larangan,Perintah,19,Membuat wasiat untuk keluarga sebelum mati,Al-Baqarah,2,180,180,False,"QS. Al-Baqarah, 2:180"
Perintah dan Larangan,Perintah,20,Menjalankan puasa Ramadhan,Al-Baqarah,2,183,183,False,"QS. Al-Baqarah, 2:183"
Perintah dan Larangan,Perintah,21,Mengagungkan nama Allah pada hari Idul Fitri,Al-Baqarah,2,185,185,False,"QS. Al-Baqarah, 2:185"
Perintah dan Larangan,Perintah,22,Menyempurnakan puasa sampai maghrib,Al-Baqarah,2,187,187,False,"QS. Al-Baqarah, 2:187"
Perintah dan Larangan,Perintah,23,Berjuang di jalan Allah,Al-Baqarah,2,191,191,False,"QS. Al-Baqarah, 2:191"
Perintah dan Larangan,Perintah,24,Laksanakan haji dan umrah,Al-Baqarah,2,196,196,False,"QS. Al-Baqarah, 2:196"
Perintah dan Larangan,Perintah,25,Menyiapkan bekal akhirat,Al-Baqarah,2,198,198,False,"QS. Al-Baqarah, 2:198"
Perintah dan Larangan,Perintah,26,Meninggalkan ‘Arafah bersama jamaah haji lainnya,Al-Baqarah,2,199,199,False,"QS. Al-Baqarah, 2:199"
Perintah dan Larangan,Perintah,27,Banyak menyebut nama Allah selesai ibadah haji,Al-Baqarah,2,200,200,False,"QS. Al-Baqarah, 2:200"
Perintah dan Larangan,Perintah,28,Menyebut nama Allah pada hari-hari tasyriq,Al-Baqarah,2,203,203,False,"QS. Al-Baqarah, 2:203"
Perintah dan Larangan,Perintah,29,Masuk Islam secara total,Al-Baqarah,2,208,208,False,"QS. Al-Baqarah, 2:208"
Perintah dan Larangan,Perintah,30,Memberi belanja kepada ibu-bapak dan kerabat,Al-Baqarah,2,215,215,False,"QS. Al-Baqarah, 2:215"
Perintah dan Larangan,Perintah,31,Mempergauli anak yatim dengan baik,Al-Baqarah,2,220,220,False,"QS. Al-Baqarah, 2:220"
Perintah dan Larangan,Perintah,32,Menjauhi istri yang haid,Al-Baqarah,2,222,222,False,"QS. Al-Baqarah, 2:222"
Perintah dan Larangan,Perintah,33,Mendatangi istri pada tempatnya,Al-Baqarah,2,223,223,False,"QS. Al-Baqarah, 2:223"
Perintah dan Larangan,Perintah,34,"Perempuan dicerai, jalani iddah 3 kali bersih dari haid",Al-Baqarah,2,228,228,False,"QS. Al-Baqarah, 2:228"
Perintah dan Larangan,Perintah,35,Menceraikan istri dengan cara yang baik,Al-Baqarah,2,231,231,False,"QS. Al-Baqarah, 2:231"
Perintah dan Larangan,Perintah,36,Memberi belanja kepada ibu yang menyusui anaknya bila dicerai,Al-Baqarah,2,233,233,False,"QS. Al-Baqarah, 2:233"
Perintah dan Larangan,Perintah,37,"Perempuan kematian suami, jalani iddah empat bulan sepuluh hari",Al-Baqarah,2,234,234,False,"QS. Al-Baqarah, 2:234"
Perintah dan Larangan,Perintah,38,Lakukan shalat dengan khusyu’,Al-Baqarah,2,238,238,False,"QS. Al-Baqarah, 2:238"
Perintah dan Larangan,Perintah,39,"Istri yang ditinggal mati suaminya, diberikan belanja hidup satu tahun dan tidak dikeluarkan dari rumah suami",Al-Baqarah,2,240,240,False,"QS. Al-Baqarah, 2:240"
Perintah dan Larangan,Perintah,40,Keluarkan infak dari sebagian harta,Al-Baqarah,2,254,254,False,"QS. Al-Baqarah, 2:254"
Perintah dan Larangan,Perintah,41,Keluarkan infak dari hasil yang halal dan baik,Al-Baqarah,2,267,267,False,"QS. Al-Baqarah, 2:267"
Perintah dan Larangan,Perintah,42,Tinggalkan sisa-sisa riba pada orang yang berutang,Al-Baqarah,2,278,278,False,"QS. Al-Baqarah, 2:278"
Perintah dan Larangan,Perintah,43,Catat utang-piutang atau dipersaksikan kepada 2 orang laki-laki yang adil,Al-Baqarah,2,282,282,False,"QS. Al-Baqarah, 2:282"
Perintah dan Larangan,Perintah,44,Tunaikan amanah pembayaran utang atau kesaksian utang dengan baik,Al-Baqarah,2,283,283,False,"QS. Al-Baqarah, 2:283"
Perintah dan Larangan,Perintah,45,Mengikuti Rasulullah ﷺ,Ali Imran,3,31,31,False,"QS. Ali Imran, 3:31"
Perintah dan Larangan,Perintah,46,Mengajak Ahli Kitab kepada akidah tauhid,Ali Imran,3,64,64,False,"QS. Ali Imran, 3:64"
Perintah dan Larangan,Perintah,47,Ikuti agama Nabi Ibrahim,Ali Imran,3,95,95,False,"QS. Ali Imran, 3:95"
Perintah dan Larangan,Perintah,48,Takwa kepada Allah dengan sungguh-sungguh,Ali Imran,3,102,102,False,"QS. Ali Imran, 3:102"
Perintah dan Larangan,Perintah,49,Berpegang kepada semua isi Al-Qur’an dengan teguh,Ali Imran,3,103,103,False,"QS. Ali Imran, 3:103"
Perintah dan Larangan,Perintah,50,Menyuruh berbuat ma’ruf,Ali Imran,3,104,104,False,"QS. Ali Imran, 3:104"
Perintah dan Larangan,Perintah,51,Jauhkan diri dari siksa neraka,Ali Imran,3,131,131,False,"QS. Ali Imran, 3:131"
Perintah dan Larangan,Perintah,52,Taat kepada Allah dan Rasul-Nya,Ali Imran,3,132,132,False,"QS. Ali Imran, 3:132"
Perintah dan Larangan,Perintah,53,Nabi ﷺ harus bermusyawarah dengan umat,Ali Imran,3,159,159,False,"QS. Ali Imran, 3:159"
Perintah dan Larangan,Perintah,54,Meningkatkan kesabaran dan konsolidasi,Ali Imran,3,200,200,False,"QS. Ali Imran, 3:200"
Perintah dan Larangan,Perintah,55,Serahkan harta anak yatim dengan baik kepada pemiliknya,An-Nisa,4,2,2,False,"QS. An-Nisa, 4:2"
Perintah dan Larangan,Perintah,56,Bayarkan maskawin kepada mempelai perempuan,An-Nisa,4,4,4,False,"QS. An-Nisa, 4:4"
Perintah dan Larangan,Perintah,57,Ujilah kemampuan anak yatim dalam mengurus harta,An-Nisa,4,6,6,False,"QS. An-Nisa, 4:6"
Perintah dan Larangan,Perintah,58,"Berhati-hati memberi wasiat, bila meninggalkan anak yang lemah",An-Nisa,4,9,9,False,"QS. An-Nisa, 4:9"
Perintah dan Larangan,Perintah,59,Berikan bagian warisan kepada anak perempuan setengah bagian anak lelaki,An-Nisa,4,11,11,False,"QS. An-Nisa, 4:11"
Perintah dan Larangan,Perintah,60,Perlakukan istri dengan baik,An-Nisa,4,19,19,False,"QS. An-Nisa, 4:19"
Perintah dan Larangan,Perintah,61,Nikahi budak perempuan dengan izin tuannya,An-Nisa,4,25,25,False,"QS. An-Nisa, 4:25"
Perintah dan Larangan,Perintah,62,Berikan kepada ahli waris bagian yang telah ditetapkan oleh Allah,An-Nisa,4,33,33,False,"QS. An-Nisa, 4:33"
Perintah dan Larangan,Perintah,63,Istri tinggal di rumah suami untuk mengurus keluarga,An-Nisa,4,34,34,False,"QS. An-Nisa, 4:34"
Perintah dan Larangan,Perintah,64,Pisah tempat tidur dengan istri yang durhaka kepada suami,An-Nisa,4,34,34,False,"QS. An-Nisa, 4:34"
Perintah dan Larangan,Perintah,65,Angkat penengah untuk selesaikan perselisihan suami istri,An-Nisa,4,35,35,False,"QS. An-Nisa, 4:35"
Perintah dan Larangan,Perintah,66,"Berlaku baik kepada kaum miskin, tetangga, dan orang yang terlantar dalam perjalanan",An-Nisa,4,36,36,False,"QS. An-Nisa, 4:36"
Perintah dan Larangan,Perintah,67,Mandi junub bagi yang berjanabat bila hendak duduk di masjid,An-Nisa,4,43,43,False,"QS. An-Nisa, 4:43"
Perintah dan Larangan,Perintah,68,Tunaikan amanah kepada pemberi amanah,An-Nisa,4,58,58,False,"QS. An-Nisa, 4:58"
Perintah dan Larangan,Perintah,69,Taat kepada ulil amri,An-Nisa,4,59,59,False,"QS. An-Nisa, 4:59"
Perintah dan Larangan,Perintah,70,Mempersiapkan diri untuk perang,An-Nisa,4,71,71,False,"QS. An-Nisa, 4:71"
Perintah dan Larangan,Perintah,71,Memerangi golongan kafir yang merusak tata kehidupan agama,An-Nisa,4,74,74,False,"QS. An-Nisa, 4:74"
Perintah dan Larangan,Perintah,72,Memerangi para pelaku kedzaliman,An-Nisa,4,75,75,False,"QS. An-Nisa, 4:75"
Perintah dan Larangan,Perintah,73,Memperhatikan ayat-ayat Al-Qur’an dengan ilmu dan akal,An-Nisa,4,82,82,False,"QS. An-Nisa, 4:82"
Perintah dan Larangan,Perintah,74,Bangkitkan semangat kaum mukmin untuk berperang,An-Nisa,4,84,84,False,"QS. An-Nisa, 4:84"
Perintah dan Larangan,Perintah,75,Beri salam dengan salam Islam,An-Nisa,4,86,86,False,"QS. An-Nisa, 4:86"
Perintah dan Larangan,Perintah,76,Bersatu menghadapi kaum munafik,An-Nisa,4,88,88,False,"QS. An-Nisa, 4:88"
Perintah dan Larangan,Perintah,77,Memerdekakan seorang budak perempuan mukminat bila membunuh seorang mukmin karena keliru,An-Nisa,4,92,92,False,"QS. An-Nisa, 4:92"
Perintah dan Larangan,Perintah,78,Bertindak teliti dan hati-hati dalam memerangi musuh Islam,An-Nisa,4,94,94,False,"QS. An-Nisa, 4:94"
Perintah dan Larangan,Perintah,79,Pergi hijrah bila di negeri sendiri tidak dapat melaksanakan ibadah dengan aman,An-Nisa,4,97,97,False,"QS. An-Nisa, 4:97"
Perintah dan Larangan,Perintah,80,Melakukan shalat qashar bila bepergian,An-Nisa,4,101,101,False,"QS. An-Nisa, 4:101"
Perintah dan Larangan,Perintah,81,Menyebut nama Allah selesai shalat,An-Nisa,4,103,103,False,"QS. An-Nisa, 4:103"
Perintah dan Larangan,Perintah,82,Mohon ampun kepada Allah,An-Nisa,4,106,106,False,"QS. An-Nisa, 4:106"
Perintah dan Larangan,Perintah,83,Menyuruh orang bershadaqah,An-Nisa,4,114,114,False,"QS. An-Nisa, 4:114"
Perintah dan Larangan,Perintah,84,Berlaku adil kepada anak yatim,An-Nisa,4,127,127,False,"QS. An-Nisa, 4:127"
Perintah dan Larangan,Perintah,85,Berdamai antara istri dengan suaminya,An-Nisa,4,128,128,False,"QS. An-Nisa, 4:128"
Perintah dan Larangan,Perintah,86,Menjadi saksi dengan adil,An-Nisa,4,135,135,False,"QS. An-Nisa, 4:135"
Perintah dan Larangan,Perintah,87,"Beriman kepada Allah, Rasulullah ﷺ, Al-Qur’an, dan Kitab-kitab rasul sebelumnya",An-Nisa,4,136,136,False,"QS. An-Nisa, 4:136"
Perintah dan Larangan,Perintah,88,Kaum Nabi Musa disuruh memasuki gerbang negeri Palestina dengan bersujud,An-Nisa,4,154,154,False,"QS. An-Nisa, 4:154"
Perintah dan Larangan,Perintah,89,Penuhi perjanjian atau transaksi dengan sebaik-baiknya,Al-Maidah,5,1,1,False,"QS. Al-Maidah, 5:1"
Perintah dan Larangan,Perintah,90,Menghormati tata cara dan tempat-tempat melakukan ibadah haji,Al-Maidah,5,2,2,False,"QS. Al-Maidah, 5:2"
Perintah dan Larangan,Perintah,91,Saling menolong dalam kebaikan,Al-Maidah,5,2,2,False,"QS. Al-Maidah, 5:2"
Perintah dan Larangan,Perintah,92,Berwudlu sebelum shalat,Al-Maidah,5,6,6,False,"QS. Al-Maidah, 5:6"
Perintah dan Larangan,Perintah,93,Berlaku adil sekalipun kepada orang yang dibenci dan memusuhi,Al-Maidah,5,8,8,False,"QS. Al-Maidah, 5:8"
Perintah dan Larangan,Perintah,94,Mengingat nikmat-nikmat Allah,Al-Maidah,5,11,11,False,"QS. Al-Maidah, 5:11"
Perintah dan Larangan,Perintah,95,Carilah keridhaan Allah dengan amal shalih,Al-Maidah,5,35,35,False,"QS. Al-Maidah, 5:35"
Perintah dan Larangan,Perintah,96,Potonglah tangan pencuri,Al-Maidah,5,38,38,False,"QS. Al-Maidah, 5:38"
Perintah dan Larangan,Perintah,97,Takutlah kepada Allah semata-mata dalam menegakkan kebenaran,Al-Maidah,5,44,44,False,"QS. Al-Maidah, 5:44"
Perintah dan Larangan,Perintah,98,Jalankan qishas secara benar,Al-Maidah,5,45,45,False,"QS. Al-Maidah, 5:45"
Perintah dan Larangan,Perintah,99,Berhati-hati kepada kaum Yahudi dan Nasrani,Al-Maidah,5,49,49,False,"QS. Al-Maidah, 5:49"
Perintah dan Larangan,Perintah,100,Sampaikan Al-Qur’an kepada umat manusia,Al-Maidah,5,67,67,False,"QS. Al-Maidah, 5:67"
Perintah dan Larangan,Perintah,101,"Jauhi judi, minuman keras, dan undian nasib",Al-Maidah,5,90,90,False,"QS. Al-Maidah, 5:90"
Perintah dan Larangan,Perintah,102,Persaksikan wasiat kepada dua lelaki mukmin yang adil atau bukan mukmin bila dalam perjalanan,Al-Maidah,5,106,106,False,"QS. Al-Maidah, 5:106"
Perintah dan Larangan,Perintah,103,Ambillah pelajaran dari kehancuran golongan sesat dalam menyembah selain Allah,Al-An’am,6,24,24,False,"QS. Al-An’am, 6:24"
Perintah dan Larangan,Perintah,104,Beri peringatan terhadap orang yang mau takut pada siksa akhirat,Al-An’am,6,51,51,False,"QS. Al-An’am, 6:51"
Perintah dan Larangan,Perintah,105,Sambut orang mukmin dengan ucapan assalāmu ‘alaikum,Al-An’am,6,54,54,False,"QS. Al-An’am, 6:54"
Perintah dan Larangan,Perintah,106,Jauhi kaum penyembah berhala,Al-An’am,6,106,106,False,"QS. Al-An’am, 6:106"
Perintah dan Larangan,Perintah,107,"Tinggalkan perbuatan dosa, baik saat sendiri maupun di depan orang lain",Al-An’am,6,120,120,False,"QS. Al-An’am, 6:120"
Perintah dan Larangan,Perintah,108,Bacakan kepada umat manusia apa yang diharamkan Allah,Al-An’am,6,151,151,False,"QS. Al-An’am, 6:151"
Perintah dan Larangan,Perintah,109,Ikuti jalan Allah,Al-An’am,6,153,153,False,"QS. Al-An’am, 6:153"
Perintah dan Larangan,Perintah,110,Adam dan istrinya disuruh tinggal di surga tetapi dilarang mendekati sebuah pohon,Al-A’raf,7,19,19,False,"QS. Al-A’raf, 7:19"
Perintah dan Larangan,Perintah,111,Menjauhi tipu daya setan,Al-A’raf,7,27,27,False,"QS. Al-A’raf, 7:27"
Perintah dan Larangan,Perintah,112,Memakai pakaian yang bagus untuk shalat,Al-A’raf,7,31,31,False,"QS. Al-A’raf, 7:31"
Perintah dan Larangan,Perintah,113,Memasuki daerah umat yang telah dibinasakan di masa lalu,Al-A’raf,7,38,38,False,"QS. Al-A’raf, 7:38"
Perintah dan Larangan,Perintah,114,Berdoa kepada Allah dengan sikap rendah diri dan suara lirih,Al-A’raf,7,55,55,False,"QS. Al-A’raf, 7:55"
Perintah dan Larangan,Perintah,115,Mengingat nikmat kekuasaan yang Allah berikan,Al-A’raf,7,74,74,False,"QS. Al-A’raf, 7:74"
Perintah dan Larangan,Perintah,116,Bersabar menghadapi perlawanan kaum tidak beriman,Al-A’raf,7,87,87,False,"QS. Al-A’raf, 7:87"
Perintah dan Larangan,Perintah,117,Mengimani Nabi yang buta huruf,Al-A’raf,7,158,158,False,"QS. Al-A’raf, 7:158"
Perintah dan Larangan,Perintah,118,Mengatakan yang haq tentang agama Allah,Al-A’raf,7,169,169,False,"QS. Al-A’raf, 7:169"
Perintah dan Larangan,Perintah,119,Membacakan kepada manusia kisah umat yang diberi kitab Allah tetapi mereka melupakannya,Al-A’raf,7,175,175,False,"QS. Al-A’raf, 7:175"
Perintah dan Larangan,Perintah,120,Memperhatikan hal ihwal Nabi ﷺ,Al-A’raf,7,184,184,False,"QS. Al-A’raf, 7:184"
Perintah dan Larangan,Perintah,121,Perhatikan kekuasaan Allah di langit dan di bumi,Al-A’raf,7,185,185,False,"QS. Al-A’raf, 7:185"
Perintah dan Larangan,Perintah,122,Jauhi orang-orang jahil,Al-A’raf,7,199,199,False,"QS. Al-A’raf, 7:199"
Perintah dan Larangan,Perintah,123,Menyambut seruan Allah dan Rasul-Nya,Al-Anfal,8,24,24,False,"QS. Al-Anfal, 8:24"
Perintah dan Larangan,Perintah,124,Hati-hati terhadap perbuatan yang dapat menimbulkan adzab di dunia,Al-Anfal,8,25,25,False,"QS. Al-Anfal, 8:25"
Perintah dan Larangan,Perintah,125,Bertakwa agar dosa-dosa dihapuskan oleh Allah,Al-Anfal,8,29,29,False,"QS. Al-Anfal, 8:29"
Perintah dan Larangan,Perintah,126,Memerangi kemusyrikan agar tidak muncul fitnah terhadap umat Islam,Al-Anfal,8,39,39,False,"QS. Al-Anfal, 8:39"
Perintah dan Larangan,Perintah,127,Memerangi kemusyrikan agar tidak muncul fitnah terhadap umat Islam (lanjutan),Al-Anfal,8,40,40,False,"QS. Al-Anfal, 8:40"
Perintah dan Larangan,Perintah,128,Bagilah rampasan perang seperlima untuk Allah dan Rasul-Nya,Al-Anfal,8,41,41,False,"QS. Al-Anfal, 8:41"
Perintah dan Larangan,Perintah,129,Bila berhadapan dengan pasukan musuh harus tetap tegar dan ingat Allah,Al-Anfal,8,45,45,False,"QS. Al-Anfal, 8:45"
Perintah dan Larangan,Perintah,130,Melakukan persiapan untuk perang,Al-Anfal,8,60,60,False,"QS. Al-Anfal, 8:60"
Perintah dan Larangan,Perintah,131,Terimalah perdamaian bila musuh minta damai,Al-Anfal,8,61,61,False,"QS. Al-Anfal, 8:61"
Perintah dan Larangan,Perintah,132,Ambillah rampasan perang sebagai rezeki yang halal,Al-Anfal,8,69,69,False,"QS. Al-Anfal, 8:69"
Perintah dan Larangan,Perintah,133,Berilah bantuan bila umat Islam di wilayah lain minta bantuan,Al-Anfal,8,72,72,False,"QS. Al-Anfal, 8:72"
Perintah dan Larangan,Perintah,134,Tunaikan perjanjian dengan kaum musyrik secara baik selama mereka mematuhi,At-Taubah,9,4,4,False,"QS. At-Taubah, 9:4"
Perintah dan Larangan,Perintah,135,Perangi kaum yang melanggar perjanjian dengan kamu,At-Taubah,9,13,13,False,"QS. At-Taubah, 9:13"
Perintah dan Larangan,Perintah,136,Perangi kaum Ahli Kitab sampai mereka mau membayar jizyah,At-Taubah,9,29,29,False,"QS. At-Taubah, 9:29"
Perintah dan Larangan,Perintah,137,Pergi berperang dengan hati lapang atau berat hati,At-Taubah,9,41,41,False,"QS. At-Taubah, 9:41"
Perintah dan Larangan,Perintah,138,Bersikap keras kepada kaum kafir dan munafik,At-Taubah,9,73,73,False,"QS. At-Taubah, 9:73"
Perintah dan Larangan,Perintah,139,Pungutlah zakat dari orang-orang berharta,At-Taubah,9,103,103,False,"QS. At-Taubah, 9:103"
Perintah dan Larangan,Perintah,140,Bersama dengan orang-orang yang jujur dalam iman,At-Taubah,9,119,119,False,"QS. At-Taubah, 9:119"
Perintah dan Larangan,Perintah,141,Sebagian umat Islam pergi menuntut ilmu untuk mengajarkan agama kepada kaumnya,At-Taubah,9,122,122,False,"QS. At-Taubah, 9:122"
Perintah dan Larangan,Perintah,142,Perangi kaum kafir di sekitar Madinah,At-Taubah,9,123,123,False,"QS. At-Taubah, 9:123"
Perintah dan Larangan,Perintah,143,Bacakan kisah Nabi Nuh dengan kaumnya,Yunus,10,71,71,False,"QS. Yunus, 10:71"
Perintah dan Larangan,Perintah,144,Tanyakan kebenaran Al-Qur’an kepada Ahli Kitab,Yunus,10,94,94,False,"QS. Yunus, 10:94"
Perintah dan Larangan,Perintah,145,Bertobat kepada Allah,Hud,11,3,3,False,"QS. Hud, 11:3"
Perintah dan Larangan,Perintah,146,Tahu bahwa Al-Qur’an diturunkan dengan sepengetahuan Allah,Hud,11,14,14,False,"QS. Hud, 11:14"
Perintah dan Larangan,Perintah,147,Sebut nama Allah ketika menaiki kendaraan,Hud,11,41,41,False,"QS. Hud, 11:41"
Perintah dan Larangan,Perintah,148,Mohon ampun kepada Allah,Hud,11,52,52,False,"QS. Hud, 11:52"
Perintah dan Larangan,Perintah,149,Konsisten menjalankan Islam sebagaimana diperintahkan,Hud,11,112,112,False,"QS. Hud, 11:112"
Perintah dan Larangan,Perintah,150,Ingatkan manusia tentang datangnya adzab akhirat,Ibrahim,14,44,44,False,"QS. Ibrahim, 14:44"
Perintah dan Larangan,Perintah,151,Sampaikan Islam dengan terus terang kepada umat manusia,Al-Hijr,15,94,94,False,"QS. Al-Hijr, 15:94"
Perintah dan Larangan,Perintah,152,Jadilah orang yang sujud kepada Allah,Al-Hijr,15,98,98,False,"QS. Al-Hijr, 15:98"
Perintah dan Larangan,Perintah,153,Beribadahlah kepada Allah sampai datang maut,Al-Hijr,15,99,99,False,"QS. Al-Hijr, 15:99"
Perintah dan Larangan,Perintah,154,Penuhi janji kepada Allah,An-Nahl,16,91,91,False,"QS. An-Nahl, 16:91"
Perintah dan Larangan,Perintah,155,"Ajaklah manusia ke jalan Allah dengan ilmu, nasihat, dan tukar pikiran yang baik",An-Nahl,16,125,125,False,"QS. An-Nahl, 16:125"
Perintah dan Larangan,Perintah,156,Balaslah pelanggaran suatu kaum sepadan dengan pelanggarannya,An-Nahl,16,126,126,False,"QS. An-Nahl, 16:126"
Perintah dan Larangan,Perintah,157,"Berbuatlah kebaikan, niscaya kamu memperoleh kebaikan",Al-Isra,17,7,7,False,"QS. Al-Isra, 17:7"
Perintah dan Larangan,Perintah,158,Berkatalah dengan penuh penghormatan kepada ayah-bunda,Al-Isra,17,23,23,False,"QS. Al-Isra, 17:23"
Perintah dan Larangan,Perintah,159,Bersikaplah merendah kepada ayah-bunda,Al-Isra,17,24,24,False,"QS. Al-Isra, 17:24"
Perintah dan Larangan,Perintah,160,"Sempurnakan timbangan, takaran, dan ukuran dalam berjual-beli",Al-Isra,17,35,35,False,"QS. Al-Isra, 17:35"
Perintah dan Larangan,Perintah,161,"Dirikanlah shalat setelah matahari condong ke barat, setelah masuk malam, dan ketika terbit fajar",Al-Isra,17,78,78,False,"QS. Al-Isra, 17:78"
Perintah dan Larangan,Perintah,162,Dirikan shalat tahajud pada malam hari,Al-Isra,17,79,79,False,"QS. Al-Isra, 17:79"
Perintah dan Larangan,Perintah,163,Sebutlah nama Allah atau Ar-Rahman ketika berdoa,Al-Isra,17,110,110,False,"QS. Al-Isra, 17:110"
Perintah dan Larangan,Perintah,164,Bersabarlah berkumpul dengan kaum yang mencari keridhaan Allah siang dan malam,Al-Kahfi,18,28,28,False,"QS. Al-Kahfi, 18:28"
Perintah dan Larangan,Perintah,165,Gembalakanlah ternakmu untuk kebutuhan makan minum,Thaha,20,54,54,False,"QS. Thaha, 20:54"
Perintah dan Larangan,Perintah,166,Nantikanlah datangnya adzab yang Allah janjikan kepada kaum kafir,Thaha,20,135,135,False,"QS. Thaha, 20:135"
Perintah dan Larangan,Perintah,167,Umumkan kepada umat manusia adanya kewajiban ibadah haji,Al-Hajj,22,27,27,False,"QS. Al-Hajj, 22:27"
Perintah dan Larangan,Perintah,168,"Berbuatlah kebaikan, niscaya kamu beruntung",Al-Hajj,22,77,77,False,"QS. Al-Hajj, 22:77"
Perintah dan Larangan,Perintah,169,Balaslah sikap buruk dengan sikap baik,Al-Mu’minun,23,96,96,False,"QS. Al-Mu’minun, 23:96"
Perintah dan Larangan,Perintah,170,Mohonlah perlindungan kepada Allah dari bisikan setan,Al-Mu’minun,23,97,97,False,"QS. Al-Mu’minun, 23:97"
Perintah dan Larangan,Perintah,171,Mohonlah rahmat kepada Allah,Al-Mu’minun,23,118,118,False,"QS. Al-Mu’minun, 23:118"
Perintah dan Larangan,Perintah,172,Deralah pelaku zina laki dan perempuan 100 kali cambukan,An-Nur,24,2,2,False,"QS. An-Nur, 24:2"
Perintah dan Larangan,Perintah,173,Deralah 80 kali cambukan penuduh muslimah shalihah berzina tanpa membawa 4 saksi,An-Nur,24,4,4,False,"QS. An-Nur, 24:4"
Perintah dan Larangan,Perintah,174,Tetaplah memberi bantuan belanja kepada kerabat miskin sekalipun menyakiti hati,An-Nur,24,22,22,False,"QS. An-Nur, 24:22"
Perintah dan Larangan,Perintah,175,Berilah salam sebelum masuk rumah orang,An-Nur,24,27,27,False,"QS. An-Nur, 24:27"
Perintah dan Larangan,Perintah,176,Suruhlah kaum mukmin laki dan perempuan tundukkan pandangan,An-Nur,24,30,30,False,"QS. An-Nur, 24:30"
Perintah dan Larangan,Perintah,177,Suruhlah kaum mukmin laki dan perempuan tundukkan pandangan (lanjutan),An-Nur,24,31,31,False,"QS. An-Nur, 24:31"
Perintah dan Larangan,Perintah,178,Jagalah kesucian diri dari zina,An-Nur,24,33,33,False,"QS. An-Nur, 24:33"
Perintah dan Larangan,Perintah,179,Suruhlah anak-anak minta izin sebelum masuk kamar orang tua,An-Nur,24,58,58,False,"QS. An-Nur, 24:58"
Perintah dan Larangan,Perintah,180,Suruhlah perempuan menopause tetap memakai jilbab,An-Nur,24,60,60,False,"QS. An-Nur, 24:60"
Perintah dan Larangan,Perintah,181,Mintalah izin bila hendak meninggalkan majelis,An-Nur,24,62,62,False,"QS. An-Nur, 24:62"
Perintah dan Larangan,Perintah,182,Perhatikanlah kelakuan kaum kafir yang membuat perumpamaan buruk tentang Rasulullah,Al-Furqan,25,9,9,False,"QS. Al-Furqan, 25:9"
Perintah dan Larangan,Perintah,183,Bacakanlah kisah Nabi Ibrahim,Asy-Syu’ara,26,69,69,False,"QS. Asy-Syu’ara, 26:69"
Perintah dan Larangan,Perintah,184,Berilah peringatan kepada kerabat besarmu dengan ayat-ayat Allah,Asy-Syu’ara,26,214,214,False,"QS. Asy-Syu’ara, 26:214"
Perintah dan Larangan,Perintah,185,Bertakwalah kepada Allah,Asy-Syu’ara,26,216,216,False,"QS. Asy-Syu’ara, 26:216"
Perintah dan Larangan,Perintah,186,Bertakwalah kepada Allah (lanjutan),Asy-Syu’ara,26,217,217,False,"QS. Asy-Syu’ara, 26:217"
Perintah dan Larangan,Perintah,187,Mengembaralah di muka bumi untuk mengetahui nasib kaum durhaka,An-Naml,27,69,69,False,"QS. An-Naml, 27:69"
Perintah dan Larangan,Perintah,188,Mengambaralah di muka bumi untuk mengetahui nasib kaum durhaka (lanjutan),Al-Ankabut,29,20,20,False,"QS. Al-Ankabut, 29:20"
Perintah dan Larangan,Perintah,189,Hadapkan dirimu dengan benar kepada agama tauhid,Ar-Rum,30,30,30,False,"QS. Ar-Rum, 30:30"
Perintah dan Larangan,Perintah,190,Hadapkan dirimu dengan benar kepada agama tauhid (lanjutan),Ar-Rum,30,43,43,False,"QS. Ar-Rum, 30:43"
Perintah dan Larangan,Perintah,191,Perhatikan bekas-bekas rahmat Allah di muka bumi,Ar-Rum,30,50,50,False,"QS. Ar-Rum, 30:50"
Perintah dan Larangan,Perintah,192,Bersyukurlah kepada ibu bapakmu,Luqman,31,14,14,False,"QS. Luqman, 31:14"
Perintah dan Larangan,Perintah,193,"Bergaullah dengan baik pada ibu bapakmu, sekalipun mereka kafir",Luqman,31,15,15,False,"QS. Luqman, 31:15"
Perintah dan Larangan,Perintah,194,Bersabarlah menghadapi musibah,Luqman,31,17,17,False,"QS. Luqman, 31:17"
Perintah dan Larangan,Perintah,195,"Berjalanlah dengan wajar, tidak terburu-buru dan tidak berlambat-lambat",Luqman,31,19,19,False,"QS. Luqman, 31:19"
Perintah dan Larangan,Perintah,196,Istri-istri Nabi diperintahkan tinggal di rumah dan tidak keluar dengan dandanan ala jahiliyah,Al-Ahzab,33,33,33,False,"QS. Al-Ahzab, 33:33"
Perintah dan Larangan,Perintah,197,Perempuan yang dicerai tanpa pernah digauli tidak ada iddahnya,Al-Ahzab,33,49,49,False,"QS. Al-Ahzab, 33:49"
Perintah dan Larangan,Perintah,198,Takwa kepada Allah dan berkata benar secara tegas,Al-Ahzab,33,70,70,False,"QS. Al-Ahzab, 33:70"
Perintah dan Larangan,Perintah,199,Bersabar menantikan janji Allah untuk menghancurkan kaum kafir,Ghafir,40,77,77,False,"QS. Ghafir, 40:77"
Perintah dan Larangan,Perintah,200,Tegakkan agama dan jangan berbuat syirik,Asy-Syura,42,13,13,False,"QS. Asy-Syura, 42:13"
Perintah dan Larangan,Perintah,201,Ajak manusia ke jalan Allah dan berlaku lurus,Asy-Syura,42,15,15,False,"QS. Asy-Syura, 42:15"
Perintah dan Larangan,Perintah,202,Pegang teguh ajaran yang diwahyukan kepada Nabi ﷺ,Az-Zukhruf,43,43,43,False,"QS. Az-Zukhruf, 43:43"
Perintah dan Larangan,Perintah,203,Jauhi orang-orang yang menjauhi agama Allah,An-Najm,53,29,29,False,"QS. An-Najm, 53:29"
Perintah dan Larangan,Perintah,204,Sujud dan sembahlah Allah,An-Najm,53,62,62,False,"QS. An-Najm, 53:62"
Perintah dan Larangan,Perintah,205,Berlomba menuju ampunan Allah,Al-Hadid,57,21,21,False,"QS. Al-Hadid, 57:21"
Perintah dan Larangan,Perintah,206,"Berikan tempat kepada orang lain dalam majelis, dan berdirilah bila diminta",Al-Mujadilah,58,11,11,False,"QS. Al-Mujadilah, 58:11"
Perintah dan Larangan,Perintah,207,Ujilah terlebih dahulu perempuan mukminat yang datang hijrah sebelum dikembalikan kepada keluarganya,Al-Mumtahanah,60,10,10,False,"QS. Al-Mumtahanah, 60:10"
Perintah dan Larangan,Perintah,208,Datangi shalat Jum’at bila telah adzan,Al-Jumu’ah,62,9,9,False,"QS. Al-Jumu’ah, 62:9"
Perintah dan Larangan,Perintah,209,Bertebaran mencari rezeki sesudah shalat Jum’at,Al-Jumu’ah,62,10,10,False,"QS. Al-Jumu’ah, 62:10"
Perintah dan Larangan,Perintah,210,Keluarkan infak sebelum datang ajal,Al-Munafiqun,63,10,10,False,"QS. Al-Munafiqun, 63:10"
Perintah dan Larangan,Perintah,211,Berimanlah kepada Al-Qur’an,At-Taghabun,64,8,8,False,"QS. At-Taghabun, 64:8"
Perintah dan Larangan,Perintah,212,Taatlah kepada Allah semaksimal kemampuanmu,At-Taghabun,64,16,16,False,"QS. At-Taghabun, 64:16"
Perintah dan Larangan,Perintah,213,Hitunglah secara cermat masa iddah perempuan yang ditalak suaminya,At-Talaq,65,1,1,False,"QS. At-Talaq, 65:1"
Perintah dan Larangan,Perintah,214,Adakanlah dua saksi laki-laki yang adil bila mentalak atau merujuk istri,At-Talaq,65,2,2,False,"QS. At-Talaq, 65:2"
Perintah dan Larangan,Perintah,215,Berilah tempat tinggal kepada istri,At-Talaq,65,6,6,False,"QS. At-Talaq, 65:6"
Perintah dan Larangan,Perintah,216,Perangilah kaum munafik,At-Tahrim,66,9,9,False,"QS. At-Tahrim, 66:9"
Perintah dan Larangan,Perintah,217,Bacalah ayat Al-Qur’an yang kamu hafal dalam shalat,Al-Muzzammil,73,20,20,False,"QS. Al-Muzzammil, 73:20"
Perintah dan Larangan,Perintah,218,Kembalilah kepada Allah dengan hati ridha,Al-Fajr,89,27,27,False,"QS. Al-Fajr, 89:27"
Perintah dan Larangan,Perintah,219,Kembalilah kepada Allah dengan hati ridha (lanjutan),Al-Fajr,89,28,28,False,"QS. Al-Fajr, 89:28"
Perintah dan Larangan,Perintah,220,Dekatkan diri kepada Allah,Al-‘Alaq,96,19,19,False,"QS. Al-‘Alaq, 96:19"
Perintah dan Larangan,Perintah,221,Sembelihlah hewan kurban pada hari raya Idul Adha,Al-Kautsar,108,2,2,False,"QS. Al-Kautsar, 108:2"
Perintah dan Larangan,Perintah,222,Dirikan shalat,Al-Ma’un,107,4,4,False,"QS. Al-Ma’un, 107:4"
Perintah dan Larangan,Perintah,223,Bersihkan pakaianmu,Al-Muddatsir,74,4,4,False,"QS. Al-Muddatsir, 74:4"
Perintah dan Larangan,Perintah,224,Jauhi hal-hal yang kotor,Al-Muddatsir,74,5,5,False,"QS. Al-Muddatsir, 74:5"
Perintah dan Larangan,Perintah,225,Bersabar karena Allah,Al-Muddatsir,74,7,7,False,"QS. Al-Muddatsir, 74:7"
Perintah dan Larangan,Perintah,226,Mohon perlindungan kepada Allah dari bisikan setan,An-Nas,114,1,1,False,"QS. An-Nas, 114:1"
Perintah dan Larangan,Perintah,227,Mohon perlindungan kepada Allah dari bisikan setan (lanjutan),An-Nas,114,2,2,False,"QS. An-Nas, 114:2"
Perintah dan Larangan,Perintah,228,Mohon perlindungan kepada Allah dari bisikan setan (lanjutan),An-Nas,114,3,3,False,"QS. An-Nas, 114:3"
Perintah dan Larangan,Perintah,229,Mohon perlindungan kepada Allah dari bisikan setan (lanjutan),An-Nas,114,4,4,False,"QS. An-Nas, 114:4"
Perintah dan Larangan,Perintah,230,Mohon perlindungan kepada Allah dari bisikan setan (lanjutan),An-Nas,114,5,5,False,"QS. An-Nas, 114:5"
Perintah dan Larangan,Perintah,231,Mohon perlindungan kepada Allah dari bisikan setan (lanjutan),An-Nas,114,6,6,False,"QS. An-Nas, 114:6"
Perintah dan Larangan,Perintah,232,Mohon perlindungan kepada Allah dari keburukan makhluk-Nya,Al-Falaq,113,1,1,False,"QS. Al-Falaq, 113:1"
Perintah dan Larangan,Perintah,233,Mohon perlindungan kepada Allah dari keburukan makhluk-Nya (lanjutan),Al-Falaq,113,2,2,False,"QS. Al-Falaq, 113:2"
Perintah dan Larangan,Perintah,234,Mohon perlindungan kepada Allah dari keburukan makhluk-Nya (lanjutan),Al-Falaq,113,3,3,False,"QS. Al-Falaq, 113:3"
Perintah dan Larangan,Perintah,235,Mohon perlindungan kepada Allah dari keburukan makhluk-Nya (lanjutan),Al-Falaq,113,4,4,False,"QS. Al-Falaq, 113:4"
Perintah dan Larangan,Perintah,236,Mohon perlindungan kepada Allah dari keburukan makhluk-Nya (lanjutan),Al-Falaq,113,5,5,False,"QS. Al-Falaq, 113:5"
Perintah dan Larangan,Perintah,237,Bacalah dengan nama Tuhanmu,Al-‘Alaq,96,1,1,False,"QS. Al-‘Alaq, 96:1"
Perintah dan Larangan,Perintah,238,Dirikan shalat untuk mengingat Allah,Thaha,20,14,14,False,"QS. Thaha, 20:14"
Perintah dan Larangan,Perintah,239,Dirikan shalat dengan khusyu’,Al-Mu’minun,23,2,2,False,"QS. Al-Mu’minun, 23:2"
Perintah dan Larangan,Perintah,240,Bersyukurlah atas nikmat Allah,Adh-Dhuha,93,11,11,False,"QS. Adh-Dhuha, 93:11"
Perintah dan Larangan,Perintah,241,Berlomba-lombalah dalam kebaikan,Al-Baqarah,2,148,148,False,"QS. Al-Baqarah, 2:148"
Perintah dan Larangan,Perintah,242,Bersabarlah dan kuatkanlah kesabaran,Ali Imran,3,200,200,False,"QS. Ali Imran, 3:200"
Perintah dan Larangan,Perintah,243,Tegakkan keadilan karena Allah,An-Nisa,4,135,135,False,"QS. An-Nisa, 4:135"
Perintah dan Larangan,Perintah,244,Jangan mengikuti hawa nafsu,Shad,38,26,26,False,"QS. Shad, 38:26"
Perintah dan Larangan,Perintah,245,Ikhlaskan agama hanya untuk Allah,Al-Bayyina,98,5,5,False,"QS. Al-Bayyina, 98:5"
Perintah dan Larangan,Perintah,246,Perbanyaklah dzikir kepada Allah,Al-Ahzab,33,41,41,False,"QS. Al-Ahzab, 33:41"
Perintah dan Larangan,Perintah,247,Bacalah Al-Qur’an dengan tartil,Al-Muzzammil,73,4,4,False,"QS. Al-Muzzammil, 73:4"
Perintah dan Larangan,Perintah,248,Sabar menghadapi cobaan hidup,Al-Baqarah,2,153,153,False,"QS. Al-Baqarah, 2:153"
Perintah dan Larangan,Perintah,249,Bertawakkallah kepada Allah,Ali Imran,3,159,159,False,"QS. Ali Imran, 3:159"
Perintah dan Larangan,Perintah,250,"Berlaku adillah, karena adil lebih dekat kepada takwa",Al-Maidah,5,8,8,False,"QS. Al-Maidah, 5:8"
Perintah dan Larangan,Perintah,251,Berjihadlah dengan harta dan jiwa di jalan Allah,At-Taubah,9,41,41,False,"QS. At-Taubah, 9:41"
Perintah dan Larangan,Perintah,252,Jadilah saksi dengan kebenaran,Al-Baqarah,2,282,282,False,"QS. Al-Baqarah, 2:282"
Perintah dan Larangan,Perintah,253,Ikuti Rasulullah ﷺ agar mendapat rahmat,Ali Imran,3,31,31,False,"QS. Ali Imran, 3:31"
Perintah dan Larangan,Perintah,254,Laksanakan amanah,Al-Ahzab,33,72,72,False,"QS. Al-Ahzab, 33:72"
Perintah dan Larangan,Perintah,255,Ingatlah nikmat Allah agar bersyukur,Al-Maidah,5,11,11,False,"QS. Al-Maidah, 5:11"
Perintah dan Larangan,Perintah,256,Berzikir pagi dan petang,Al-Ahzab,33,42,42,False,"QS. Al-Ahzab, 33:42"
Perintah dan Larangan,Perintah,257,Mintalah pertolongan dengan sabar dan shalat,Al-Baqarah,2,45,45,False,"QS. Al-Baqarah, 2:45"
Perintah dan Larangan,Perintah,258,Jangan berputus asa dari rahmat Allah,Az-Zumar,39,53,53,False,"QS. Az-Zumar, 39:53"
Perintah dan Larangan,Perintah,259,Mintalah ampunan kepada Allah,Nuh,71,10,10,False,"QS. Nuh, 71:10"
Perintah dan Larangan,Perintah,260,Bertakwalah kepada Allah di mana saja berada,Ali Imran,3,102,102,False,"QS. Ali Imran, 3:102"
Perintah dan Larangan,Perintah,261,Berlaku lemah lembutlah terhadap sesama mukmin,Ali Imran,3,159,159,False,"QS. Ali Imran, 3:159"
Perintah dan Larangan,Perintah,262,Taatilah perintah Allah dan jauhi larangan-Nya,Al-A’raf,7,96,96,False,"QS. Al-A’raf, 7:96"
Perintah dan Larangan,Perintah,263,Mohonlah kemenangan kepada Allah,Al-Fath,48,1,1,False,"QS. Al-Fath, 48:1"
Perintah dan Larangan,Perintah,264,Berimanlah kepada Allah dan Rasul-Nya dengan iman yang benar,Al-Hujurat,49,15,15,False,"QS. Al-Hujurat, 49:15"
Perintah dan Larangan,Perintah,265,"Jangan melampaui batas dalam agama, tetapi tegaklah di jalan yang lurus",Al-Maidah,5,77,77,False,"QS. Al-Maidah, 5:77"
Perintah dan Larangan,Larangan,1,Menukar ayat-ayat Allah dengan kesenangan dunia yang murah,Al-Baqarah,2,41,41,False,"QS. Al-Baqarah, 2:41"
Perintah dan Larangan,Larangan,2,Mencampuradukkan kebenaran dengan kebathilan,Al-Baqarah,2,42,42,False,"QS. Al-Baqarah, 2:42"
Perintah dan Larangan,Larangan,3,Mengatakan “ra‘inā” kepada Nabi ﷺ,Al-Baqarah,2,104,104,False,"QS. Al-Baqarah, 2:104"
Perintah dan Larangan,Larangan,4,Membeda-bedakan rasul Allah yang satu dengan yang lainnya,Al-Baqarah,2,136,136,False,"QS. Al-Baqarah, 2:136"
Perintah dan Larangan,Larangan,5,Meragukan Al-Qur’an datang dari Allah,Al-Baqarah,2,147,147,False,"QS. Al-Baqarah, 2:147"
Perintah dan Larangan,Larangan,6,Menganggap orang mati dalam jihad sama dengan mati biasa,Al-Baqarah,2,154,154,False,"QS. Al-Baqarah, 2:154"
Perintah dan Larangan,Larangan,7,Mengikuti langkah-langkah setan,Al-Baqarah,2,168,168,False,"QS. Al-Baqarah, 2:168"
Perintah dan Larangan,Larangan,8,"Memakan daging babi, bangkai, dan darah",Al-Baqarah,2,173,173,False,"QS. Al-Baqarah, 2:173"
Perintah dan Larangan,Larangan,9,Menyembunyikan ayat-ayat Allah untuk keuntungan dunia,Al-Baqarah,2,174,174,False,"QS. Al-Baqarah, 2:174"
Perintah dan Larangan,Larangan,10,Menyembunyikan ayat-ayat Allah untuk keuntungan dunia (lanjutan),Al-Baqarah,2,175,175,False,"QS. Al-Baqarah, 2:175"
Perintah dan Larangan,Larangan,11,Memalsukan wasiat,Al-Baqarah,2,180,180,False,"QS. Al-Baqarah, 2:180"
Perintah dan Larangan,Larangan,12,Memalsukan wasiat (lanjutan),Al-Baqarah,2,181,181,False,"QS. Al-Baqarah, 2:181"
Perintah dan Larangan,Larangan,13,Memalsukan wasiat (lanjutan),Al-Baqarah,2,182,182,False,"QS. Al-Baqarah, 2:182"
Perintah dan Larangan,Larangan,14,Bersenggama dengan istri di siang hari bulan puasa dan selama i‘tikaf,Al-Baqarah,2,187,187,False,"QS. Al-Baqarah, 2:187"
Perintah dan Larangan,Larangan,15,Memakan hak orang lain secara batil,Al-Baqarah,2,188,188,False,"QS. Al-Baqarah, 2:188"
Perintah dan Larangan,Larangan,16,Berperang di daerah Masjidil Haram,Al-Baqarah,2,191,191,False,"QS. Al-Baqarah, 2:191"
Perintah dan Larangan,Larangan,17,Berperang pada bulan-bulan haram,Al-Baqarah,2,194,194,False,"QS. Al-Baqarah, 2:194"
Perintah dan Larangan,Larangan,18,Mencukur rambut saat ihram haji,Al-Baqarah,2,196,196,False,"QS. Al-Baqarah, 2:196"
Perintah dan Larangan,Larangan,19,Berkata atau berbuat porno,Al-Baqarah,2,197,197,False,"QS. Al-Baqarah, 2:197"
Perintah dan Larangan,Larangan,20,Menukar nikmat Allah dengan perbuatan dosa,Al-Baqarah,2,211,211,False,"QS. Al-Baqarah, 2:211"
Perintah dan Larangan,Larangan,21,Perang pada bulan-bulan haram dosanya sangat besar,Al-Baqarah,2,217,217,False,"QS. Al-Baqarah, 2:217"
Perintah dan Larangan,Larangan,22,Main judi dan minuman keras,Al-Baqarah,2,219,219,False,"QS. Al-Baqarah, 2:219"
Perintah dan Larangan,Larangan,23,Menikah dengan kaum musyrik laki-laki/perempuan,Al-Baqarah,2,221,221,False,"QS. Al-Baqarah, 2:221"
Perintah dan Larangan,Larangan,24,Bersenggama dengan perempuan sedang haid,Al-Baqarah,2,222,222,False,"QS. Al-Baqarah, 2:222"
Perintah dan Larangan,Larangan,25,Bersumpah dengan nama Allah untuk tidak berbuat kebaikan,Al-Baqarah,2,224,224,False,"QS. Al-Baqarah, 2:224"
Perintah dan Larangan,Larangan,26,Melanggar ketentuan Allah dalam talak dan rujuk,Al-Baqarah,2,229,229,False,"QS. Al-Baqarah, 2:229"
Perintah dan Larangan,Larangan,27,Menikahi kembali mantan istri yang ditalak tiga kali,Al-Baqarah,2,230,230,False,"QS. Al-Baqarah, 2:230"
Perintah dan Larangan,Larangan,28,Merujuk istri untuk menyakiti hati dan perasaannya,Al-Baqarah,2,231,231,False,"QS. Al-Baqarah, 2:231"
Perintah dan Larangan,Larangan,29,Menghalangi mantan istri menikah dengan lelaki lain,Al-Baqarah,2,232,232,False,"QS. Al-Baqarah, 2:232"
Perintah dan Larangan,Larangan,30,Menyusahkan ibu yang menyusui anaknya,Al-Baqarah,2,233,233,False,"QS. Al-Baqarah, 2:233"
Perintah dan Larangan,Larangan,31,Menghalangi janda kematian suami untuk mengurus diri sendiri,Al-Baqarah,2,234,234,False,"QS. Al-Baqarah, 2:234"
Perintah dan Larangan,Larangan,32,Melamar janda dalam masa iddah dengan terang-terangan,Al-Baqarah,2,235,235,False,"QS. Al-Baqarah, 2:235"
Perintah dan Larangan,Larangan,33,Melupakan kebaikan antara suami-istri setelah perceraian,Al-Baqarah,2,237,237,False,"QS. Al-Baqarah, 2:237"
Perintah dan Larangan,Larangan,34,Mengeluarkan janda dari rumah suami sebelum masa satu tahun,Al-Baqarah,2,240,240,False,"QS. Al-Baqarah, 2:240"
Perintah dan Larangan,Larangan,35,Memaksa seseorang masuk Islam,Al-Baqarah,2,256,256,False,"QS. Al-Baqarah, 2:256"
Perintah dan Larangan,Larangan,36,Mengungkit-ungkit sedekah,Al-Baqarah,2,264,264,False,"QS. Al-Baqarah, 2:264"
Perintah dan Larangan,Larangan,37,Memilih barang buruk untuk disedekahkan,Al-Baqarah,2,267,267,False,"QS. Al-Baqarah, 2:267"
Perintah dan Larangan,Larangan,38,Meminta-minta kepada manusia,Al-Baqarah,2,273,273,False,"QS. Al-Baqarah, 2:273"
Perintah dan Larangan,Larangan,39,Memakan riba dan melakukan riba,Al-Baqarah,2,275,275,False,"QS. Al-Baqarah, 2:275"
Perintah dan Larangan,Larangan,40,Enggan mencatat utang-piutang,Al-Baqarah,2,282,282,False,"QS. Al-Baqarah, 2:282"
Perintah dan Larangan,Larangan,41,Memaksakan diri di luar kemampuan,Al-Baqarah,2,286,286,False,"QS. Al-Baqarah, 2:286"
Perintah dan Larangan,Larangan,42,Mengikuti ayat-ayat mutasyabihat untuk menimbulkan fitnah,Ali Imran,3,7,7,False,"QS. Ali Imran, 3:7"
Perintah dan Larangan,Larangan,43,Membunuh orang yang melakukan amar ma’ruf nahi munkar,Ali Imran,3,21,21,False,"QS. Ali Imran, 3:21"
Perintah dan Larangan,Larangan,44,Membunuh orang yang melakukan amar ma’ruf nahi munkar (lanjutan),Ali Imran,3,22,22,False,"QS. Ali Imran, 3:22"
Perintah dan Larangan,Larangan,45,Mengangkat orang kafir jadi pemimpin kaum mukmin,Ali Imran,3,28,28,False,"QS. Ali Imran, 3:28"
Perintah dan Larangan,Larangan,46,Menjadikan para pendeta sebagai panutan selain Allah,Ali Imran,3,64,64,False,"QS. Ali Imran, 3:64"
Perintah dan Larangan,Larangan,47,Menyangkal kebenaran kisah Ibrahim dalam Al-Qur’an,Ali Imran,3,65,65,False,"QS. Ali Imran, 3:65"
Perintah dan Larangan,Larangan,48,Merekayasa ajaran agama atas nama Allah,Ali Imran,3,78,78,False,"QS. Ali Imran, 3:78"
Perintah dan Larangan,Larangan,49,Mengajak manusia mengakui adanya sesembahan selain Allah,Ali Imran,3,79,79,False,"QS. Ali Imran, 3:79"
Perintah dan Larangan,Larangan,50,Mengajak manusia mengakui adanya sesembahan selain Allah (lanjutan),Ali Imran,3,80,80,False,"QS. Ali Imran, 3:80"
Perintah dan Larangan,Larangan,51,Mengikuti agama selain Islam,Ali Imran,3,83,83,False,"QS. Ali Imran, 3:83"
Perintah dan Larangan,Larangan,52,Mengikuti agama selain Islam (lanjutan),Ali Imran,3,84,84,False,"QS. Ali Imran, 3:84"
Perintah dan Larangan,Larangan,53,Mengikuti agama selain Islam (lanjutan),Ali Imran,3,85,85,False,"QS. Ali Imran, 3:85"
Perintah dan Larangan,Larangan,54,Murtad dari Islam,Ali Imran,3,90,90,False,"QS. Ali Imran, 3:90"
Perintah dan Larangan,Larangan,55,Murtad dari Islam (lanjutan),Ali Imran,3,91,91,False,"QS. Ali Imran, 3:91"
Perintah dan Larangan,Larangan,56,Mengharamkan sesuatu yang tidak diharamkan Allah,Ali Imran,3,93,93,False,"QS. Ali Imran, 3:93"
Perintah dan Larangan,Larangan,57,Mengharamkan sesuatu yang tidak diharamkan Allah (lanjutan),Ali Imran,3,94,94,False,"QS. Ali Imran, 3:94"
Perintah dan Larangan,Larangan,58,Mengharamkan sesuatu yang tidak diharamkan Allah (lanjutan),Ali Imran,3,95,95,False,"QS. Ali Imran, 3:95"
Perintah dan Larangan,Larangan,59,Menghalangi orang mengikuti Islam,Ali Imran,3,99,99,False,"QS. Ali Imran, 3:99"
Perintah dan Larangan,Larangan,60,Mengikuti ajaran Yahudi atau Nasrani,Ali Imran,3,101,101,False,"QS. Ali Imran, 3:101"
Perintah dan Larangan,Larangan,61,Mati tidak dalam keadaan Islam,Ali Imran,3,102,102,False,"QS. Ali Imran, 3:102"
Perintah dan Larangan,Larangan,62,Bercerai-berai dalam agama Islam,Ali Imran,3,103,103,False,"QS. Ali Imran, 3:103"
Perintah dan Larangan,Larangan,63,Mengikuti kebiasaan bersekte-sekte dalam agama,Ali Imran,3,105,105,False,"QS. Ali Imran, 3:105"
Perintah dan Larangan,Larangan,64,Menjadikan orang Yahudi sebagai teman dekat,Ali Imran,3,118,118,False,"QS. Ali Imran, 3:118"
Perintah dan Larangan,Larangan,65,Menjadikan orang Yahudi sebagai teman dekat (lanjutan),Ali Imran,3,119,119,False,"QS. Ali Imran, 3:119"
Perintah dan Larangan,Larangan,66,Menjadikan orang Yahudi sebagai teman dekat (lanjutan),Ali Imran,3,120,120,False,"QS. Ali Imran, 3:120"
Perintah dan Larangan,Larangan,67,Memakan hasil riba berlipat ganda,Ali Imran,3,130,130,False,"QS. Ali Imran, 3:130"
Perintah dan Larangan,Larangan,68,Bersikap lemah dan sedih menghadapi kaum kafir,Ali Imran,3,139,139,False,"QS. Ali Imran, 3:139"
Perintah dan Larangan,Larangan,69,Bersikap lemah dan sedih menghadapi kaum kafir (lanjutan),Ali Imran,3,140,140,False,"QS. Ali Imran, 3:140"
Perintah dan Larangan,Larangan,70,Bersikap lemah dan sedih menghadapi kaum kafir (lanjutan),Ali Imran,3,141,141,False,"QS. Ali Imran, 3:141"
Perintah dan Larangan,Larangan,71,Keluar dari Islam setelah wafat Nabi Muhammad ﷺ,Ali Imran,3,144,144,False,"QS. Ali Imran, 3:144"
Perintah dan Larangan,Larangan,72,Keluar dari Islam setelah wafat Nabi Muhammad ﷺ (lanjutan),Ali Imran,3,145,145,False,"QS. Ali Imran, 3:145"
Perintah dan Larangan,Larangan,73,Keluar dari Islam setelah wafat Nabi Muhammad ﷺ (lanjutan),Ali Imran,3,146,146,False,"QS. Ali Imran, 3:146"
Perintah dan Larangan,Larangan,74,Mengikuti orang kafir hingga memurtadkan orang Islam,Ali Imran,3,149,149,False,"QS. Ali Imran, 3:149"
Perintah dan Larangan,Larangan,75,Mengikuti orang kafir hingga memurtadkan orang Islam (lanjutan),Ali Imran,3,150,150,False,"QS. Ali Imran, 3:150"
Perintah dan Larangan,Larangan,76,Mengkorupsi harta rampasan perang,Ali Imran,3,161,161,False,"QS. Ali Imran, 3:161"
Perintah dan Larangan,Larangan,77,Takut terhadap ancaman setan dan kaum kafir,Ali Imran,3,175,175,False,"QS. Ali Imran, 3:175"
Perintah dan Larangan,Larangan,78,Takut terhadap ancaman setan dan kaum kafir (lanjutan),Ali Imran,3,176,176,False,"QS. Ali Imran, 3:176"
Perintah dan Larangan,Larangan,79,Berlaku bakhil menginfakkan harta untuk kebajikan,Ali Imran,3,180,180,False,"QS. Ali Imran, 3:180"
Perintah dan Larangan,Larangan,80,Berlaku bakhil menginfakkan harta untuk kebajikan (lanjutan),Ali Imran,3,181,181,False,"QS. Ali Imran, 3:181"
Perintah dan Larangan,Larangan,81,Berbangga diri dengan pujian atas kebaikan yang tidak dilakukan,Ali Imran,3,188,188,False,"QS. Ali Imran, 3:188"
Perintah dan Larangan,Larangan,82,Berlaku tidak adil terhadap istri,An-Nisa,4,3,3,False,"QS. An-Nisa, 4:3"
Perintah dan Larangan,Larangan,83,Menyerahkan harta kepada orang yang boros atau lemah akalnya,An-Nisa,4,5,5,False,"QS. An-Nisa, 4:5"
Perintah dan Larangan,Larangan,84,Memakan harta anak yatim secara batil,An-Nisa,4,6,6,False,"QS. An-Nisa, 4:6"
Perintah dan Larangan,Larangan,85,Memakan harta anak yatim secara batil (lanjutan),An-Nisa,4,7,7,False,"QS. An-Nisa, 4:7"
Perintah dan Larangan,Larangan,86,Memakan harta anak yatim secara batil (lanjutan),An-Nisa,4,8,8,False,"QS. An-Nisa, 4:8"
Perintah dan Larangan,Larangan,87,Memakan harta anak yatim secara batil (lanjutan),An-Nisa,4,9,9,False,"QS. An-Nisa, 4:9"
Perintah dan Larangan,Larangan,88,Memakan harta anak yatim secara batil (lanjutan),An-Nisa,4,10,10,False,"QS. An-Nisa, 4:10"
Perintah dan Larangan,Larangan,89,Menjadikan perempuan sebagai barang warisan,An-Nisa,4,19,19,False,"QS. An-Nisa, 4:19"
Perintah dan Larangan,Larangan,90,Mengambil kembali mas kawin dari istri tanpa ridhanya,An-Nisa,4,20,20,False,"QS. An-Nisa, 4:20"
Perintah dan Larangan,Larangan,91,Menikahi ibu tiri,An-Nisa,4,22,22,False,"QS. An-Nisa, 4:22"
Perintah dan Larangan,Larangan,92,Menikahi perempuan yang punya ikatan mahram,An-Nisa,4,23,23,False,"QS. An-Nisa, 4:23"
Perintah dan Larangan,Larangan,93,Menikahi perempuan bersuami,An-Nisa,4,24,24,False,"QS. An-Nisa, 4:24"
Perintah dan Larangan,Larangan,94,Menjadikan perempuan sebagai gundik/selir tanpa akad,An-Nisa,4,25,25,False,"QS. An-Nisa, 4:25"
Perintah dan Larangan,Larangan,95,Memakan harta orang lain dengan cara batil,An-Nisa,4,29,29,False,"QS. An-Nisa, 4:29"
Perintah dan Larangan,Larangan,96,Iri hati terhadap orang lain yang mendapat rahmat Allah,An-Nisa,4,32,32,False,"QS. An-Nisa, 4:32"
Perintah dan Larangan,Larangan,97,Suami mencari-cari alasan untuk menyakiti istri,An-Nisa,4,34,34,False,"QS. An-Nisa, 4:34"
Perintah dan Larangan,Larangan,98,Melakukan shalat dalam keadaan mabuk,An-Nisa,4,43,43,False,"QS. An-Nisa, 4:43"
Perintah dan Larangan,Larangan,99,Merubah firman-firman Allah,An-Nisa,4,46,46,False,"QS. An-Nisa, 4:46"
Perintah dan Larangan,Larangan,100,Percaya kepada setan dan sesembahan selain Allah,An-Nisa,4,51,51,False,"QS. An-Nisa, 4:51"
Perintah dan Larangan,Larangan,101,Percaya kepada setan dan sesembahan selain Allah (lanjutan),An-Nisa,4,52,52,False,"QS. An-Nisa, 4:52"
Perintah dan Larangan,Larangan,102,Menjadikan aturan setan atau hawa nafsu sebagai hukum,An-Nisa,4,60,60,False,"QS. An-Nisa, 4:60"
Perintah dan Larangan,Larangan,103,Menjadikan aturan setan atau hawa nafsu sebagai hukum (lanjutan),An-Nisa,4,61,61,False,"QS. An-Nisa, 4:61"
Perintah dan Larangan,Larangan,104,Melarikan diri dari medan perang,An-Nisa,4,77,77,False,"QS. An-Nisa, 4:77"
Perintah dan Larangan,Larangan,105,Melarikan diri dari medan perang (lanjutan),An-Nisa,4,78,78,False,"QS. An-Nisa, 4:78"
Perintah dan Larangan,Larangan,106,Berpecah belah menghadapi kaum munafik,An-Nisa,4,88,88,False,"QS. An-Nisa, 4:88"
Perintah dan Larangan,Larangan,107,Berpecah belah menghadapi kaum munafik (lanjutan),An-Nisa,4,89,89,False,"QS. An-Nisa, 4:89"
Perintah dan Larangan,Larangan,108,Membunuh sesama mukmin kecuali karena keliru,An-Nisa,4,92,92,False,"QS. An-Nisa, 4:92"
Perintah dan Larangan,Larangan,109,Membunuh sesama mukmin kecuali karena keliru (lanjutan),An-Nisa,4,93,93,False,"QS. An-Nisa, 4:93"
Perintah dan Larangan,Larangan,110,Lemah mengejar kaum kafir yang memusuhi Islam,An-Nisa,4,104,104,False,"QS. An-Nisa, 4:104"
Perintah dan Larangan,Larangan,111,Berbincang-bincang selain untuk bertakwa kepada Allah,An-Nisa,4,114,114,False,"QS. An-Nisa, 4:114"
Perintah dan Larangan,Larangan,112,Mengawini anak perempuan yatim tanpa mas kawin,An-Nisa,4,127,127,False,"QS. An-Nisa, 4:127"
Perintah dan Larangan,Larangan,113,Berteman dekat dengan orang kafir dan meninggalkan mukmin,An-Nisa,4,138,138,False,"QS. An-Nisa, 4:138"
Perintah dan Larangan,Larangan,114,Berteman dekat dengan orang kafir dan meninggalkan mukmin (lanjutan),An-Nisa,4,139,139,False,"QS. An-Nisa, 4:139"
Perintah dan Larangan,Larangan,115,Mengeluarkan kata-kata buruk kecuali untuk membela hak,An-Nisa,4,148,148,False,"QS. An-Nisa, 4:148"
Perintah dan Larangan,Larangan,116,Mengatakan cerita bohong tentang Maryam ibunda Nabi Isa,An-Nisa,4,156,156,False,"QS. An-Nisa, 4:156"
Perintah dan Larangan,Larangan,117,Mengatakan cerita bohong tentang Maryam ibunda Nabi Isa (lanjutan),An-Nisa,4,157,157,False,"QS. An-Nisa, 4:157"
Perintah dan Larangan,Larangan,118,Mengatakan cerita bohong tentang Maryam ibunda Nabi Isa (lanjutan),An-Nisa,4,158,158,False,"QS. An-Nisa, 4:158"
Perintah dan Larangan,Larangan,119,Mengada-adakan ajaran agama yang tidak ditetapkan Allah,An-Nisa,4,171,171,False,"QS. An-Nisa, 4:171"
Perintah dan Larangan,Larangan,120,Menghalalkan beberapa larangan Allah dalam haji,Al-Maidah,5,2,2,False,"QS. Al-Maidah, 5:2"
Perintah dan Larangan,Larangan,121,"Memakan hewan yang mati dicekik, dipukul, jatuh, atau disembelih untuk sesaji",Al-Maidah,5,3,3,False,"QS. Al-Maidah, 5:3"
Perintah dan Larangan,Larangan,122,Mengatakan Isa bin Maryam sebagai putra Tuhan,Al-Maidah,5,17,17,False,"QS. Al-Maidah, 5:17"
Perintah dan Larangan,Larangan,123,Menganggap Yahudi dan Nasrani sebagai kekasih Allah,Al-Maidah,5,18,18,False,"QS. Al-Maidah, 5:18"
Perintah dan Larangan,Larangan,124,Melakukan gangguan keamanan dan kerusuhan,Al-Maidah,5,33,33,False,"QS. Al-Maidah, 5:33"
Perintah dan Larangan,Larangan,125,Bersedih hati melihat manusia cepat-cepat jadi kafir,Al-Maidah,5,41,41,False,"QS. Al-Maidah, 5:41"
Perintah dan Larangan,Larangan,126,Mengikuti hukum jahiliyah,Al-Maidah,5,50,50,False,"QS. Al-Maidah, 5:50"
Perintah dan Larangan,Larangan,127,Berteman dengan orang yang memperolok-olok ajaran Islam,Al-Maidah,5,57,57,False,"QS. Al-Maidah, 5:57"
Perintah dan Larangan,Larangan,128,Mengatakan Allah miskin,Al-Maidah,5,64,64,False,"QS. Al-Maidah, 5:64"
Perintah dan Larangan,Larangan,129,Mengatakan Al-Masih sebagai Tuhan,Al-Maidah,5,72,72,False,"QS. Al-Maidah, 5:72"
Perintah dan Larangan,Larangan,130,Mengatakan Al-Masih sebagai Tuhan (lanjutan),Al-Maidah,5,73,73,False,"QS. Al-Maidah, 5:73"
Perintah dan Larangan,Larangan,131,Mengikuti manusia yang sesat,Al-Maidah,5,78,78,False,"QS. Al-Maidah, 5:78"
Perintah dan Larangan,Larangan,132,Mengikuti manusia yang sesat (lanjutan),Al-Maidah,5,79,79,False,"QS. Al-Maidah, 5:79"
Perintah dan Larangan,Larangan,133,Mengikuti manusia yang sesat (lanjutan),Al-Maidah,5,80,80,False,"QS. Al-Maidah, 5:80"
Perintah dan Larangan,Larangan,134,Mengikuti manusia yang sesat (lanjutan),Al-Maidah,5,81,81,False,"QS. Al-Maidah, 5:81"
Perintah dan Larangan,Larangan,135,Melanggar sumpah yang diucapkan dengan serius,Al-Maidah,5,89,89,False,"QS. Al-Maidah, 5:89"
Perintah dan Larangan,Larangan,136,Melakukan undian nasib,Al-Maidah,5,90,90,False,"QS. Al-Maidah, 5:90"
Perintah dan Larangan,Larangan,137,Memburu hewan selama ihram haji/umrah,Al-Maidah,5,95,95,False,"QS. Al-Maidah, 5:95"
Perintah dan Larangan,Larangan,138,Mempersoalkan sesuatu yang didiamkan Allah,Al-Maidah,5,101,101,False,"QS. Al-Maidah, 5:101"
Perintah dan Larangan,Larangan,139,Menjadikan selain Allah sebagai pelindung dan penjaga,Al-Maidah,5,116,116,False,"QS. Al-Maidah, 5:116"
Perintah dan Larangan,Larangan,140,Memakan hewan yang disembelih tanpa menyebut nama Allah,Al-An‘am,6,121,121,False,"QS. Al-An‘am, 6:121"
Perintah dan Larangan,Larangan,141,Membunuh anak dan mengharamkan rezeki Allah,Al-An‘am,6,140,140,False,"QS. Al-An‘am, 6:140"
Perintah dan Larangan,Larangan,142,Memakan darah yang mengalir,Al-An‘am,6,145,145,False,"QS. Al-An‘am, 6:145"
Perintah dan Larangan,Larangan,143,Memakan hewan berkuku (untuk Yahudi) yang diharamkan,Al-An‘am,6,146,146,False,"QS. Al-An‘am, 6:146"
Perintah dan Larangan,Larangan,144,Mendekati harta anak yatim kecuali untuk memperbaikinya,Al-An‘am,6,152,152,False,"QS. Al-An‘am, 6:152"
Perintah dan Larangan,Larangan,145,Mengikuti jalan hidup selain Islam,Al-An‘am,6,153,153,False,"QS. Al-An‘am, 6:153"
Perintah dan Larangan,Larangan,146,Mengikuti sekte-sekte buatan manusia dalam agama,Al-An‘am,6,159,159,False,"QS. Al-An‘am, 6:159"
Perintah dan Larangan,Larangan,147,Mengikuti tipu daya setan,Al-A‘raf,7,27,27,False,"QS. Al-A‘raf, 7:27"
Perintah dan Larangan,Larangan,148,Makan dan minum dengan boros,Al-A‘raf,7,31,31,False,"QS. Al-A‘raf, 7:31"
Perintah dan Larangan,Larangan,149,Menjadikan agama Allah bahan ejekan,Al-A‘raf,7,51,51,False,"QS. Al-A‘raf, 7:51"
Perintah dan Larangan,Larangan,150,Merusak di muka bumi,Al-A‘raf,7,56,56,False,"QS. Al-A‘raf, 7:56"
Perintah dan Larangan,Larangan,151,Menakut-nakuti manusia untuk beriman,Al-A’raf,7,86,86,False,"QS. Al-A’raf, 7:86"
Perintah dan Larangan,Larangan,152,Menyembah anak sapi,Al-A’raf,7,152,152,False,"QS. Al-A’raf, 7:152"
Perintah dan Larangan,Larangan,153,Mengikuti orang lalai mengingat Allah,Al-A’raf,7,205,205,False,"QS. Al-A’raf, 7:205"
Perintah dan Larangan,Larangan,154,Melarikan diri dari perang melawan kafir,Al-Anfal,8,15,15,False,"QS. Al-Anfal, 8:15"
Perintah dan Larangan,Larangan,155,Melarikan diri dari perang melawan kafir (lanjutan),Al-Anfal,8,16,16,False,"QS. Al-Anfal, 8:16"
Perintah dan Larangan,Larangan,156,Menyalahi perintah Allah dan Rasul,Al-Anfal,8,20,20,False,"QS. Al-Anfal, 8:20"
Perintah dan Larangan,Larangan,157,Menyalahi perintah Allah dan Rasul (lanjutan),Al-Anfal,8,21,21,False,"QS. Al-Anfal, 8:21"
Perintah dan Larangan,Larangan,158,Menyalahi perintah Allah dan Rasul (lanjutan),Al-Anfal,8,22,22,False,"QS. Al-Anfal, 8:22"
Perintah dan Larangan,Larangan,159,Berkhianat kepada Allah dan Rasul-Nya,Al-Anfal,8,27,27,False,"QS. Al-Anfal, 8:27"
Perintah dan Larangan,Larangan,160,Membelanjakan harta untuk menjauhkan manusia dari Islam,Al-Anfal,8,36,36,False,"QS. Al-Anfal, 8:36"
Perintah dan Larangan,Larangan,161,Berselisih ketika menghadapi musuh,Al-Anfal,8,46,46,False,"QS. Al-Anfal, 8:46"
Perintah dan Larangan,Larangan,162,Membiarkan kaum kafir merusak perjanjian,At-Taubah,9,13,13,False,"QS. At-Taubah, 9:13"
Perintah dan Larangan,Larangan,163,Menganggap melayani haji sama dengan iman & jihad,At-Taubah,9,19,19,False,"QS. At-Taubah, 9:19"
Perintah dan Larangan,Larangan,164,Menganggap melayani haji sama dengan iman & jihad (lanjutan),At-Taubah,9,20,20,False,"QS. At-Taubah, 9:20"
Perintah dan Larangan,Larangan,165,Menganggap melayani haji sama dengan iman & jihad (lanjutan),At-Taubah,9,21,21,False,"QS. At-Taubah, 9:21"
Perintah dan Larangan,Larangan,166,Menganggap melayani haji sama dengan iman & jihad (lanjutan),At-Taubah,9,22,22,False,"QS. At-Taubah, 9:22"
Perintah dan Larangan,Larangan,167,Mencintai keluarga lebih dari mencintai Allah dan Rasul-Nya,At-Taubah,9,23,23,False,"QS. At-Taubah, 9:23"
Perintah dan Larangan,Larangan,168,Mencintai keluarga lebih dari mencintai Allah dan Rasul-Nya (lanjutan),At-Taubah,9,24,24,False,"QS. At-Taubah, 9:24"
Perintah dan Larangan,Larangan,169,Menyimpan emas & perak tanpa zakat,At-Taubah,9,34,34,False,"QS. At-Taubah, 9:34"
Perintah dan Larangan,Larangan,170,Menyimpan emas & perak tanpa zakat (lanjutan),At-Taubah,9,35,35,False,"QS. At-Taubah, 9:35"
Perintah dan Larangan,Larangan,171,Menukar bulan-bulan haram,At-Taubah,9,36,36,False,"QS. At-Taubah, 9:36"
Perintah dan Larangan,Larangan,172,Menukar bulan-bulan haram (lanjutan),At-Taubah,9,37,37,False,"QS. At-Taubah, 9:37"
Perintah dan Larangan,Larangan,173,Terpesona harta & anak orang munafik/kafir,At-Taubah,9,55,55,False,"QS. At-Taubah, 9:55"
Perintah dan Larangan,Larangan,174,Melecehkan mukmin yang hanya mampu infak sedikit,At-Taubah,9,79,79,False,"QS. At-Taubah, 9:79"
Perintah dan Larangan,Larangan,175,Menyalati jenazah munafik,At-Taubah,9,84,84,False,"QS. At-Taubah, 9:84"
Perintah dan Larangan,Larangan,176,Beribadah di masjid kaum munafik,At-Taubah,9,107,107,False,"QS. At-Taubah, 9:107"
Perintah dan Larangan,Larangan,177,Beribadah di masjid kaum munafik (lanjutan),At-Taubah,9,108,108,False,"QS. At-Taubah, 9:108"
Perintah dan Larangan,Larangan,178,Beribadah di masjid kaum munafik (lanjutan),At-Taubah,9,109,109,False,"QS. At-Taubah, 9:109"
Perintah dan Larangan,Larangan,179,Beribadah di masjid kaum munafik (lanjutan),At-Taubah,9,110,110,False,"QS. At-Taubah, 9:110"
Perintah dan Larangan,Larangan,180,Pergi perang semua tanpa ada yang menuntut ilmu,At-Taubah,9,122,122,False,"QS. At-Taubah, 9:122"
Perintah dan Larangan,Larangan,181,Menetapkan halal/haram tanpa dalil Allah,Yunus,10,59,59,False,"QS. Yunus, 10:59"
Perintah dan Larangan,Larangan,182,Menetapkan halal/haram tanpa dalil Allah (lanjutan),Yunus,10,60,60,False,"QS. Yunus, 10:60"
Perintah dan Larangan,Larangan,183,Mengikuti kaum pendusta ayat Allah,Yunus,10,94,94,False,"QS. Yunus, 10:94"
Perintah dan Larangan,Larangan,184,Mengikuti kaum pendusta ayat Allah (lanjutan),Yunus,10,95,95,False,"QS. Yunus, 10:95"
Perintah dan Larangan,Larangan,185,Mengikuti penguasa durhaka,Hud,11,59,59,False,"QS. Hud, 11:59"
Perintah dan Larangan,Larangan,186,Mengurangi timbangan & takaran,Hud,11,84,84,False,"QS. Hud, 11:84"
Perintah dan Larangan,Larangan,187,Mengurangi timbangan & takaran (lanjutan),Hud,11,85,85,False,"QS. Hud, 11:85"
Perintah dan Larangan,Larangan,188,Merugikan harta orang lain,Hud,11,85,85,False,"QS. Hud, 11:85"
Perintah dan Larangan,Larangan,189,Berlaku jahat kepada lawan,Hud,11,89,89,False,"QS. Hud, 11:89"
Perintah dan Larangan,Larangan,190,Meragukan sesatnya penyembah berhala,Hud,11,109,109,False,"QS. Hud, 11:109"
Perintah dan Larangan,Larangan,191,Meridhai & menolong perbuatan zalim,Hud,11,113,113,False,"QS. Hud, 11:113"
Perintah dan Larangan,Larangan,192,Memutuskan tali kekerabatan,Ar-Ra‘d,13,25,25,False,"QS. Ar-Ra‘d, 13:25"
Perintah dan Larangan,Larangan,193,Memperolok-olok para rasul,Ar-Ra‘d,13,32,32,False,"QS. Ar-Ra‘d, 13:32"
Perintah dan Larangan,Larangan,194,Menyalahkan setan atas kesesatan,Ibrahim,14,22,22,False,"QS. Ibrahim, 14:22"
Perintah dan Larangan,Larangan,195,Pemimpin menjerumuskan rakyat ke neraka,Ibrahim,14,28,28,False,"QS. Ibrahim, 14:28"
Perintah dan Larangan,Larangan,196,Pemimpin menjerumuskan rakyat ke neraka (lanjutan),Ibrahim,14,29,29,False,"QS. Ibrahim, 14:29"
Perintah dan Larangan,Larangan,197,Pemimpin menjerumuskan rakyat ke neraka (lanjutan),Ibrahim,14,30,30,False,"QS. Ibrahim, 14:30"
Perintah dan Larangan,Larangan,198,Menganggap Allah lalai dari perbuatan zalim,Ibrahim,14,42,42,False,"QS. Ibrahim, 14:42"
Perintah dan Larangan,Larangan,199,Menyembah dua Tuhan,An-Nahl,16,51,51,False,"QS. An-Nahl, 16:51"
Perintah dan Larangan,Larangan,200,Menyekutukan Allah dalam bentuk apapun,An-Nahl,16,74,74,False,"QS. An-Nahl, 16:74"
Perintah dan Larangan,Larangan,201,Menyekutukan Allah dalam bentuk apapun (lanjutan),An-Nahl,16,75,75,False,"QS. An-Nahl, 16:75"
Perintah dan Larangan,Larangan,202,Menyekutukan Allah dalam bentuk apapun (lanjutan),An-Nahl,16,76,76,False,"QS. An-Nahl, 16:76"
Perintah dan Larangan,Larangan,203,"Melakukan perbuatan keji, munkar, dan permusuhan",An-Nahl,16,90,90,False,"QS. An-Nahl, 16:90"
Perintah dan Larangan,Larangan,204,Bersumpah untuk menipu,An-Nahl,16,94,94,False,"QS. An-Nahl, 16:94"
Perintah dan Larangan,Larangan,205,Menghalalkan atau mengharamkan atas nama Allah tanpa dalil,An-Nahl,16,116,116,False,"QS. An-Nahl, 16:116"
Perintah dan Larangan,Larangan,206,Menghardik ayah-bunda,Al-Isra,17,23,23,False,"QS. Al-Isra, 17:23"
Perintah dan Larangan,Larangan,207,Memboroskan harta,Al-Isra,17,26,26,False,"QS. Al-Isra, 17:26"
Perintah dan Larangan,Larangan,208,Memboroskan harta (lanjutan),Al-Isra,17,27,27,False,"QS. Al-Isra, 17:27"
Perintah dan Larangan,Larangan,209,Membunuh manusia tanpa hak,Al-Isra,17,33,33,False,"QS. Al-Isra, 17:33"
Perintah dan Larangan,Larangan,210,Mengikuti seseorang dengan membuta tuli,Al-Isra,17,36,36,False,"QS. Al-Isra, 17:36"
Perintah dan Larangan,Larangan,211,Berjalan dengan sombong,Al-Isra,17,37,37,False,"QS. Al-Isra, 17:37"
Perintah dan Larangan,Larangan,212,Memastikan sesuatu terjadi di masa depan tanpa “insya Allah”,Al-Kahfi,18,23,23,False,"QS. Al-Kahfi, 18:23"
Perintah dan Larangan,Larangan,213,Memastikan sesuatu terjadi di masa depan tanpa “insya Allah” (lanjutan),Al-Kahfi,18,24,24,False,"QS. Al-Kahfi, 18:24"
Perintah dan Larangan,Larangan,214,Berpaling dari peringatan Allah dalam Al-Qur’an,Al-Kahfi,18,57,57,False,"QS. Al-Kahfi, 18:57"
Perintah dan Larangan,Larangan,215,Beribadah kepada Allah dicampur syirik,Al-Kahfi,18,110,110,False,"QS. Al-Kahfi, 18:110"
Perintah dan Larangan,Larangan,216,Menyia-nyiakan shalat,Maryam,19,59,59,False,"QS. Maryam, 19:59"
Perintah dan Larangan,Larangan,217,Tergoda melihat banyaknya rezeki kaum kafir,Thaha,20,131,131,False,"QS. Thaha, 20:131"
Perintah dan Larangan,Larangan,218,Ragu-ragu dalam beribadah kepada Allah,Al-Hajj,22,11,11,False,"QS. Al-Hajj, 22:11"
Perintah dan Larangan,Larangan,219,Mengingkari nikmat Allah,Al-Hajj,22,38,38,False,"QS. Al-Hajj, 22:38"
Perintah dan Larangan,Larangan,220,Menganggap harta & anak sebagai tanda kebaikan bagi kafir,Al-Mu’minun,23,55,55,False,"QS. Al-Mu’minun, 23:55"
Perintah dan Larangan,Larangan,221,Menganggap harta & anak sebagai tanda kebaikan bagi kafir (lanjutan),Al-Mu’minun,23,56,56,False,"QS. Al-Mu’minun, 23:56"
Perintah dan Larangan,Larangan,222,Menjadikan agama terpecah belah ke dalam sekte,Al-Mu’minun,23,52,52,False,"QS. Al-Mu’minun, 23:52"
Perintah dan Larangan,Larangan,223,Menjadikan agama terpecah belah ke dalam sekte (lanjutan),Al-Mu’minun,23,53,53,False,"QS. Al-Mu’minun, 23:53"
Perintah dan Larangan,Larangan,224,Menjadikan agama terpecah belah ke dalam sekte (lanjutan),Al-Mu’minun,23,54,54,False,"QS. Al-Mu’minun, 23:54"
Perintah dan Larangan,Larangan,225,Mengira manusia tidak dikembalikan kepada Allah,Al-Mu’minun,23,115,115,False,"QS. Al-Mu’minun, 23:115"
Perintah dan Larangan,Larangan,226,Mengira manusia tidak dikembalikan kepada Allah (lanjutan),Al-Mu’minun,23,116,116,False,"QS. Al-Mu’minun, 23:116"
Perintah dan Larangan,Larangan,227,Menikahi pezina atau musyrik,An-Nur,24,3,3,False,"QS. An-Nur, 24:3"
Perintah dan Larangan,Larangan,228,Menuduh istri berzina tanpa 4 saksi,An-Nur,24,6,6,False,"QS. An-Nur, 24:6"
Perintah dan Larangan,Larangan,229,Menuduh istri berzina tanpa 4 saksi (lanjutan),An-Nur,24,7,7,False,"QS. An-Nur, 24:7"
Perintah dan Larangan,Larangan,230,Menuduh istri berzina tanpa 4 saksi (lanjutan),An-Nur,24,8,8,False,"QS. An-Nur, 24:8"
Perintah dan Larangan,Larangan,231,Menuduh istri berzina tanpa 4 saksi (lanjutan),An-Nur,24,9,9,False,"QS. An-Nur, 24:9"
Perintah dan Larangan,Larangan,232,Menuduh istri berzina tanpa 4 saksi (lanjutan),An-Nur,24,10,10,False,"QS. An-Nur, 24:10"
Perintah dan Larangan,Larangan,233,Menuduh mukmin berzina tanpa 4 saksi,An-Nur,24,12,12,False,"QS. An-Nur, 24:12"
Perintah dan Larangan,Larangan,234,Menuduh mukmin berzina tanpa 4 saksi (lanjutan),An-Nur,24,13,13,False,"QS. An-Nur, 24:13"
Perintah dan Larangan,Larangan,235,Menyebarkan isu zina atas mukmin,An-Nur,24,19,19,False,"QS. An-Nur, 24:19"
Perintah dan Larangan,Larangan,236,Menghentikan bantuan kerabat miskin karena sakit hati,An-Nur,24,22,22,False,"QS. An-Nur, 24:22"
Perintah dan Larangan,Larangan,237,Masuk rumah orang lain tanpa izin dan salam,An-Nur,24,27,27,False,"QS. An-Nur, 24:27"
Perintah dan Larangan,Larangan,238,Masuk rumah orang lain tanpa izin dan salam (lanjutan),An-Nur,24,28,28,False,"QS. An-Nur, 24:28"
Perintah dan Larangan,Larangan,239,Masuk rumah orang lain tanpa izin dan salam (lanjutan),An-Nur,24,29,29,False,"QS. An-Nur, 24:29"
Perintah dan Larangan,Larangan,240,Perempuan menampakkan perhiasan pada lelaki non-mahram,An-Nur,24,31,31,False,"QS. An-Nur, 24:31"
Perintah dan Larangan,Larangan,241,Memaksa perempuan melacur,An-Nur,24,33,33,False,"QS. An-Nur, 24:33"
Perintah dan Larangan,Larangan,242,Meninggalkan majelis tanpa izin,An-Nur,24,62,62,False,"QS. An-Nur, 24:62"
Perintah dan Larangan,Larangan,243,Melakukan sodomi,Asy-Syu’ara,26,165,165,False,"QS. Asy-Syu’ara, 26:165"
Perintah dan Larangan,Larangan,244,Melakukan sodomi (lanjutan),Asy-Syu’ara,26,166,166,False,"QS. Asy-Syu’ara, 26:166"
Perintah dan Larangan,Larangan,245,Mengejar kesenangan dunia,Al-Qashash,28,60,60,False,"QS. Al-Qashash, 28:60"
Perintah dan Larangan,Larangan,246,Mengejar kesenangan dunia (lanjutan),Al-Qashash,28,61,61,False,"QS. Al-Qashash, 28:61"
Perintah dan Larangan,Larangan,247,Sombong dan membanggakan harta,Al-Qashash,28,76,76,False,"QS. Al-Qashash, 28:76"
Perintah dan Larangan,Larangan,248,Melupakan nasib akhirat karena mengejar dunia,Al-Qashash,28,77,77,False,"QS. Al-Qashash, 28:77"
Perintah dan Larangan,Larangan,249,Melupakan nasib akhirat karena mengejar dunia (lanjutan),Al-Qashash,28,83,83,False,"QS. Al-Qashash, 28:83"
Perintah dan Larangan,Larangan,250,Membantu kaum kafir menghalangi dakwah Islam,Al-Qashash,28,86,86,False,"QS. Al-Qashash, 28:86"
Perintah dan Larangan,Larangan,251,Membantu kaum kafir menghalangi dakwah Islam (lanjutan),Al-Qashash,28,87,87,False,"QS. Al-Qashash, 28:87"
Perintah dan Larangan,Larangan,252,Mengikuti ajakan orang tua untuk berbuat syirik,Al-‘Ankabut,29,8,8,False,"QS. Al-‘Ankabut, 29:8"
Perintah dan Larangan,Larangan,253,Membina persatuan berbasis syirik,Al-‘Ankabut,29,25,25,False,"QS. Al-‘Ankabut, 29:25"
Perintah dan Larangan,Larangan,254,Menjauh ketika Al-Qur’an dibacakan,Luqman,31,7,7,False,"QS. Luqman, 31:7"
Perintah dan Larangan,Larangan,255,Membuat dongeng untuk menjauhkan manusia dari Al-Qur’an,Luqman,31,6,6,False,"QS. Luqman, 31:6"
Perintah dan Larangan,Larangan,256,Memalingkan muka dari manusia,Luqman,31,18,18,False,"QS. Luqman, 31:18"
Perintah dan Larangan,Larangan,257,Bersuara keras,Luqman,31,19,19,False,"QS. Luqman, 31:19"
Perintah dan Larangan,Larangan,258,Menjadikan anak angkat sebagai anak kandung,Al-Ahzab,33,4,4,False,"QS. Al-Ahzab, 33:4"
Perintah dan Larangan,Larangan,259,Menjadikan anak angkat sebagai anak kandung (lanjutan),Al-Ahzab,33,5,5,False,"QS. Al-Ahzab, 33:5"
Perintah dan Larangan,Larangan,260,Memilih hukum selain hukum Allah,Al-Ahzab,33,36,36,False,"QS. Al-Ahzab, 33:36"
Perintah dan Larangan,Larangan,261,Masuk rumah Nabi ﷺ tanpa izin,Al-Ahzab,33,53,53,False,"QS. Al-Ahzab, 33:53"
Perintah dan Larangan,Larangan,262,Meniru perilaku Yahudi yang menyakiti Nabi Musa,Al-Ahzab,33,69,69,False,"QS. Al-Ahzab, 33:69"
Perintah dan Larangan,Larangan,263,Mengambil perantara untuk mendekatkan diri kepada Allah,Az-Zumar,39,3,3,False,"QS. Az-Zumar, 39:3"
Perintah dan Larangan,Larangan,264,Berputus asa dari rahmat Allah,Az-Zumar,39,53,53,False,"QS. Az-Zumar, 39:53"
Perintah dan Larangan,Larangan,265,Mendustakan adanya hari akhirat,Az-Zumar,39,71,71,False,"QS. Az-Zumar, 39:71"
Perintah dan Larangan,Larangan,266,Membantah ajaran Rasul untuk melenyapkannya,Ghafir,40,4,4,False,"QS. Ghafir, 40:4"
Perintah dan Larangan,Larangan,267,Membantah ajaran Rasul untuk melenyapkannya (lanjutan),Ghafir,40,5,5,False,"QS. Ghafir, 40:5"
Perintah dan Larangan,Larangan,268,Bersuka ria dalam maksiat,Ghafir,40,75,75,False,"QS. Ghafir, 40:75"
Perintah dan Larangan,Larangan,269,Bersuka ria dalam maksiat (lanjutan),Ghafir,40,76,76,False,"QS. Ghafir, 40:76"
Perintah dan Larangan,Larangan,270,Membanggakan ilmu duniawi dan menolak ajaran Rasul,Ghafir,40,83,83,False,"QS. Ghafir, 40:83"
Perintah dan Larangan,Larangan,271,Bersikap acuh saat mendengar Al-Qur’an,Fussilat,41,26,26,False,"QS. Fussilat, 41:26"
Perintah dan Larangan,Larangan,272,Bersikap acuh saat mendengar Al-Qur’an (lanjutan),Fussilat,41,27,27,False,"QS. Fussilat, 41:27"
Perintah dan Larangan,Larangan,273,Sujud pada matahari dan bulan,Fussilat,41,37,37,False,"QS. Fussilat, 41:37"
Perintah dan Larangan,Larangan,274,Mengikuti peninggalan nenek moyang secara batil,Az-Zukhruf,43,23,23,False,"QS. Az-Zukhruf, 43:23"
Perintah dan Larangan,Larangan,275,Mengikuti peninggalan nenek moyang secara batil (lanjutan),Az-Zukhruf,43,24,24,False,"QS. Az-Zukhruf, 43:24"
Perintah dan Larangan,Larangan,276,Mengikuti peninggalan nenek moyang secara batil (lanjutan),Az-Zukhruf,43,25,25,False,"QS. Az-Zukhruf, 43:25"
Perintah dan Larangan,Larangan,277,Mengikuti orang tanpa ilmu syariat,Al-Jatsiyah,45,18,18,False,"QS. Al-Jatsiyah, 45:18"
Perintah dan Larangan,Larangan,278,Menghabiskan harta hanya untuk kesenangan dunia,Al-Ahqaf,46,20,20,False,"QS. Al-Ahqaf, 46:20"
Perintah dan Larangan,Larangan,279,Meminta damai kepada kaum kafir dalam keadaan lemah,Muhammad,47,35,35,False,"QS. Muhammad, 47:35"
Perintah dan Larangan,Larangan,280,Bakhil dalam mendermakan harta di jalan Allah,Muhammad,47,38,38,False,"QS. Muhammad, 47:38"
Perintah dan Larangan,Larangan,281,Melanggar janji membela Allah dan Rasul-Nya,Al-Fath,48,10,10,False,"QS. Al-Fath, 48:10"
Perintah dan Larangan,Larangan,282,Mendahului Allah dan Rasul-Nya dalam menetapkan ajaran agama,Al-Hujurat,49,1,1,False,"QS. Al-Hujurat, 49:1"
Perintah dan Larangan,Larangan,283,Mengeraskan suara di hadapan Rasulullah ﷺ,Al-Hujurat,49,2,2,False,"QS. Al-Hujurat, 49:2"
Perintah dan Larangan,Larangan,284,Memata-matai kaum mukmin dan menggunjing,Al-Hujurat,49,12,12,False,"QS. Al-Hujurat, 49:12"
Perintah dan Larangan,Larangan,285,Beragama berdasarkan sangkaan dan dongeng buatan hawa nafsu,An-Najm,53,23,23,False,"QS. An-Najm, 53:23"
Perintah dan Larangan,Larangan,286,Menganggap remeh Al-Qur’an,Al-Waqi‘ah,56,77,77,False,"QS. Al-Waqi‘ah, 56:77"
Perintah dan Larangan,Larangan,287,Menganggap remeh Al-Qur’an (lanjutan),Al-Waqi‘ah,56,78,78,False,"QS. Al-Waqi‘ah, 56:78"
Perintah dan Larangan,Larangan,288,Menganggap remeh Al-Qur’an (lanjutan),Al-Waqi‘ah,56,79,79,False,"QS. Al-Waqi‘ah, 56:79"
Perintah dan Larangan,Larangan,289,Menganggap remeh Al-Qur’an (lanjutan),Al-Waqi‘ah,56,80,80,False,"QS. Al-Waqi‘ah, 56:80"
Perintah dan Larangan,Larangan,290,Menganggap remeh Al-Qur’an (lanjutan),Al-Waqi‘ah,56,81,81,False,"QS. Al-Waqi‘ah, 56:81"
Perintah dan Larangan,Larangan,291,Berunding untuk berbuat dosa dan permusuhan,Al-Mujadilah,58,9,9,False,"QS. Al-Mujadilah, 58:9"
Perintah dan Larangan,Larangan,292,Berunding untuk berbuat dosa dan permusuhan (lanjutan),Al-Mujadilah,58,10,10,False,"QS. Al-Mujadilah, 58:10"
Perintah dan Larangan,Larangan,293,Berkasih sayang dengan kaum kafir,Al-Mujadilah,58,22,22,False,"QS. Al-Mujadilah, 58:22"
Perintah dan Larangan,Larangan,294,Menimbun harta kekayaan hanya pada segelintir orang,Al-Hasyr,59,7,7,False,"QS. Al-Hasyr, 59:7"
Perintah dan Larangan,Larangan,295,Menimbun harta kekayaan hanya pada segelintir orang (lanjutan),Al-Hasyr,59,8,8,False,"QS. Al-Hasyr, 59:8"
Perintah dan Larangan,Larangan,296,Menimbun harta kekayaan hanya pada segelintir orang (lanjutan),Al-Hasyr,59,9,9,False,"QS. Al-Hasyr, 59:9"
Perintah dan Larangan,Larangan,297,Menimbun harta kekayaan hanya pada segelintir orang (lanjutan),Al-Hasyr,59,10,10,False,"QS. Al-Hasyr, 59:10"
Perintah dan Larangan,Larangan,298,Mengikuti jalan orang-orang yang lupa kepada Allah,Al-Hasyr,59,18,18,False,"QS. Al-Hasyr, 59:18"
Perintah dan Larangan,Larangan,299,Mengikuti jalan orang-orang yang lupa kepada Allah (lanjutan),Al-Hasyr,59,19,19,False,"QS. Al-Hasyr, 59:19"
Perintah dan Larangan,Larangan,300,Mengikuti jalan orang-orang yang lupa kepada Allah (lanjutan),Al-Hasyr,59,20,20,False,"QS. Al-Hasyr, 59:20"
Perintah dan Larangan,Larangan,301,Mengembalikan perempuan mukminat kepada suaminya yang kafir,Al-Mumtahanah,60,10,10,False,"QS. Al-Mumtahanah, 60:10"
Perintah dan Larangan,Larangan,302,Mengatakan hal yang benar lalu melanggarnya sendiri,As-Saff,61,2,2,False,"QS. As-Saff, 61:2"
Perintah dan Larangan,Larangan,303,Mengatakan hal yang benar lalu melanggarnya sendiri (lanjutan),As-Saff,61,3,3,False,"QS. As-Saff, 61:3"
Perintah dan Larangan,Larangan,304,Berdagang ketika adzan shalat Jum‘at dikumandangkan,Al-Jumu‘ah,62,9,9,False,"QS. Al-Jumu‘ah, 62:9"
Perintah dan Larangan,Larangan,305,Melupakan Allah karena sibuk dengan harta dan anak,Al-Munafiqun,63,9,9,False,"QS. Al-Munafiqun, 63:9"
Perintah dan Larangan,Larangan,306,Mengusir istri yang ditalak dari rumah selama masa ‘iddah,At-Talaq,65,1,1,False,"QS. At-Talaq, 65:1"
Perintah dan Larangan,Larangan,307,Mengusir istri yang ditalak dari rumah selama masa ‘iddah (lanjutan),At-Talaq,65,2,2,False,"QS. At-Talaq, 65:2"
Perintah dan Larangan,Larangan,308,Mengikuti orang yang suka menebar fitnah,Al-Qalam,68,10,10,False,"QS. Al-Qalam, 68:10"
Perintah dan Larangan,Larangan,309,Mengikuti orang yang suka menebar fitnah (lanjutan),Al-Qalam,68,11,11,False,"QS. Al-Qalam, 68:11"
Perintah dan Larangan,Larangan,310,Mengikuti orang yang suka menebar fitnah (lanjutan),Al-Qalam,68,12,12,False,"QS. Al-Qalam, 68:12"
Perintah dan Larangan,Larangan,311,Mengikuti orang yang suka menebar fitnah (lanjutan),Al-Qalam,68,13,13,False,"QS. Al-Qalam, 68:13"
Perintah dan Larangan,Larangan,312,Meminta perlindungan kepada jin,Al-Jinn,72,6,6,False,"QS. Al-Jinn, 72:6"
Perintah dan Larangan,Larangan,313,Memberi sesuatu dengan tujuan mendapat imbalan lebih banyak,Al-Muddatsir,74,6,6,False,"QS. Al-Muddatsir, 74:6"
Perintah dan Larangan,Larangan,314,Mengabaikan orang buta yang datang untuk belajar agama,Abasa,80,1,1,False,"QS. Abasa, 80:1"
Perintah dan Larangan,Larangan,315,Mengabaikan orang buta yang datang untuk belajar agama (lanjutan),Abasa,80,2,2,False,"QS. Abasa, 80:2"
Perintah dan Larangan,Larangan,316,Mengabaikan orang buta yang datang untuk belajar agama (lanjutan),Abasa,80,3,3,False,"QS. Abasa, 80:3"
Perintah dan Larangan,Larangan,317,Mengabaikan orang buta yang datang untuk belajar agama (lanjutan),Abasa,80,4,4,False,"QS. Abasa, 80:4"
Perintah dan Larangan,Larangan,318,Mengotori jiwa dengan dosa,Asy-Syams,91,10,10,False,"QS. Asy-Syams, 91:10"
Perintah dan Larangan,Larangan,319,Berlaku kejam terhadap anak yatim,Adh-Dhuha,93,9,9,False,"QS. Adh-Dhuha, 93:9"
Perintah dan Larangan,Larangan,320,Menghardik orang yang meminta-minta,Adh-Dhuha,93,10,10,False,"QS. Adh-Dhuha, 93:10"
Perintah dan Larangan,Larangan,321,Mengabaikan akhirat karena sibuk urusan dunia,At-Takatsur,102,1,1,False,"QS. At-Takatsur, 102:1"
Perintah dan Larangan,Larangan,322,Mengabaikan akhirat karena sibuk urusan dunia (lanjutan),At-Takatsur,102,2,2,False,"QS. At-Takatsur, 102:2"
Perintah dan Larangan,Larangan,323,Mengabaikan akhirat karena sibuk urusan dunia (lanjutan),At-Takatsur,102,3,3,False,"QS. At-Takatsur, 102:3"
Perintah dan Larangan,Larangan,324,Mengabaikan akhirat karena sibuk urusan dunia (lanjutan),At-Takatsur,102,4,4,False,"QS. At-Takatsur, 102:4"
Perintah dan Larangan,Larangan,325,Mengabaikan akhirat karena sibuk urusan dunia (lanjutan),At-Takatsur,102,5,5,False,"QS. At-Takatsur, 102:5"
Perintah dan Larangan,Larangan,326,Mengabaikan akhirat karena sibuk urusan dunia (lanjutan),At-Takatsur,102,6,6,False,"QS. At-Takatsur, 102:6"
Perintah dan Larangan,Larangan,327,Mengabaikan akhirat karena sibuk urusan dunia (lanjutan),At-Takatsur,102,7,7,False,"QS. At-Takatsur, 102:7"
Perintah dan Larangan,Larangan,328,Mengabaikan akhirat karena sibuk urusan dunia (lanjutan),At-Takatsur,102,8,8,False,"QS. At-Takatsur, 102:8"
Perintah dan Larangan,Larangan,329,Mendustakan hari pembalasan,Al-Ma‘un,107,1,1,False,"QS. Al-Ma‘un, 107:1"
Perintah dan Larangan,Larangan,330,Mendustakan hari pembalasan (lanjutan),Al-Ma‘un,107,2,2,False,"QS. Al-Ma‘un, 107:2"
Perintah dan Larangan,Larangan,331,Mendustakan hari pembalasan (lanjutan),Al-Ma‘un,107,3,3,False,"QS. Al-Ma‘un, 107:3"
Perintah dan Larangan,Larangan,332,Melalaikan shalat,Al-Ma‘un,107,4,4,False,"QS. Al-Ma‘un, 107:4"
Perintah dan Larangan,Larangan,333,Melalaikan shalat (lanjutan),Al-Ma‘un,107,5,5,False,"QS. Al-Ma‘un, 107:5"
Perintah dan Larangan,Larangan,334,Riya dalam ibadah,Al-Ma‘un,107,6,6,False,"QS. Al-Ma‘un, 107:6"
Perintah dan Larangan,Larangan,335,Enggan memberi bantuan kepada fakir miskin,Al-Ma‘un,107,7,7,False,"QS. Al-Ma‘un, 107:7"
Perintah dan Larangan,Larangan,336,Melanggar aturan Allah tentang makanan halal dan haram,Al-An‘am,6,118,118,False,"QS. Al-An‘am, 6:118"
Perintah dan Larangan,Larangan,337,Melanggar aturan Allah tentang makanan halal dan haram (lanjutan),Al-An‘am,6,119,119,False,"QS. Al-An‘am, 6:119"
Perintah dan Larangan,Larangan,338,Melanggar aturan Allah tentang makanan halal dan haram (lanjutan),Al-An‘am,6,120,120,False,"QS. Al-An‘am, 6:120"
Perintah dan Larangan,Larangan,339,Melanggar aturan Allah tentang makanan halal dan haram (lanjutan),Al-An‘am,6,121,121,False,"QS. Al-An‘am, 6:121"
Perintah dan Larangan,Larangan,340,Mendustakan ayat-ayat Allah,Al-An‘am,6,157,157,False,"QS. Al-An‘am, 6:157"
Perintah dan Larangan,Larangan,341,Menghalangi orang berzikir di masjid,Al-Baqarah,2,114,114,False,"QS. Al-Baqarah, 2:114"
Perintah dan Larangan,Larangan,342,Menyembah berhala selain Allah,Luqman,31,13,13,False,"QS. Luqman, 31:13"
Perintah dan Larangan,Larangan,343,Mengikuti hawa nafsu dalam agama,Al-Jatsiyah,45,23,23,False,"QS. Al-Jatsiyah, 45:23"
Perintah dan Larangan,Larangan,344,Tidak bersyukur atas nikmat Allah,An-Nahl,16,83,83,False,"QS. An-Nahl, 16:83"
Perintah dan Larangan,Larangan,345,Menghalangi manusia dari jalan Allah,Muhammad,47,1,1,False,"QS. Muhammad, 47:1"
Perintah dan Larangan,Larangan,346,Menjadikan agama sebagai permainan dan senda gurau,Al-A‘raf,7,51,51,False,"QS. Al-A‘raf, 7:51"
Perintah dan Larangan,Larangan,347,Berputus asa dari pertolongan Allah,Yusuf,12,87,87,False,"QS. Yusuf, 12:87"
Perintah dan Larangan,Larangan,348,Sombong dan menolak kebenaran,Al-Baqarah,2,34,34,False,"QS. Al-Baqarah, 2:34"
Perintah dan Larangan,Larangan,349,Menyekutukan Allah dalam ibadah,An-Nisa,4,48,48,False,"QS. An-Nisa, 4:48"
Perintah dan Larangan,Larangan,350,Mengikuti tradisi jahiliyah,Al-Maidah,5,50,50,False,"QS. Al-Maidah, 5:50"
Perintah dan Larangan,Larangan,351,Meremehkan dosa-dosa kecil,An-Nisa,4,31,31,False,"QS. An-Nisa, 4:31"
Perintah dan Larangan,Larangan,352,Melampaui batas dalam agama,Al-Maidah,5,77,77,False,"QS. Al-Maidah, 5:77"
Perintah dan Larangan,Larangan,353,Menyembah setan,Yasin,36,60,60,False,"QS. Yasin, 36:60"
Perintah dan Larangan,Larangan,354,Menyembah thaghut,An-Nahl,16,36,36,False,"QS. An-Nahl, 16:36"
Perintah dan Larangan,Larangan,355,Mengambil hukum selain hukum Allah,Al-Maidah,5,44,44,False,"QS. Al-Maidah, 5:44"
Perintah dan Larangan,Larangan,356,Mendustakan Rasul-rasul Allah,Al-Haqqah,69,43,43,False,"QS. Al-Haqqah, 69:43"
Perintah dan Larangan,Larangan,357,Mendustakan Rasul-rasul Allah (lanjutan),Al-Haqqah,69,44,44,False,"QS. Al-Haqqah, 69:44"
Perintah dan Larangan,Larangan,358,Mendustakan Rasul-rasul Allah (lanjutan),Al-Haqqah,69,45,45,False,"QS. Al-Haqqah, 69:45"
Perintah dan Larangan,Larangan,359,Mendustakan Rasul-rasul Allah (lanjutan),Al-Haqqah,69,46,46,False,"QS. Al-Haqqah, 69:46"
Perintah dan Larangan,Larangan,360,Menganggap agama hanya tradisi nenek moyang,Az-Zukhruf,43,22,22,False,"QS. Az-Zukhruf, 43:22"
Perintah dan Larangan,Larangan,361,Tidak beriman kepada Allah dan Rasul-Nya,Al-Hadid,57,19,19,False,"QS. Al-Hadid, 57:19"
"Hijrah, Jihad dan Perang",Hijrah,1,Kaum Muhajirin dicintai kaum Anshar,Al-Hasyr,59,9,9,False,"QS. Al-Hasyr, 59:9"
"Hijrah, Jihad dan Perang",Hijrah,2,Kaum Muhajirin mengharap rahmat Allah,Al-Baqarah,2,218,218,False,"QS. Al-Baqarah, 2:218"
"Hijrah, Jihad dan Perang",Hijrah,3,Kaum Muhajirin saling melindungi satu sama lain,Al-Anfal,8,72,72,False,"QS. Al-Anfal, 8:72"
"Hijrah, Jihad dan Perang",Hijrah,4,Kaum Muhajirin adalah mukmin sejati,Al-Anfal,8,74,74,False,"QS. Al-Anfal, 8:74"
"Hijrah, Jihad dan Perang",Hijrah,5,Kaum Muhajirin memperoleh derajat utama di sisi Allah,At-Taubah,9,20,20,False,"QS. At-Taubah, 9:20"
"Hijrah, Jihad dan Perang",Hijrah,6,Orang yang berhijrah demi agama Allah disediakan kebaikan dunia,An-Nahl,16,41,41,False,"QS. An-Nahl, 16:41"
"Hijrah, Jihad dan Perang",Hijrah,7,Orang yang berhijrah di jalan Allah lalu terbunuh mendapat rezeki baik di sisi Allah,Al-Hajj,22,58,58,False,"QS. Al-Hajj, 22:58"
"Hijrah, Jihad dan Perang",Hijrah,8,Kaum mukmin yang tertindas lalu hijrah diberi kelapangan rezeki oleh Allah,An-Nisa,4,94,94,False,"QS. An-Nisa, 4:94"
"Hijrah, Jihad dan Perang",Hijrah,9,Muslim yang berdiam di tengah kaum musyrik bukan pembela umat Islam,An-Nisa,4,89,89,False,"QS. An-Nisa, 4:89"
"Hijrah, Jihad dan Perang",Hijrah,10,Muslim yang tidak mau hijrah tidak memperoleh hak pembelaan umat Islam,Al-Anfal,8,72,72,False,"QS. Al-Anfal, 8:72"
"Hijrah, Jihad dan Perang",Hijrah,11,Orang Islam yang mohon pertolongan untuk hijrah wajib ditolong,Al-Anfal,8,72,72,False,"QS. Al-Anfal, 8:72"
"Hijrah, Jihad dan Perang",Hijrah,12,Perempuan muslimah yang berhijrah harus diuji kesungguhannya,Al-Mumtahanah,60,10,10,False,"QS. Al-Mumtahanah, 60:10"
"Hijrah, Jihad dan Perang",Hijrah,13,Kaum Muhajirin perintis & kaum Anshar angkatan pertama diridhai Allah,At-Taubah,9,100,100,False,"QS. At-Taubah, 9:100"
"Hijrah, Jihad dan Perang",Hijrah,14,Kaum Muhajirin yang menghadapi masa sulit bersama Rasul ﷺ diampuni Allah,At-Taubah,9,117,117,False,"QS. At-Taubah, 9:117"
"Hijrah, Jihad dan Perang",Hijrah,15,Kaum Muhajirin di jalan Allah tidak boleh diputus bantuannya,An-Nur,24,22,22,False,"QS. An-Nur, 24:22"
"Hijrah, Jihad dan Perang",Hijrah,16,Kaum Muhajirin satu dengan lainnya saling bantu dan urus,Al-Ahzab,33,6,6,False,"QS. Al-Ahzab, 33:6"
"Hijrah, Jihad dan Perang",Jihad,1,Para Mujahid mengharap rahmat Allah,Al-Baqarah,2,218,218,False,"QS. Al-Baqarah, 2:218"
"Hijrah, Jihad dan Perang",Jihad,2,Jihad ujian keimanan agar masuk surga,Ali Imran,3,142,142,False,"QS. Ali Imran, 3:142"
"Hijrah, Jihad dan Perang",Jihad,3,Jihad dengan harta & jiwa di jalan Allah,Al-Anfal,8,72,72,False,"QS. Al-Anfal, 8:72"
"Hijrah, Jihad dan Perang",Jihad,4,Jihad bukti mukmin sejati,Al-Anfal,8,74,74,False,"QS. Al-Anfal, 8:74"
"Hijrah, Jihad dan Perang",Jihad,5,Jihad sebagai ujian kesungguhan iman,At-Taubah,9,16,16,False,"QS. At-Taubah, 9:16"
"Hijrah, Jihad dan Perang",Jihad,6,Orang yang berjihad mendapat derajat tinggi,At-Taubah,9,20,20,False,"QS. At-Taubah, 9:20"
"Hijrah, Jihad dan Perang",Jihad,7,Para sahabat Nabi ﷺ berjihad dengan harta & jiwa,At-Taubah,9,88,88,False,"QS. At-Taubah, 9:88"
"Hijrah, Jihad dan Perang",Jihad,8,Orang berjihad & sabar mendapat ampunan Allah,An-Nahl,16,110,110,False,"QS. An-Nahl, 16:110"
"Hijrah, Jihad dan Perang",Jihad,9,Orang berjihad akan diberi jalan keluar urusan,Al-‘Ankabut,29,69,69,False,"QS. Al-‘Ankabut, 29:69"
"Hijrah, Jihad dan Perang",Jihad,10,Mukmin sejati tidak ragu & berjihad dengan harta & jiwa,Al-Hujurat,49,15,15,False,"QS. Al-Hujurat, 49:15"
"Hijrah, Jihad dan Perang",Jihad,11,Teguh menghadapi rintangan hidup adalah jihad,Al-‘Ankabut,29,6,6,False,"QS. Al-‘Ankabut, 29:6"
"Hijrah, Jihad dan Perang",Jihad,12,Mukmin tidak patut minta izin untuk tidak berjihad,At-Taubah,9,44,44,False,"QS. At-Taubah, 9:44"
"Hijrah, Jihad dan Perang",Jihad,13,Jihad dibenci kaum munafik,At-Taubah,9,81,81,False,"QS. At-Taubah, 9:81"
"Hijrah, Jihad dan Perang",Jihad,14,Mujahid tidak takut celaan orang,Al-Maidah,5,54,54,False,"QS. Al-Maidah, 5:54"
"Hijrah, Jihad dan Perang",Jihad,15,Berjihad melawan kafir & munafik dengan keras,At-Taubah,9,73,73,False,"QS. At-Taubah, 9:73"
"Hijrah, Jihad dan Perang",Jihad,16,Orang kafir harus dihadapi dengan jihad total,Al-Furqan,25,52,52,False,"QS. Al-Furqan, 25:52"
"Hijrah, Jihad dan Perang",Jihad,17,Jihad jalan menuju takwa,Al-Maidah,5,35,35,False,"QS. Al-Maidah, 5:35"
"Hijrah, Jihad dan Perang",Jihad,18,Orang kaya cari alasan tidak berjihad,At-Taubah,9,86,86,False,"QS. At-Taubah, 9:86"
"Hijrah, Jihad dan Perang",Jihad,19,Lakukan jihad total di jalan Allah,Al-Hajj,22,78,78,False,"QS. Al-Hajj, 22:78"
"Hijrah, Jihad dan Perang",Jihad,20,Mukmin yang enggan berjihad karena cinta dunia diancam azab,At-Taubah,9,24,24,False,"QS. At-Taubah, 9:24"
"Hijrah, Jihad dan Perang",Jihad,21,Mukmin berjihad tidak sama dengan yang diam,An-Nisa,4,95,95,False,"QS. An-Nisa, 4:95"
"Hijrah, Jihad dan Perang",Jihad,22,Mukmin berjihad dengan harta & jiwa lebih tinggi derajatnya,An-Nisa,4,95,95,False,"QS. An-Nisa, 4:95"
"Hijrah, Jihad dan Perang",Jihad,23,Para Mujahid diberi pahala berlipat,An-Nisa,4,95,95,False,"QS. An-Nisa, 4:95"
"Hijrah, Jihad dan Perang",Perang,1,Terbunuh di jalan Allah lebih baik dari dunia & isinya,Ali Imran,3,157,157,False,"QS. Ali Imran, 3:157"
"Hijrah, Jihad dan Perang",Perang,2,Mukmin dibujuk munafik agar tidak ikut perang,Ali Imran,3,154,154,False,"QS. Ali Imran, 3:154"
"Hijrah, Jihad dan Perang",Perang,3,Mukmin dibujuk munafik agar tidak ikut perang (lanjutan),Ali Imran,3,156,156,False,"QS. Ali Imran, 3:156"
"Hijrah, Jihad dan Perang",Perang,4,Mukmin yang terbunuh di jalan Allah tidak mati,Ali Imran,3,169,169,False,"QS. Ali Imran, 3:169"
"Hijrah, Jihad dan Perang",Perang,5,Membunuh & terbunuh di jalan Allah diampuni dosa,Ali Imran,3,195,195,False,"QS. Ali Imran, 3:195"
"Hijrah, Jihad dan Perang",Perang,6,Mati saat hijrah mendapat rezeki berlimpah,Al-Hajj,22,58,58,False,"QS. Al-Hajj, 22:58"
"Hijrah, Jihad dan Perang",Perang,7,Berperang di jalan Allah lalu terbunuh atau menang mendapat pahala besar,An-Nisa,4,74,74,False,"QS. An-Nisa, 4:74"
"Hijrah, Jihad dan Perang",Perang,8,Pengikut nabi-nabi dahulu berperang bersama nabi mereka,Ali Imran,3,146,146,False,"QS. Ali Imran, 3:146"
"Hijrah, Jihad dan Perang",Perang,9,Orang kafir lari tunggang-langgang bila diperangi,Al-Fath,48,22,22,False,"QS. Al-Fath, 48:22"
"Hijrah, Jihad dan Perang",Perang,10,Perangi orang kafir yang memerangi kamu,Al-Baqarah,2,191,191,False,"QS. Al-Baqarah, 2:191"
"Hijrah, Jihad dan Perang",Perang,11,Perangi kaum kafir supaya dapat dikuasai,An-Nisa,4,90,90,False,"QS. An-Nisa, 4:90"
"Hijrah, Jihad dan Perang",Perang,12,Perangi siapa pun yang memerangi kamu karena agama,Al-Mumtahanah,60,9,9,False,"QS. Al-Mumtahanah, 60:9"
"Hijrah, Jihad dan Perang",Perang,13,Ada yang berperang di jalan Allah & ada di jalan kekafiran,Ali Imran,3,13,13,False,"QS. Ali Imran, 3:13"
"Hijrah, Jihad dan Perang",Perang,14,Ada yang keberatan ikut perang,Al-Baqarah,2,246,246,False,"QS. Al-Baqarah, 2:246"
"Hijrah, Jihad dan Perang",Perang,15,Kaum munafik jangan ikut barisan perang,At-Taubah,9,83,83,False,"QS. At-Taubah, 9:83"
"Hijrah, Jihad dan Perang",Perang,16,Perangi penindas golongan lemah,An-Nisa,4,75,75,False,"QS. An-Nisa, 4:75"
"Hijrah, Jihad dan Perang",Perang,17,Perangi kaum yang melanggar perjanjian,At-Taubah,9,13,13,False,"QS. At-Taubah, 9:13"
"Hijrah, Jihad dan Perang",Perang,18,Jangan perangi musuh di Tanah Haram,Al-Baqarah,2,191,191,False,"QS. Al-Baqarah, 2:191"
"Hijrah, Jihad dan Perang",Perang,19,Muhajirin siap perang melawan musuh yang mengusir mereka,Al-Baqarah,2,246,246,False,"QS. Al-Baqarah, 2:246"
"Hijrah, Jihad dan Perang",Perang,20,Perangi kaum yang menukar akhirat dengan dunia,An-Nisa,4,74,74,False,"QS. An-Nisa, 4:74"
"Hijrah, Jihad dan Perang",Perang,21,Jangan perangi musuh di Tanah Haram sampai mereka menyerang,Al-Baqarah,2,191,191,False,"QS. Al-Baqarah, 2:191"
"Hijrah, Jihad dan Perang",Perang,22,Musuh yang minta suaka boleh diberi perlindungan,An-Nisa,4,90,90,False,"QS. An-Nisa, 4:90"
"Hijrah, Jihad dan Perang",Perang,23,Ahli Kitab suka mengganggu tetapi lari bila diperangi,Ali Imran,3,111,111,False,"QS. Ali Imran, 3:111"
"Hijrah, Jihad dan Perang",Perang,24,Kafir yang tidak memerangi boleh diperlakukan baik,Al-Mumtahanah,60,8,8,False,"QS. Al-Mumtahanah, 60:8"
"Hijrah, Jihad dan Perang",Perang,25,Yang berperang di jalan Allah adalah orang mukmin,An-Nisa,4,76,76,False,"QS. An-Nisa, 4:76"
"Hijrah, Jihad dan Perang",Perang,26,Perang di jalan Allah dengan teratur dicintai Allah,As-Saff,61,4,4,False,"QS. As-Saff, 61:4"
"Hijrah, Jihad dan Perang",Perang,27,Perangilah musuh tanpa melampaui batas,Al-Baqarah,2,190,190,False,"QS. Al-Baqarah, 2:190"
"Hijrah, Jihad dan Perang",Perang,28,Kaum kafir terus memerangi selama mampu,Al-Baqarah,2,217,217,False,"QS. Al-Baqarah, 2:217"
"Hijrah, Jihad dan Perang",Perang,29,Lakukan perang total terhadap kaum musyrik,At-Taubah,9,36,36,False,"QS. At-Taubah, 9:36"
"Hijrah, Jihad dan Perang",Perang,30,Setiap mukmin wajib memerangi kafir,An-Nisa,4,84,84,False,"QS. An-Nisa, 4:84"
"Hijrah, Jihad dan Perang",Perang,31,Munafik mengejek umat Islam yang sedikit jumlahnya,Ali Imran,3,167,167,False,"QS. Ali Imran, 3:167"
"Hijrah, Jihad dan Perang",Perang,32,"Kafir tidak bersatu padu, mereka saling berselisih",Al-Hasyr,59,12,12,False,"QS. Al-Hasyr, 59:12"
"Hijrah, Jihad dan Perang",Perang,33,"Kafir tidak bersatu padu, mereka saling berselisih (lanjutan)",Al-Hasyr,59,13,13,False,"QS. Al-Hasyr, 59:13"
"Hijrah, Jihad dan Perang",Perang,34,"Kafir tidak bersatu padu, mereka saling berselisih (lanjutan)",Al-Hasyr,59,14,14,False,"QS. Al-Hasyr, 59:14"
"Hijrah, Jihad dan Perang",Perang,35,Perangi pengikut setan,An-Nisa,4,76,76,False,"QS. An-Nisa, 4:76"
"Hijrah, Jihad dan Perang",Perang,36,Kaum musyrik akan memerangi secara total,At-Taubah,9,36,36,False,"QS. At-Taubah, 9:36"
"Hijrah, Jihad dan Perang",Perang,37,Perangi pemuka-pemuka kafir,At-Taubah,9,12,12,False,"QS. At-Taubah, 9:12"
"Hijrah, Jihad dan Perang",Perang,38,Perangi orang yang tidak beriman kepada Allah & hari akhir,At-Taubah,9,29,29,False,"QS. At-Taubah, 9:29"
"Hijrah, Jihad dan Perang",Perang,39,Perangi kaum yang melanggar perjanjian atau menolak damai,Al-Hujurat,49,9,9,False,"QS. Al-Hujurat, 49:9"
"Hijrah, Jihad dan Perang",Perang,40,Perang untuk menumpas syirik & penindasan agama,Al-Baqarah,2,193,193,False,"QS. Al-Baqarah, 2:193"
"Hijrah, Jihad dan Perang",Perang,41,Perangi musuh Allah agar merasakan kekuatan kamu,At-Taubah,9,14,14,False,"QS. At-Taubah, 9:14"
"Hijrah, Jihad dan Perang",Perang,42,Perang dibolehkan untuk melawan kezaliman,Al-Hajj,22,39,39,False,"QS. Al-Hajj, 22:39"
"Hijrah, Jihad dan Perang",Perang,43,Allah menolongmu bila diperangi musuh,Al-Hasyr,59,11,11,False,"QS. Al-Hasyr, 59:11"
"Hijrah, Jihad dan Perang",Perang,44,Bila dua golongan mukmin berperang maka damaikanlah,Al-Hujurat,49,9,9,False,"QS. Al-Hujurat, 49:9"
"Hijrah, Jihad dan Perang",Perang,45,Penindasan beragama lebih bahaya dari pembunuhan,Al-Baqarah,2,191,191,False,"QS. Al-Baqarah, 2:191"
"Hijrah, Jihad dan Perang",Perang,46,"Pembunuhan bisa menimpa siapa pun, perang bukan sebab tunggal",Ali Imran,3,154,154,False,"QS. Ali Imran, 3:154"
"Hijrah, Jihad dan Perang",Perang,47,"Maut tidak bisa dihindari, jangan takut perang",Al-Ahzab,33,16,16,False,"QS. Al-Ahzab, 33:16"
"Hijrah, Jihad dan Perang",Perang,48,Perang kewajiban meski dibenci,Al-Baqarah,2,216,216,False,"QS. Al-Baqarah, 2:216"
"Hijrah, Jihad dan Perang",Perang,49,Kaum munafik tidak mau ikut perang,Al-Baqarah,2,246,246,False,"QS. Al-Baqarah, 2:246"
"Hijrah, Jihad dan Perang",Perang,50,Dalam perang ada orang takut kepada manusia,An-Nisa,4,77,77,False,"QS. An-Nisa, 4:77"
"Hijrah, Jihad dan Perang",Perang,51,Jangan takut berperang meski jumlah sedikit,Ali Imran,3,12,12,False,"QS. Ali Imran, 3:12"
"Hijrah, Jihad dan Perang",Perang,52,Jangan takut berperang meski jumlah sedikit (lanjutan),Al-Anfal,8,19,19,False,"QS. Al-Anfal, 8:19"
"Hijrah, Jihad dan Perang",Perang,53,Jangan takut berperang meski jumlah sedikit (lanjutan),Al-Anfal,8,28,28,False,"QS. Al-Anfal, 8:28"
"Hijrah, Jihad dan Perang",Perang,54,Perang tidak ada kaitannya dengan maut,An-Nisa,4,77,77,False,"QS. An-Nisa, 4:77"
"Hijrah, Jihad dan Perang",Perang,55,Perang tidak ada kaitannya dengan maut (lanjutan),An-Nisa,4,78,78,False,"QS. An-Nisa, 4:78"
"Hijrah, Jihad dan Perang",Perang,56,Nabi ﷺ disuruh membangkitkan semangat kaum mukmin,Al-Anfal,8,65,65,False,"QS. Al-Anfal, 8:65"
"Hijrah, Jihad dan Perang",Perang,57,Mukmin berketetapan hati perang melawan kafir,Al-Ahzab,33,22,22,False,"QS. Al-Ahzab, 33:22"
"Hijrah, Jihad dan Perang",Perang,58,Mukmin berketetapan hati perang melawan kafir (lanjutan),Al-Ahzab,33,23,23,False,"QS. Al-Ahzab, 33:23"
"Hijrah, Jihad dan Perang",Perang,59,Mukmin berketetapan hati perang melawan kafir (lanjutan),Al-Ahzab,33,24,24,False,"QS. Al-Ahzab, 33:24"
"Hijrah, Jihad dan Perang",Perang,60,Mukmin berketetapan hati perang melawan kafir (lanjutan),Al-Ahzab,33,25,25,False,"QS. Al-Ahzab, 33:25"
"Hijrah, Jihad dan Perang",Perang,61,Isu perang jangan disebarkan tanpa seleksi,An-Nisa,4,83,83,False,"QS. An-Nisa, 4:83"
"Hijrah, Jihad dan Perang",Perang,62,Dalam perang lakukan pembalasan setimpal,An-Nahl,16,126,126,False,"QS. An-Nahl, 16:126"
"Hijrah, Jihad dan Perang",Perang,63,Berita perang harus dicermati agar tidak menimbulkan bencana,Al-Hujurat,49,6,6,False,"QS. Al-Hujurat, 49:6"
"Hijrah, Jihad dan Perang",Perang,64,Besi sebagai senjata perang,Al-Hadid,57,25,25,False,"QS. Al-Hadid, 57:25"
"Hijrah, Jihad dan Perang",Perang,65,Kuda dipakai menyerbu musuh,Al-‘Adiyat,100,1,1,False,"QS. Al-‘Adiyat, 100:1"
"Hijrah, Jihad dan Perang",Perang,66,Kuda dipakai menyerbu musuh (lanjutan),Al-‘Adiyat,100,2,2,False,"QS. Al-‘Adiyat, 100:2"
"Hijrah, Jihad dan Perang",Perang,67,Kuda dipakai menyerbu musuh (lanjutan),Al-‘Adiyat,100,3,3,False,"QS. Al-‘Adiyat, 100:3"
"Hijrah, Jihad dan Perang",Perang,68,Kuda dipakai menyerbu musuh (lanjutan),Al-‘Adiyat,100,4,4,False,"QS. Al-‘Adiyat, 100:4"
"Hijrah, Jihad dan Perang",Perang,69,Kuda dipakai menyerbu musuh (lanjutan),Al-‘Adiyat,100,5,5,False,"QS. Al-‘Adiyat, 100:5"
"Hijrah, Jihad dan Perang",Perang,70,Kuda dipakai menyerbu musuh (lanjutan),Al-‘Adiyat,100,6,6,False,"QS. Al-‘Adiyat, 100:6"
"Hijrah, Jihad dan Perang",Perang,71,Dengan perang bisa membunuh & menawan kafir,Al-Ahzab,33,26,26,False,"QS. Al-Ahzab, 33:26"
"Hijrah, Jihad dan Perang",Perang,72,Dalam perang Allah menunjukkan kekuasaan & pertolongan-Nya,Al-Anfal,8,9,9,False,"QS. Al-Anfal, 8:9"
"Hijrah, Jihad dan Perang",Perang,73,Dalam perang Allah menunjukkan kekuasaan & pertolongan-Nya (lanjutan),Al-Anfal,8,10,10,False,"QS. Al-Anfal, 8:10"
"Hijrah, Jihad dan Perang",Perang,74,Dalam perang Allah menunjukkan kekuasaan & pertolongan-Nya (lanjutan),Al-Anfal,8,11,11,False,"QS. Al-Anfal, 8:11"
"Hijrah, Jihad dan Perang",Perang,75,Dalam perang Allah menunjukkan kekuasaan & pertolongan-Nya (lanjutan),Al-Anfal,8,12,12,False,"QS. Al-Anfal, 8:12"
"Hijrah, Jihad dan Perang",Perang,76,Dalam perang Allah menurunkan tentara-Nya untuk membantu mukmin,At-Taubah,9,25,25,False,"QS. At-Taubah, 9:25"
"Hijrah, Jihad dan Perang",Perang,77,Dalam perang Allah menurunkan tentara-Nya untuk membantu mukmin (lanjutan),At-Taubah,9,26,26,False,"QS. At-Taubah, 9:26"
"Hijrah, Jihad dan Perang",Perang,78,Dalam perang Allah menurunkan tentara-Nya untuk membantu mukmin (lanjutan),At-Taubah,9,27,27,False,"QS. At-Taubah, 9:27"
"Hijrah, Jihad dan Perang",Perang,79,Jangan lemah mengejar musuh,An-Nisa,4,104,104,False,"QS. An-Nisa, 4:104"
"Hijrah, Jihad dan Perang",Perang,80,Tidak boleh lari dari medan perang,Al-Anfal,8,15,15,False,"QS. Al-Anfal, 8:15"
"Hijrah, Jihad dan Perang",Perang,81,Tidak boleh lari dari medan perang (lanjutan),Al-Anfal,8,16,16,False,"QS. Al-Anfal, 8:16"
"Hijrah, Jihad dan Perang",Perang,82,Tidak boleh lari dari medan perang (lanjutan),Al-Anfal,8,17,17,False,"QS. Al-Anfal, 8:17"
"Hijrah, Jihad dan Perang",Perang,83,Tidak boleh lari dari medan perang (lanjutan),Al-Anfal,8,18,18,False,"QS. Al-Anfal, 8:18"
Rahasia Kejiwaan Manusia dalam Al-Qur’an,I. Perusak Hati dan Obatnya › A. Sebab-sebab Rusaknya Hati,1,Munafik,Al-Baqarah,2,10,10,False,"QS. Al-Baqarah, 2:10"
Rahasia Kejiwaan Manusia dalam Al-Qur’an,I. Perusak Hati dan Obatnya › A. Sebab-sebab Rusaknya Hati,2,Menolak kebenaran,Al-Baqarah,2,74,74,False,"QS. Al-Baqarah, 2:74"
Rahasia Kejiwaan Manusia dalam Al-Qur’an,I. Perusak Hati dan Obatnya › A. Sebab-sebab Rusaknya Hati,3,Menyembah berhala,Al-Baqarah,2,93,93,False,"QS. Al-Baqarah, 2:93"
Rahasia Kejiwaan Manusia dalam Al-Qur’an,I. Perusak Hati dan Obatnya › A. Sebab-sebab Rusaknya Hati,4,Mencintai dunia,Al-Baqarah,2,204,204,False,"QS. Al-Baqarah, 2:204"
Rahasia Kejiwaan Manusia dalam Al-Qur’an,I. Perusak Hati dan Obatnya › A. Sebab-sebab Rusaknya Hati,5,Membeo,Al-Baqarah,2,118,118,False,"QS. Al-Baqarah, 2:118"
Rahasia Kejiwaan Manusia dalam Al-Qur’an,I. Perusak Hati dan Obatnya › A. Sebab-sebab Rusaknya Hati,6,Mempermainkan sumpah,Al-Baqarah,2,225,225,False,"QS. Al-Baqarah, 2:225"
Rahasia Kejiwaan Manusia dalam Al-Qur’an,I. Perusak Hati dan Obatnya › A. Sebab-sebab Rusaknya Hati,7,Condong kepada kesesatan,Ali ‘Imran,3,7,7,False,"QS. Ali ‘Imran, 3:7"
Rahasia Kejiwaan Manusia dalam Al-Qur’an,I. Perusak Hati dan Obatnya › A. Sebab-sebab Rusaknya Hati,8,Kekafiran,Ali ‘Imran,3,151,151,False,"QS. Ali ‘Imran, 3:151"
Rahasia Kejiwaan Manusia dalam Al-Qur’an,I. Perusak Hati dan Obatnya › A. Sebab-sebab Rusaknya Hati,9,Perilaku kasar,Ali ‘Imran,3,159,159,False,"QS. Ali ‘Imran, 3:159"
Rahasia Kejiwaan Manusia dalam Al-Qur’an,I. Perusak Hati dan Obatnya › A. Sebab-sebab Rusaknya Hati,10,Plin-plan,Al-Ma’idah,5,41,41,False,"QS. Al-Ma’idah, 5:41"
Rahasia Kejiwaan Manusia dalam Al-Qur’an,I. Perusak Hati dan Obatnya › A. Sebab-sebab Rusaknya Hati,11,Kepercayaan sesat,Ali ‘Imran,3,156,156,False,"QS. Ali ‘Imran, 3:156"
Rahasia Kejiwaan Manusia dalam Al-Qur’an,I. Perusak Hati dan Obatnya › A. Sebab-sebab Rusaknya Hati,12,Mengingkari janji,Al-Ma’idah,5,13,13,False,"QS. Al-Ma’idah, 5:13"
Rahasia Kejiwaan Manusia dalam Al-Qur’an,I. Perusak Hati dan Obatnya › A. Sebab-sebab Rusaknya Hati,13,Menyalahi Rasulullah saw.,At-Taubah,9,45,45,False,"QS. At-Taubah, 9:45"
Rahasia Kejiwaan Manusia dalam Al-Qur’an,I. Perusak Hati dan Obatnya › A. Sebab-sebab Rusaknya Hati,14,Mengingkari akhirat,Al-An‘am,6,113,113,False,"QS. Al-An‘am, 6:113"
Rahasia Kejiwaan Manusia dalam Al-Qur’an,I. Perusak Hati dan Obatnya › A. Sebab-sebab Rusaknya Hati,15,Mengabaikan tanda keagungan Allah,Al-A‘raf,7,197,197,False,"QS. Al-A‘raf, 7:197"
Rahasia Kejiwaan Manusia dalam Al-Qur’an,I. Perusak Hati dan Obatnya › A. Sebab-sebab Rusaknya Hati,16,Merusak ikatan kerabat,At-Taubah,9,8,8,False,"QS. At-Taubah, 9:8"
Rahasia Kejiwaan Manusia dalam Al-Qur’an,I. Perusak Hati dan Obatnya › A. Sebab-sebab Rusaknya Hati,17,Tidak mau berjihad,At-Taubah,9,93,93,False,"QS. At-Taubah, 9:93"
Rahasia Kejiwaan Manusia dalam Al-Qur’an,I. Perusak Hati dan Obatnya › A. Sebab-sebab Rusaknya Hati,18,Tempat tinggal mewah,At-Taubah,9,110,110,False,"QS. At-Taubah, 9:110"
Rahasia Kejiwaan Manusia dalam Al-Qur’an,I. Perusak Hati dan Obatnya › A. Sebab-sebab Rusaknya Hati,19,Melecehkan Islam,Al-Hijr,15,12,12,False,"QS. Al-Hijr, 15:12"
Rahasia Kejiwaan Manusia dalam Al-Qur’an,I. Perusak Hati dan Obatnya › A. Sebab-sebab Rusaknya Hati,20,Kehilangan anak kesayangan,Al-Qashash,28,10,10,False,"QS. Al-Qashash, 28:10"
Rahasia Kejiwaan Manusia dalam Al-Qur’an,I. Perusak Hati dan Obatnya › A. Sebab-sebab Rusaknya Hati,21,Rayuan sesat,Al-Ahzab,33,32,32,False,"QS. Al-Ahzab, 33:32"
Rahasia Kejiwaan Manusia dalam Al-Qur’an,I. Perusak Hati dan Obatnya › A. Sebab-sebab Rusaknya Hati,22,Kekafiran,Ali ‘Imran,3,151,151,False,"QS. Ali ‘Imran, 3:151"
Rahasia Kejiwaan Manusia dalam Al-Qur’an,I. Perusak Hati dan Obatnya › A. Sebab-sebab Rusaknya Hati,23,Mengabaikan kebenaran,Al-A‘raf,7,197,197,False,"QS. Al-A‘raf, 7:197"
Rahasia Kejiwaan Manusia dalam Al-Qur’an,I. Perusak Hati dan Obatnya › A. Sebab-sebab Rusaknya Hati,24,Lari dari kesulitan,At-Taubah,9,117,117,False,"QS. At-Taubah, 9:117"
Rahasia Kejiwaan Manusia dalam Al-Qur’an,I. Perusak Hati dan Obatnya › A. Sebab-sebab Rusaknya Hati,25,Maksiat,Al-Hijr,15,12,12,False,"QS. Al-Hijr, 15:12"
Rahasia Kejiwaan Manusia dalam Al-Qur’an,I. Perusak Hati dan Obatnya › A. Sebab-sebab Rusaknya Hati,26,Berbuat syirik,Az-Zumar,39,45,45,False,"QS. Az-Zumar, 39:45"
Rahasia Kejiwaan Manusia dalam Al-Qur’an,I. Perusak Hati dan Obatnya › A. Sebab-sebab Rusaknya Hati,27,Menutup diri untuk memahami kebenaran,Muhammad,47,24,24,False,"QS. Muhammad, 47:24"
Rahasia Kejiwaan Manusia dalam Al-Qur’an,I. Perusak Hati dan Obatnya › A. Sebab-sebab Rusaknya Hati,28,Selalu menyangkal kebenaran,Al-Baqarah,2,47,47,False,"QS. Al-Baqarah, 2:47"
Rahasia Kejiwaan Manusia dalam Al-Qur’an,I. Perusak Hati dan Obatnya › A. Sebab-sebab Rusaknya Hati,29,Berprasangka buruk kepada orang beriman,Al-Fath,48,12,12,False,"QS. Al-Fath, 48:12"
Rahasia Kejiwaan Manusia dalam Al-Qur’an,I. Perusak Hati dan Obatnya › A. Sebab-sebab Rusaknya Hati,30,Tidak menjalani iman dengan serius,Al-Hujurat,49,14,14,False,"QS. Al-Hujurat, 49:14"
Rahasia Kejiwaan Manusia dalam Al-Qur’an,I. Perusak Hati dan Obatnya › A. Sebab-sebab Rusaknya Hati,31,Dengki,Al-Hasyr,59,10,10,False,"QS. Al-Hasyr, 59:10"
Rahasia Kejiwaan Manusia dalam Al-Qur’an,I. Perusak Hati dan Obatnya › A. Sebab-sebab Rusaknya Hati,32,Sesal kemudian,Ali ‘Imran,3,156,156,False,"QS. Ali ‘Imran, 3:156"
Rahasia Kejiwaan Manusia dalam Al-Qur’an,I. Perusak Hati dan Obatnya › A. Sebab-sebab Rusaknya Hati,33,Ragu-ragu,At-Taubah,9,45,45,False,"QS. At-Taubah, 9:45"
Rahasia Kejiwaan Manusia dalam Al-Qur’an,I. Perusak Hati dan Obatnya › A. Sebab-sebab Rusaknya Hati,34,Mengejek Rasul Allah,Al-Anbiya,21,3,3,False,"QS. Al-Anbiya, 21:3"
Rahasia Kejiwaan Manusia dalam Al-Qur’an,I. Perusak Hati dan Obatnya › A. Sebab-sebab Rusaknya Hati,35,Banyak dosa,Al-Muthaffifin,83,14,14,False,"QS. Al-Muthaffifin, 83:14"
Rahasia Kejiwaan Manusia dalam Al-Qur’an,I. Perusak Hati dan Obatnya › A. Sebab-sebab Rusaknya Hati,36,Mengejar kenikmatan dunia,Yunus,10,7,7,False,"QS. Yunus, 10:7"
Rahasia Kejiwaan Manusia dalam Al-Qur’an,I. Perusak Hati dan Obatnya › A. Sebab-sebab Rusaknya Hati,37,Bersifat bunglon,At-Taubah,9,8,8,False,"QS. At-Taubah, 9:8"
Rahasia Kejiwaan Manusia dalam Al-Qur’an,I. Perusak Hati dan Obatnya › A. Sebab-sebab Rusaknya Hati,38,Kasar kepada sesama muslim,Ali ‘Imran,3,159,159,False,"QS. Ali ‘Imran, 3:159"
Rahasia Kejiwaan Manusia dalam Al-Qur’an,I. Perusak Hati dan Obatnya › A. Sebab-sebab Rusaknya Hati,39,Merusak kebiasaan baik,An-Nahl,16,92,92,False,"QS. An-Nahl, 16:92"
Rahasia Kejiwaan Manusia dalam Al-Qur’an,I. Perusak Hati dan Obatnya › A. Sebab-sebab Rusaknya Hati,40,Merusak janji,As-Saff,61,3,4,False,"QS. As-Saff, 61:3-4"
Rahasia Kejiwaan Manusia dalam Al-Qur’an,I. Perusak Hati dan Obatnya › B. Obat Penyehat Hati,1,Mengakui kebenaran,Al-Baqarah,2,260,260,False,"QS. Al-Baqarah, 2:260"
Rahasia Kejiwaan Manusia dalam Al-Qur’an,I. Perusak Hati dan Obatnya › B. Obat Penyehat Hati,2,Mengimani Al-Qur’an,Ali ‘Imran,3,105,105,False,"QS. Ali ‘Imran, 3:105"
Rahasia Kejiwaan Manusia dalam Al-Qur’an,I. Perusak Hati dan Obatnya › B. Obat Penyehat Hati,3,Mendapat pertolongan Allah,Ali ‘Imran,3,126,126,False,"QS. Ali ‘Imran, 3:126"
Rahasia Kejiwaan Manusia dalam Al-Qur’an,I. Perusak Hati dan Obatnya › B. Obat Penyehat Hati,4,Menerima cobaan dengan rela,Ali ‘Imran,3,154,154,False,"QS. Ali ‘Imran, 3:154"
Rahasia Kejiwaan Manusia dalam Al-Qur’an,I. Perusak Hati dan Obatnya › B. Obat Penyehat Hati,5,Menjaga kesucian badan,Al-Anfal,8,11,11,False,"QS. Al-Anfal, 8:11"
Rahasia Kejiwaan Manusia dalam Al-Qur’an,I. Perusak Hati dan Obatnya › B. Obat Penyehat Hati,6,Mengikuti seruan Allah dan Rasul-Nya,Al-Anfal,8,24,24,False,"QS. Al-Anfal, 8:24"
Rahasia Kejiwaan Manusia dalam Al-Qur’an,I. Perusak Hati dan Obatnya › B. Obat Penyehat Hati,7,Kedermawanan,At-Taubah,9,60,60,False,"QS. At-Taubah, 9:60"
Rahasia Kejiwaan Manusia dalam Al-Qur’an,I. Perusak Hati dan Obatnya › B. Obat Penyehat Hati,8,Bertaubat,At-Taubah,9,117,117,False,"QS. At-Taubah, 9:117"
Rahasia Kejiwaan Manusia dalam Al-Qur’an,I. Perusak Hati dan Obatnya › B. Obat Penyehat Hati,9,Membaca sejarah para nabi,Hud,11,20,20,False,"QS. Hud, 11:20"
Rahasia Kejiwaan Manusia dalam Al-Qur’an,I. Perusak Hati dan Obatnya › B. Obat Penyehat Hati,10,Mengingat Allah,Ar-Ra‘d,13,28,28,False,"QS. Ar-Ra‘d, 13:28"
Rahasia Kejiwaan Manusia dalam Al-Qur’an,I. Perusak Hati dan Obatnya › B. Obat Penyehat Hati,11,Takut akhirat,An-Nur,24,37,37,False,"QS. An-Nur, 24:37"
Rahasia Kejiwaan Manusia dalam Al-Qur’an,I. Perusak Hati dan Obatnya › B. Obat Penyehat Hati,12,Takwa,As-Saffat,37,84,84,False,"QS. As-Saffat, 37:84"
Rahasia Kejiwaan Manusia dalam Al-Qur’an,I. Perusak Hati dan Obatnya › B. Obat Penyehat Hati,13,Membaca Al-Qur’an,Az-Zumar,39,29,29,False,"QS. Az-Zumar, 39:29"
Rahasia Kejiwaan Manusia dalam Al-Qur’an,I. Perusak Hati dan Obatnya › B. Obat Penyehat Hati,14,Menerima peringatan Allah dan Rasul-Nya,Ali ‘Imran,3,103,103,False,"QS. Ali ‘Imran, 3:103"
Rahasia Kejiwaan Manusia dalam Al-Qur’an,I. Perusak Hati dan Obatnya › B. Obat Penyehat Hati,15,Teguh menghadapi musuh agama,Al-Anfal,8,11,11,False,"QS. Al-Anfal, 8:11"
Rahasia Kejiwaan Manusia dalam Al-Qur’an,I. Perusak Hati dan Obatnya › B. Obat Penyehat Hati,16,Memperoleh rezeki cukup,Ibrahim,14,37,37,False,"QS. Ibrahim, 14:37"
Rahasia Kejiwaan Manusia dalam Al-Qur’an,I. Perusak Hati dan Obatnya › B. Obat Penyehat Hati,17,Sholat Lail,Al-Isra,17,79,79,False,"QS. Al-Isra, 17:79"
Rahasia Kejiwaan Manusia dalam Al-Qur’an,I. Perusak Hati dan Obatnya › B. Obat Penyehat Hati,18,Rindu kembali kepada Allah,Al-Fajr,89,28,28,False,"QS. Al-Fajr, 89:28"
Rahasia Kejiwaan Manusia dalam Al-Qur’an,I. Perusak Hati dan Obatnya › B. Obat Penyehat Hati,19,Segera berbuat baik,Al-Anbiya,21,90,90,False,"QS. Al-Anbiya, 21:90"
Rahasia Kejiwaan Manusia dalam Al-Qur’an,I. Perusak Hati dan Obatnya › B. Obat Penyehat Hati,20,Shadaqah,Ali ‘Imran,3,92,92,False,"QS. Ali ‘Imran, 3:92"
Rahasia Kejiwaan Manusia dalam Al-Qur’an,I. Perusak Hati dan Obatnya › B. Obat Penyehat Hati,21,Puasa,Al-Baqarah,2,183,183,False,"QS. Al-Baqarah, 2:183"
Rahasia Kejiwaan Manusia dalam Al-Qur’an,I. Perusak Hati dan Obatnya › B. Obat Penyehat Hati,22,Shalat wajib,Al-Mu’minun,23,2,2,False,"QS. Al-Mu’minun, 23:2"
Rahasia Kejiwaan Manusia dalam Al-Qur’an,I. Perusak Hati dan Obatnya › B. Obat Penyehat Hati,23,Beriman berdasarkan ilmu,Al-Baqarah,2,260,260,False,"QS. Al-Baqarah, 2:260"
Rahasia Kejiwaan Manusia dalam Al-Qur’an,I. Perusak Hati dan Obatnya › B. Obat Penyehat Hati,24,Mengagungkan syiar agama,Al-Hajj,22,32,32,False,"QS. Al-Hajj, 22:32"
Rahasia Kejiwaan Manusia dalam Al-Qur’an,I. Perusak Hati dan Obatnya › B. Obat Penyehat Hati,25,Bersikap santun,Al-Hadid,57,27,27,False,"QS. Al-Hadid, 57:27"
Rahasia Kejiwaan Manusia dalam Al-Qur’an,I. Perusak Hati dan Obatnya › B. Obat Penyehat Hati,26,Persaudaraan karena iman,Ali ‘Imran,3,103,103,False,"QS. Ali ‘Imran, 3:103"
Rahasia Kejiwaan Manusia dalam Al-Qur’an,I. Perusak Hati dan Obatnya › B. Obat Penyehat Hati,27,Iman kepada takdir,Ali ‘Imran,3,154,154,False,"QS. Ali ‘Imran, 3:154"
Rahasia Kejiwaan Manusia dalam Al-Qur’an,I. Perusak Hati dan Obatnya › B. Obat Penyehat Hati,28,Tawakal,Al-Anfal,8,2,2,False,"QS. Al-Anfal, 8:2"
Rahasia Kejiwaan Manusia dalam Al-Qur’an,I. Perusak Hati dan Obatnya › B. Obat Penyehat Hati,29,Dzikir,Az-Zumar,39,23,23,False,"QS. Az-Zumar, 39:23"
Rahasia Kejiwaan Manusia dalam Al-Qur’an,I. Perusak Hati dan Obatnya › B. Obat Penyehat Hati,30,Ridha bertuhan hanya kepada Allah,Al-Ma’idah,5,119,119,False,"QS. Al-Ma’idah, 5:119"
Rahasia Kejiwaan Manusia dalam Al-Qur’an,I. Perusak Hati dan Obatnya › B. Obat Penyehat Hati,31,Bakti kepada ibu-bapak,An-Nisa,4,36,36,False,"QS. An-Nisa, 4:36"
Rahasia Kejiwaan Manusia dalam Al-Qur’an,I. Perusak Hati dan Obatnya › B. Obat Penyehat Hati,32,Menjaga ikatan kerabat,An-Nisa,4,1,1,False,"QS. An-Nisa, 4:1"
Rahasia Kejiwaan Manusia dalam Al-Qur’an,I. Perusak Hati dan Obatnya › B. Obat Penyehat Hati,33,Menjauhi syubhat,Ali ‘Imran,3,7,7,False,"QS. Ali ‘Imran, 3:7"
Rahasia Kejiwaan Manusia dalam Al-Qur’an,I. Perusak Hati dan Obatnya › B. Obat Penyehat Hati,34,Tidak rakus dunia,Al-Kahfi,18,45,45,False,"QS. Al-Kahfi, 18:45"
Rahasia Kejiwaan Manusia dalam Al-Qur’an,I. Perusak Hati dan Obatnya › B. Obat Penyehat Hati,35,Santun sesama muslim,Al-Ma’idah,5,54,54,False,"QS. Al-Ma’idah, 5:54"
Rahasia Kejiwaan Manusia dalam Al-Qur’an,I. Perusak Hati dan Obatnya › B. Obat Penyehat Hati,36,Pemaaf,Ali ‘Imran,3,134,134,False,"QS. Ali ‘Imran, 3:134"
Rahasia Kejiwaan Manusia dalam Al-Qur’an,I. Perusak Hati dan Obatnya › B. Obat Penyehat Hati,37,Malu,Al-Qashash,28,25,25,False,"QS. Al-Qashash, 28:25"
Rahasia Kejiwaan Manusia dalam Al-Qur’an,I. Perusak Hati dan Obatnya › B. Obat Penyehat Hati,38,Lapang dada menghadapi hinaan,Al-Furqan,25,63,63,False,"QS. Al-Furqan, 25:63"
Rahasia Kejiwaan Manusia dalam Al-Qur’an,I. Perusak Hati dan Obatnya › B. Obat Penyehat Hati,39,Mengikuti yang lebih baik,Az-Zumar,39,17,17,False,"QS. Az-Zumar, 39:17"
Rahasia Kejiwaan Manusia dalam Al-Qur’an,I. Perusak Hati dan Obatnya › B. Obat Penyehat Hati,40,Makan dari usaha sendiri,Al-Jumu‘ah,62,10,10,False,"QS. Al-Jumu‘ah, 62:10"
Rahasia Kejiwaan Manusia dalam Al-Qur’an,II. Perasaan Sedih dan Bahagia › A. Penyebab Bahagia,1,Mendapat anak,Al-Hijr,15,53,53,False,"QS. Al-Hijr, 15:53"
Rahasia Kejiwaan Manusia dalam Al-Qur’an,II. Perasaan Sedih dan Bahagia › A. Penyebab Bahagia,2,Balasan baik,Al-Kahfi,18,2,2,False,"QS. Al-Kahfi, 18:2"
Rahasia Kejiwaan Manusia dalam Al-Qur’an,II. Perasaan Sedih dan Bahagia › A. Penyebab Bahagia,3,Mendapat rahmat,At-Taubah,9,21,21,False,"QS. At-Taubah, 9:21"
Rahasia Kejiwaan Manusia dalam Al-Qur’an,II. Perasaan Sedih dan Bahagia › A. Penyebab Bahagia,4,Kebaikannya diikuti,Ali ‘Imran,3,170,170,False,"QS. Ali ‘Imran, 3:170"
Rahasia Kejiwaan Manusia dalam Al-Qur’an,II. Perasaan Sedih dan Bahagia › A. Penyebab Bahagia,5,Imannya bertambah,At-Taubah,9,124,124,False,"QS. At-Taubah, 9:124"
Rahasia Kejiwaan Manusia dalam Al-Qur’an,II. Perasaan Sedih dan Bahagia › A. Penyebab Bahagia,6,Dapat memenuhi kewajiban,At-Taubah,9,111,111,False,"QS. At-Taubah, 9:111"
Rahasia Kejiwaan Manusia dalam Al-Qur’an,II. Perasaan Sedih dan Bahagia › A. Penyebab Bahagia,7,Mendapat angin baik,Al-Furqan,25,48,48,False,"QS. Al-Furqan, 25:48"
Rahasia Kejiwaan Manusia dalam Al-Qur’an,II. Perasaan Sedih dan Bahagia › A. Penyebab Bahagia,8,Menang menghadapi musuh,Al-Anfal,8,10,10,False,"QS. Al-Anfal, 8:10"
Rahasia Kejiwaan Manusia dalam Al-Qur’an,II. Perasaan Sedih dan Bahagia › A. Penyebab Bahagia,9,Menemukan barang berharga,Yusuf,12,19,19,False,"QS. Yusuf, 12:19"
Rahasia Kejiwaan Manusia dalam Al-Qur’an,II. Perasaan Sedih dan Bahagia › A. Penyebab Bahagia,10,Dapat hidayah,An-Naml,27,2,2,False,"QS. An-Naml, 27:2"
Rahasia Kejiwaan Manusia dalam Al-Qur’an,II. Perasaan Sedih dan Bahagia › A. Penyebab Bahagia,11,Tobat,Az-Zumar,39,17,17,False,"QS. Az-Zumar, 39:17"
Rahasia Kejiwaan Manusia dalam Al-Qur’an,II. Perasaan Sedih dan Bahagia › A. Penyebab Bahagia,12,Barangnya yang hilang kembali,Yusuf,12,96,96,False,"QS. Yusuf, 12:96"
Rahasia Kejiwaan Manusia dalam Al-Qur’an,II. Perasaan Sedih dan Bahagia › A. Penyebab Bahagia,13,Kabar gembira,As-Saff,61,2,2,False,"QS. As-Saff, 61:2"
Rahasia Kejiwaan Manusia dalam Al-Qur’an,II. Perasaan Sedih dan Bahagia › A. Penyebab Bahagia,14,Bersih dari dosa,Al-A‘la,87,14,14,False,"QS. Al-A‘la, 87:14"
Rahasia Kejiwaan Manusia dalam Al-Qur’an,II. Perasaan Sedih dan Bahagia › A. Penyebab Bahagia,15,Dapat bersabar,Ali ‘Imran,3,200,200,False,"QS. Ali ‘Imran, 3:200"
Rahasia Kejiwaan Manusia dalam Al-Qur’an,II. Perasaan Sedih dan Bahagia › A. Penyebab Bahagia,16,Mengingat Allah dengan sungguh-sungguh,Al-A‘raf,7,69,69,False,"QS. Al-A‘raf, 7:69"
Rahasia Kejiwaan Manusia dalam Al-Qur’an,II. Perasaan Sedih dan Bahagia › A. Penyebab Bahagia,17,Mendapat rezeki halal,Al-Jumu‘ah,62,10,10,False,"QS. Al-Jumu‘ah, 62:10"
Rahasia Kejiwaan Manusia dalam Al-Qur’an,II. Perasaan Sedih dan Bahagia › A. Penyebab Bahagia,18,Dapat bersedekah,Al-Hasyr,59,9,9,False,"QS. Al-Hasyr, 59:9"
Rahasia Kejiwaan Manusia dalam Al-Qur’an,II. Perasaan Sedih dan Bahagia › A. Penyebab Bahagia,19,Mengikuti keridhaan Allah,Ar-Rum,30,38,38,False,"QS. Ar-Rum, 30:38"
Rahasia Kejiwaan Manusia dalam Al-Qur’an,II. Perasaan Sedih dan Bahagia › A. Penyebab Bahagia,20,Sukses melakukan amar makruf nahi mungkar,Ali ‘Imran,3,104,104,False,"QS. Ali ‘Imran, 3:104"
Rahasia Kejiwaan Manusia dalam Al-Qur’an,II. Perasaan Sedih dan Bahagia › B. Penyebab Sedih,1,Terancam keselamatannya,At-Taubah,9,40,40,False,"QS. At-Taubah, 9:40"
Rahasia Kejiwaan Manusia dalam Al-Qur’an,II. Perasaan Sedih dan Bahagia › B. Penyebab Sedih,2,Tidak mendapatkan kesenangan,Al-Hijr,15,88,88,False,"QS. Al-Hijr, 15:88"
Rahasia Kejiwaan Manusia dalam Al-Qur’an,II. Perasaan Sedih dan Bahagia › B. Penyebab Sedih,3,Kehilangan anak,Thaha,20,40,40,False,"QS. Thaha, 20:40"
Rahasia Kejiwaan Manusia dalam Al-Qur’an,II. Perasaan Sedih dan Bahagia › B. Penyebab Sedih,4,Kehilangan istri,Al-‘Ankabut,29,33,33,False,"QS. Al-‘Ankabut, 29:33"
Rahasia Kejiwaan Manusia dalam Al-Qur’an,II. Perasaan Sedih dan Bahagia › B. Penyebab Sedih,5,Anak terancam,Yusuf,12,13,13,False,"QS. Yusuf, 12:13"
Rahasia Kejiwaan Manusia dalam Al-Qur’an,II. Perasaan Sedih dan Bahagia › B. Penyebab Sedih,6,Diacuhkan suami,Al-Ahzab,33,51,51,False,"QS. Al-Ahzab, 33:51"
Rahasia Kejiwaan Manusia dalam Al-Qur’an,II. Perasaan Sedih dan Bahagia › B. Penyebab Sedih,7,Digunjing orang,Ali ‘Imran,3,76,76,False,"QS. Ali ‘Imran, 3:76"
Rahasia Kejiwaan Manusia dalam Al-Qur’an,II. Perasaan Sedih dan Bahagia › B. Penyebab Sedih,8,Didustakan orang,Luqman,31,23,23,False,"QS. Luqman, 31:23"
Rahasia Kejiwaan Manusia dalam Al-Qur’an,II. Perasaan Sedih dan Bahagia › B. Penyebab Sedih,9,Omongannya dicemooh orang,Al-Ma’idah,5,41,41,False,"QS. Al-Ma’idah, 5:41"
Rahasia Kejiwaan Manusia dalam Al-Qur’an,II. Perasaan Sedih dan Bahagia › B. Penyebab Sedih,10,Dipermalukan orang,Maryam,19,24,24,False,"QS. Maryam, 19:24"
Rahasia Kejiwaan Manusia dalam Al-Qur’an,II. Perasaan Sedih dan Bahagia › B. Penyebab Sedih,11,Diperdayakan orang,An-Nahl,16,127,127,False,"QS. An-Nahl, 16:127"
Rahasia Kejiwaan Manusia dalam Al-Qur’an,II. Perasaan Sedih dan Bahagia › B. Penyebab Sedih,12,Menghadapi perang,Fussilat,41,30,30,False,"QS. Fussilat, 41:30"
Rahasia Kejiwaan Manusia dalam Al-Qur’an,II. Perasaan Sedih dan Bahagia › B. Penyebab Sedih,13,Dihinakan orang,Ali ‘Imran,3,139,139,False,"QS. Ali ‘Imran, 3:139"
Rahasia Kejiwaan Manusia dalam Al-Qur’an,II. Perasaan Sedih dan Bahagia › B. Penyebab Sedih,14,Disesatkan setan,Al-Mujadalah,58,10,10,False,"QS. Al-Mujadalah, 58:10"
Rahasia Kejiwaan Manusia dalam Al-Qur’an,II. Perasaan Sedih dan Bahagia › B. Penyebab Sedih,15,Kehilangan harta,Al-Baqarah,2,155,155,False,"QS. Al-Baqarah, 2:155"
Rahasia Kejiwaan Manusia dalam Al-Qur’an,II. Perasaan Sedih dan Bahagia › B. Penyebab Sedih,16,Menghadapi bencana,Al-Anbiya,21,103,103,False,"QS. Al-Anbiya, 21:103"
Rahasia Kejiwaan Manusia dalam Al-Qur’an,II. Perasaan Sedih dan Bahagia › B. Penyebab Sedih,17,Mendapat anak perempuan,An-Nahl,16,58,59,False,"QS. An-Nahl, 16:58-59"
Rahasia Kejiwaan Manusia dalam Al-Qur’an,II. Perasaan Sedih dan Bahagia › B. Penyebab Sedih,18,Dikalahkan,Al-A‘raf,7,119,119,False,"QS. Al-A‘raf, 7:119"
Rahasia Kejiwaan Manusia dalam Al-Qur’an,II. Perasaan Sedih dan Bahagia › B. Penyebab Sedih,19,Dihukum,Yunus,10,54,54,False,"QS. Yunus, 10:54"
Rahasia Kejiwaan Manusia dalam Al-Qur’an,II. Perasaan Sedih dan Bahagia › B. Penyebab Sedih,20,Miskin,Al-Fajr,89,16,16,False,"QS. Al-Fajr, 89:16"
Rahasia Kejiwaan Manusia dalam Al-Qur’an,III. Perasaan Senang dan Benci › A. Penyebab Senang,1,Kebaikan,Al-Qashash,28,32,32,False,"QS. Al-Qashash, 28:32"
Rahasia Kejiwaan Manusia dalam Al-Qur’an,III. Perasaan Senang dan Benci › A. Penyebab Senang,2,Pengampunan,An-Nur,24,22,22,False,"QS. An-Nur, 24:22"
Rahasia Kejiwaan Manusia dalam Al-Qur’an,III. Perasaan Senang dan Benci › A. Penyebab Senang,3,Dunia,Al-Qiyamah,75,20,20,False,"QS. Al-Qiyamah, 75:20"
Rahasia Kejiwaan Manusia dalam Al-Qur’an,III. Perasaan Senang dan Benci › A. Penyebab Senang,4,Harta banyak,Al-Fajr,89,20,20,False,"QS. Al-Fajr, 89:20"
Rahasia Kejiwaan Manusia dalam Al-Qur’an,III. Perasaan Senang dan Benci › A. Penyebab Senang,5,Kemenangan,At-Takwir,81,13,13,False,"QS. At-Takwir, 81:13"
Rahasia Kejiwaan Manusia dalam Al-Qur’an,III. Perasaan Senang dan Benci › A. Penyebab Senang,6,Kedermawanan,Al-Baqarah,2,195,195,False,"QS. Al-Baqarah, 2:195"
Rahasia Kejiwaan Manusia dalam Al-Qur’an,III. Perasaan Senang dan Benci › A. Penyebab Senang,7,Menyesali kesalahan,Al-Baqarah,2,222,222,False,"QS. Al-Baqarah, 2:222"
Rahasia Kejiwaan Manusia dalam Al-Qur’an,III. Perasaan Senang dan Benci › A. Penyebab Senang,8,Kebersihan,Al-Baqarah,2,222,222,False,"QS. Al-Baqarah, 2:222"
Rahasia Kejiwaan Manusia dalam Al-Qur’an,III. Perasaan Senang dan Benci › A. Penyebab Senang,9,Balasan baik,Ali ‘Imran,3,57,57,False,"QS. Ali ‘Imran, 3:57"
Rahasia Kejiwaan Manusia dalam Al-Qur’an,III. Perasaan Senang dan Benci › A. Penyebab Senang,10,Janji terpenuhi,Ali ‘Imran,3,76,76,False,"QS. Ali ‘Imran, 3:76"
Rahasia Kejiwaan Manusia dalam Al-Qur’an,III. Perasaan Senang dan Benci › A. Penyebab Senang,11,Kesabaran,Ali ‘Imran,3,146,146,False,"QS. Ali ‘Imran, 3:146"
Rahasia Kejiwaan Manusia dalam Al-Qur’an,III. Perasaan Senang dan Benci › A. Penyebab Senang,12,Sifat tawakal,Ali ‘Imran,3,159,159,False,"QS. Ali ‘Imran, 3:159"
Rahasia Kejiwaan Manusia dalam Al-Qur’an,III. Perasaan Senang dan Benci › A. Penyebab Senang,13,Keadilan,Al-Ma’idah,5,42,42,False,"QS. Al-Ma’idah, 5:42"
Rahasia Kejiwaan Manusia dalam Al-Qur’an,III. Perasaan Senang dan Benci › A. Penyebab Senang,14,Kedamaian,Al-Hujurat,49,9,9,False,"QS. Al-Hujurat, 49:9"
Rahasia Kejiwaan Manusia dalam Al-Qur’an,III. Perasaan Senang dan Benci › A. Penyebab Senang,15,Berjuang dengan baik,As-Saff,61,4,4,False,"QS. As-Saff, 61:4"
Rahasia Kejiwaan Manusia dalam Al-Qur’an,III. Perasaan Senang dan Benci › A. Penyebab Senang,16,Rendah hati,Al-Ma’idah,5,54,54,False,"QS. Al-Ma’idah, 5:54"
Rahasia Kejiwaan Manusia dalam Al-Qur’an,III. Perasaan Senang dan Benci › A. Penyebab Senang,17,Pujian,Ali ‘Imran,3,188,188,False,"QS. Ali ‘Imran, 3:188"
Rahasia Kejiwaan Manusia dalam Al-Qur’an,III. Perasaan Senang dan Benci › A. Penyebab Senang,18,Membuat isu,An-Nur,24,19,19,False,"QS. An-Nur, 24:19"
Rahasia Kejiwaan Manusia dalam Al-Qur’an,III. Perasaan Senang dan Benci › A. Penyebab Senang,19,Teman seperjuangan,Al-Hasyr,59,9,9,False,"QS. Al-Hasyr, 59:9"
Rahasia Kejiwaan Manusia dalam Al-Qur’an,III. Perasaan Senang dan Benci › A. Penyebab Senang,20,Sesembahan,Al-Baqarah,2,165,165,False,"QS. Al-Baqarah, 2:165"
Rahasia Kejiwaan Manusia dalam Al-Qur’an,III. Perasaan Senang dan Benci › A. Penyebab Senang,21,Kekeluargaan,At-Taubah,9,23,23,False,"QS. At-Taubah, 9:23"
Rahasia Kejiwaan Manusia dalam Al-Qur’an,III. Perasaan Senang dan Benci › A. Penyebab Senang,22,Perempuan,Ali ‘Imran,3,14,14,False,"QS. Ali ‘Imran, 3:14"
Rahasia Kejiwaan Manusia dalam Al-Qur’an,III. Perasaan Senang dan Benci › A. Penyebab Senang,23,Anak,Ali ‘Imran,3,14,14,False,"QS. Ali ‘Imran, 3:14"
Rahasia Kejiwaan Manusia dalam Al-Qur’an,III. Perasaan Senang dan Benci › A. Penyebab Senang,24,Kemesraan,Yusuf,12,30,30,False,"QS. Yusuf, 12:30"
Rahasia Kejiwaan Manusia dalam Al-Qur’an,III. Perasaan Senang dan Benci › A. Penyebab Senang,25,Tempat tinggal bagus,At-Taubah,9,24,24,False,"QS. At-Taubah, 9:24"
Rahasia Kejiwaan Manusia dalam Al-Qur’an,III. Perasaan Senang dan Benci › A. Penyebab Senang,26,Dikasihi Allah,Al-Ma’idah,5,18,18,False,"QS. Al-Ma’idah, 5:18"
Rahasia Kejiwaan Manusia dalam Al-Qur’an,III. Perasaan Senang dan Benci › A. Penyebab Senang,27,Keberhasilan,Ad-Duha,93,5,5,False,"QS. Ad-Duha, 93:5"
Rahasia Kejiwaan Manusia dalam Al-Qur’an,III. Perasaan Senang dan Benci › A. Penyebab Senang,28,Kesalihan,An-Naml,27,19,19,False,"QS. An-Naml, 27:19"
Rahasia Kejiwaan Manusia dalam Al-Qur’an,III. Perasaan Senang dan Benci › A. Penyebab Senang,29,Keturunan yang baik,Al-Ahqaf,46,15,15,False,"QS. Al-Ahqaf, 46:15"
Rahasia Kejiwaan Manusia dalam Al-Qur’an,III. Perasaan Senang dan Benci › A. Penyebab Senang,30,Kesaksian yang jujur,Al-Baqarah,2,282,282,False,"QS. Al-Baqarah, 2:282"
Rahasia Kejiwaan Manusia dalam Al-Qur’an,III. Perasaan Senang dan Benci › A. Penyebab Senang,31,Ucapan terima kasih,Az-Zumar,39,7,7,False,"QS. Az-Zumar, 39:7"
Rahasia Kejiwaan Manusia dalam Al-Qur’an,III. Perasaan Senang dan Benci › A. Penyebab Senang,32,Tempat yang baik,Al-Hajj,22,59,59,False,"QS. Al-Hajj, 22:59"
Rahasia Kejiwaan Manusia dalam Al-Qur’an,III. Perasaan Senang dan Benci › A. Penyebab Senang,33,Istri/suami idaman,Al-Baqarah,2,232,232,False,"QS. Al-Baqarah, 2:232"
Rahasia Kejiwaan Manusia dalam Al-Qur’an,III. Perasaan Senang dan Benci › A. Penyebab Senang,34,Istiqamah beragama,An-Nur,24,55,55,False,"QS. An-Nur, 24:55"
Rahasia Kejiwaan Manusia dalam Al-Qur’an,III. Perasaan Senang dan Benci › A. Penyebab Senang,35,Musyawarah,Al-Baqarah,2,233,233,False,"QS. Al-Baqarah, 2:233"
Rahasia Kejiwaan Manusia dalam Al-Qur’an,III. Perasaan Senang dan Benci › A. Penyebab Senang,36,Berdagang dengan baik,An-Nisa,4,29,29,False,"QS. An-Nisa, 4:29"
Rahasia Kejiwaan Manusia dalam Al-Qur’an,III. Perasaan Senang dan Benci › A. Penyebab Senang,37,Karyanya diterima,Al-Ghasyiyah,88,9,9,False,"QS. Al-Ghasyiyah, 88:9"
Rahasia Kejiwaan Manusia dalam Al-Qur’an,III. Perasaan Senang dan Benci › A. Penyebab Senang,38,Ada pewaris yang baik,Maryam,19,6,6,False,"QS. Maryam, 19:6"
Rahasia Kejiwaan Manusia dalam Al-Qur’an,III. Perasaan Senang dan Benci › A. Penyebab Senang,39,Rahmat Allah,At-Taubah,9,21,21,False,"QS. At-Taubah, 9:21"
Rahasia Kejiwaan Manusia dalam Al-Qur’an,III. Perasaan Senang dan Benci › A. Penyebab Senang,40,Ikhlas dalam berbuat,Al-Baqarah,2,207,207,False,"QS. Al-Baqarah, 2:207"
Rahasia Kejiwaan Manusia dalam Al-Qur’an,III. Perasaan Senang dan Benci › B. Penyebab Benci,1,Digunjing,Al-Hujurat,49,12,12,False,"QS. Al-Hujurat, 49:12"
Rahasia Kejiwaan Manusia dalam Al-Qur’an,III. Perasaan Senang dan Benci › B. Penyebab Benci,2,Diajak mengesakan Allah,Ghafir,40,14,14,False,"QS. Ghafir, 40:14"
Rahasia Kejiwaan Manusia dalam Al-Qur’an,III. Perasaan Senang dan Benci › B. Penyebab Benci,3,Diajak masuk Islam,Al-Anfal,8,8,8,False,"QS. Al-Anfal, 8:8"
Rahasia Kejiwaan Manusia dalam Al-Qur’an,III. Perasaan Senang dan Benci › B. Penyebab Benci,4,Kehilangan jiwa dan harta,At-Taubah,9,81,81,False,"QS. At-Taubah, 9:81"
Rahasia Kejiwaan Manusia dalam Al-Qur’an,III. Perasaan Senang dan Benci › B. Penyebab Benci,5,Perbuatan durjana,Al-Hujurat,49,7,7,False,"QS. Al-Hujurat, 49:7"
Rahasia Kejiwaan Manusia dalam Al-Qur’an,III. Perasaan Senang dan Benci › B. Penyebab Benci,6,Sihir,Thaha,20,73,73,False,"QS. Thaha, 20:73"
Rahasia Kejiwaan Manusia dalam Al-Qur’an,III. Perasaan Senang dan Benci › B. Penyebab Benci,7,Jadi pelacur,An-Nur,24,33,33,False,"QS. An-Nur, 24:33"
Rahasia Kejiwaan Manusia dalam Al-Qur’an,III. Perasaan Senang dan Benci › B. Penyebab Benci,8,Dikawin paksa,An-Nisa,4,19,19,False,"QS. An-Nisa, 4:19"
Rahasia Kejiwaan Manusia dalam Al-Qur’an,III. Perasaan Senang dan Benci › B. Penyebab Benci,9,Perang,Al-Baqarah,2,216,216,False,"QS. Al-Baqarah, 2:216"
Rahasia Kejiwaan Manusia dalam Al-Qur’an,III. Perasaan Senang dan Benci › B. Penyebab Benci,10,Menegakkan shalat dan mengeluarkan zakat,At-Taubah,9,54,54,False,"QS. At-Taubah, 9:54"
Rahasia Kejiwaan Manusia dalam Al-Qur’an,III. Perasaan Senang dan Benci › B. Penyebab Benci,11,Pemaksaan,Al-Baqarah,2,256,256,False,"QS. Al-Baqarah, 2:256"
Rahasia Kejiwaan Manusia dalam Al-Qur’an,III. Perasaan Senang dan Benci › B. Penyebab Benci,12,Dikafirkan,Al-A‘raf,7,88,88,False,"QS. Al-A‘raf, 7:88"
Rahasia Kejiwaan Manusia dalam Al-Qur’an,III. Perasaan Senang dan Benci › B. Penyebab Benci,13,Kemiskinan,Al-Fajr,89,15,15,False,"QS. Al-Fajr, 89:15"
Rahasia Kejiwaan Manusia dalam Al-Qur’an,III. Perasaan Senang dan Benci › B. Penyebab Benci,14,Ketahuan cacatnya,Ali ‘Imran,3,3,3,False,"QS. Ali ‘Imran, 3:3"
Rahasia Kejiwaan Manusia dalam Al-Qur’an,III. Perasaan Senang dan Benci › B. Penyebab Benci,15,Lawan lebih kuat,Al-Anfal,8,96,96,False,"QS. Al-Anfal, 8:96"
Rahasia Kejiwaan Manusia dalam Al-Qur’an,III. Perasaan Senang dan Benci › B. Penyebab Benci,16,Dijatuhi hukuman,An-Nisa,4,42,42,False,"QS. An-Nisa, 4:42"
Rahasia Kejiwaan Manusia dalam Al-Qur’an,III. Perasaan Senang dan Benci › B. Penyebab Benci,17,Mendapat kesulitan,Al-Baqarah,2,185,185,False,"QS. Al-Baqarah, 2:185"
Rahasia Kejiwaan Manusia dalam Al-Qur’an,III. Perasaan Senang dan Benci › B. Penyebab Benci,18,Tersaingi,Al-Mu’minun,23,24,24,False,"QS. Al-Mu’minun, 23:24"
Rahasia Kejiwaan Manusia dalam Al-Qur’an,III. Perasaan Senang dan Benci › B. Penyebab Benci,19,Terzhalimi,Ghafir,40,31,31,False,"QS. Ghafir, 40:31"
Rahasia Kejiwaan Manusia dalam Al-Qur’an,III. Perasaan Senang dan Benci › B. Penyebab Benci,20,Mengalah,Al-Kahfi,18,28,28,False,"QS. Al-Kahfi, 18:28"
Rahasia Kejiwaan Manusia dalam Al-Qur’an,III. Perasaan Senang dan Benci › B. Penyebab Benci,21,Sifat sombong,Al-Qashash,28,76,76,False,"QS. Al-Qashash, 28:76"
Rahasia Kejiwaan Manusia dalam Al-Qur’an,III. Perasaan Senang dan Benci › B. Penyebab Benci,22,Sifat khianat,Al-Hajj,22,28,28,False,"QS. Al-Hajj, 22:28"
Rahasia Kejiwaan Manusia dalam Al-Qur’an,III. Perasaan Senang dan Benci › B. Penyebab Benci,23,Perilaku merusak,Al-Ma’idah,5,64,64,False,"QS. Al-Ma’idah, 5:64"
Rahasia Kejiwaan Manusia dalam Al-Qur’an,III. Perasaan Senang dan Benci › B. Penyebab Benci,24,Bergelimang dosa,An-Nisa,4,107,107,False,"QS. An-Nisa, 4:107"
Rahasia Kejiwaan Manusia dalam Al-Qur’an,III. Perasaan Senang dan Benci › B. Penyebab Benci,25,Rentenir,Al-Baqarah,2,276,276,False,"QS. Al-Baqarah, 2:276"
Rahasia Kejiwaan Manusia dalam Al-Qur’an,III. Perasaan Senang dan Benci › B. Penyebab Benci,26,Permusuhan,Al-An‘am,6,76,76,False,"QS. Al-An‘am, 6:76"
Rahasia Kejiwaan Manusia dalam Al-Qur’an,III. Perasaan Senang dan Benci › B. Penyebab Benci,27,Pemborosan,Al-A‘raf,7,31,31,False,"QS. Al-A‘raf, 7:31"
Rahasia Kejiwaan Manusia dalam Al-Qur’an,III. Perasaan Senang dan Benci › B. Penyebab Benci,28,Rahasianya terbuka,Al-Baqarah,2,76,76,False,"QS. Al-Baqarah, 2:76"
Rahasia Kejiwaan Manusia dalam Al-Qur’an,III. Perasaan Senang dan Benci › B. Penyebab Benci,29,Diacuhkan,Al-Kahfi,18,6,6,False,"QS. Al-Kahfi, 18:6"
Rahasia Kejiwaan Manusia dalam Al-Qur’an,III. Perasaan Senang dan Benci › B. Penyebab Benci,30,Terganggu,Al-Ahzab,33,53,53,False,"QS. Al-Ahzab, 33:53"
Rahasia Kejiwaan Manusia dalam Al-Qur’an,III. Perasaan Senang dan Benci › B. Penyebab Benci,31,Didustakan,Al-Qalam,68,44,44,False,"QS. Al-Qalam, 68:44"
Rahasia Kejiwaan Manusia dalam Al-Qur’an,III. Perasaan Senang dan Benci › B. Penyebab Benci,32,Kekalahan,Al-Fath,48,59,59,False,"QS. Al-Fath, 48:59"
Rahasia Kejiwaan Manusia dalam Al-Qur’an,III. Perasaan Senang dan Benci › B. Penyebab Benci,33,Beban berat,Al-Baqarah,2,286,286,False,"QS. Al-Baqarah, 2:286"
Rahasia Kejiwaan Manusia dalam Al-Qur’an,III. Perasaan Senang dan Benci › B. Penyebab Benci,34,Kemandulan,Maryam,19,8,8,False,"QS. Maryam, 19:8"
Rahasia Kejiwaan Manusia dalam Al-Qur’an,III. Perasaan Senang dan Benci › B. Penyebab Benci,35,Pemberian yang buruk,Al-Baqarah,2,267,267,False,"QS. Al-Baqarah, 2:267"
Rahasia Kejiwaan Manusia dalam Al-Qur’an,III. Perasaan Senang dan Benci › B. Penyebab Benci,36,Kehilangan yang diinginkan,Ali ‘Imran,3,153,153,False,"QS. Ali ‘Imran, 3:153"
Rahasia Kejiwaan Manusia dalam Al-Qur’an,III. Perasaan Senang dan Benci › B. Penyebab Benci,37,Disesatkan,Al-Qashash,28,63,63,False,"QS. Al-Qashash, 28:63"
Rahasia Kejiwaan Manusia dalam Al-Qur’an,III. Perasaan Senang dan Benci › B. Penyebab Benci,38,Kematian,Al-Jumu‘ah,62,8,8,False,"QS. Al-Jumu‘ah, 62:8"
Rahasia Kejiwaan Manusia dalam Al-Qur’an,III. Perasaan Senang dan Benci › B. Penyebab Benci,39,Keturunan yang lemah atau terlantar,Al-Isra,17,31,31,False,"QS. Al-Isra, 17:31"
Rahasia Kejiwaan Manusia dalam Al-Qur’an,III. Perasaan Senang dan Benci › B. Penyebab Benci,40,Kehilangan kekuasaan,Ali ‘Imran,3,26,26,False,"QS. Ali ‘Imran, 3:26"
Rahasia Kejiwaan Manusia dalam Al-Qur’an,IV. Sifat Positif dan Negatif Manusia › A. Sifat Positif,1,Mencari keridhaan Allah,Al-Baqarah,2,207,207,False,"QS. Al-Baqarah, 2:207"
Rahasia Kejiwaan Manusia dalam Al-Qur’an,IV. Sifat Positif dan Negatif Manusia › A. Sifat Positif,2,Setia kawan,At-Taubah,9,71,71,False,"QS. At-Taubah, 9:71"
Rahasia Kejiwaan Manusia dalam Al-Qur’an,IV. Sifat Positif dan Negatif Manusia › A. Sifat Positif,3,Mencintai,Ar-Rum,30,21,21,False,"QS. Ar-Rum, 30:21"
Rahasia Kejiwaan Manusia dalam Al-Qur’an,IV. Sifat Positif dan Negatif Manusia › A. Sifat Positif,4,Belas kasih,Ali ‘Imran,3,134,134,False,"QS. Ali ‘Imran, 3:134"
Rahasia Kejiwaan Manusia dalam Al-Qur’an,IV. Sifat Positif dan Negatif Manusia › A. Sifat Positif,5,Dermawan,An-Nahl,16,90,90,False,"QS. An-Nahl, 16:90"
Rahasia Kejiwaan Manusia dalam Al-Qur’an,IV. Sifat Positif dan Negatif Manusia › A. Sifat Positif,6,Harga diri,An-Nisa,4,25,25,False,"QS. An-Nisa, 4:25"
Rahasia Kejiwaan Manusia dalam Al-Qur’an,IV. Sifat Positif dan Negatif Manusia › A. Sifat Positif,7,Menyelamatkan nasib orang malang,Al-Balad,90,12,17,False,"QS. Al-Balad, 90:12-17"
Rahasia Kejiwaan Manusia dalam Al-Qur’an,IV. Sifat Positif dan Negatif Manusia › A. Sifat Positif,8,Mendamaikan perselisihan,An-Nisa,4,114,114,False,"QS. An-Nisa, 4:114"
Rahasia Kejiwaan Manusia dalam Al-Qur’an,IV. Sifat Positif dan Negatif Manusia › A. Sifat Positif,9,Menjaga kesucian seksual,Al-Ma‘arij,70,29,30,False,"QS. Al-Ma‘arij, 70:29-30"
Rahasia Kejiwaan Manusia dalam Al-Qur’an,IV. Sifat Positif dan Negatif Manusia › A. Sifat Positif,10,Berkata jujur,Al-Ahzab,33,70,70,False,"QS. Al-Ahzab, 33:70"
Rahasia Kejiwaan Manusia dalam Al-Qur’an,IV. Sifat Positif dan Negatif Manusia › A. Sifat Positif,11,Tolong menolong,Al-Ma’idah,5,2,2,False,"QS. Al-Ma’idah, 5:2"
Rahasia Kejiwaan Manusia dalam Al-Qur’an,IV. Sifat Positif dan Negatif Manusia › A. Sifat Positif,12,Memaafkan,At-Taghabun,64,14,14,False,"QS. At-Taghabun, 64:14"
Rahasia Kejiwaan Manusia dalam Al-Qur’an,IV. Sifat Positif dan Negatif Manusia › A. Sifat Positif,13,Patuh,Hud,11,23,23,False,"QS. Hud, 11:23"
Rahasia Kejiwaan Manusia dalam Al-Qur’an,IV. Sifat Positif dan Negatif Manusia › A. Sifat Positif,14,Bersaudara,Ali ‘Imran,3,103,103,False,"QS. Ali ‘Imran, 3:103"
Rahasia Kejiwaan Manusia dalam Al-Qur’an,IV. Sifat Positif dan Negatif Manusia › A. Sifat Positif,15,Adil,Al-Hujurat,49,9,9,False,"QS. Al-Hujurat, 49:9"
Rahasia Kejiwaan Manusia dalam Al-Qur’an,IV. Sifat Positif dan Negatif Manusia › A. Sifat Positif,16,Tawakal,Ali ‘Imran,3,159,159,False,"QS. Ali ‘Imran, 3:159"
Rahasia Kejiwaan Manusia dalam Al-Qur’an,IV. Sifat Positif dan Negatif Manusia › A. Sifat Positif,17,Penerima,Al-Furqan,25,63,63,False,"QS. Al-Furqan, 25:63"
Rahasia Kejiwaan Manusia dalam Al-Qur’an,IV. Sifat Positif dan Negatif Manusia › A. Sifat Positif,18,Sabar,Al-Baqarah,2,153,153,False,"QS. Al-Baqarah, 2:153"
Rahasia Kejiwaan Manusia dalam Al-Qur’an,IV. Sifat Positif dan Negatif Manusia › A. Sifat Positif,19,Konsisten,Al-Isra,17,34,34,False,"QS. Al-Isra, 17:34"
Rahasia Kejiwaan Manusia dalam Al-Qur’an,IV. Sifat Positif dan Negatif Manusia › A. Sifat Positif,20,Sedang,Luqman,31,19,19,False,"QS. Luqman, 31:19"
Rahasia Kejiwaan Manusia dalam Al-Qur’an,IV. Sifat Positif dan Negatif Manusia › A. Sifat Positif,21,Amanah,An-Nisa,4,58,58,False,"QS. An-Nisa, 4:58"
Rahasia Kejiwaan Manusia dalam Al-Qur’an,IV. Sifat Positif dan Negatif Manusia › A. Sifat Positif,22,Mengalah,Al-Kahfi,18,28,28,False,"QS. Al-Kahfi, 18:28"
Rahasia Kejiwaan Manusia dalam Al-Qur’an,IV. Sifat Positif dan Negatif Manusia › A. Sifat Positif,23,Menjaga tali kerabat,Al-Baqarah,2,215,215,False,"QS. Al-Baqarah, 2:215"
Rahasia Kejiwaan Manusia dalam Al-Qur’an,IV. Sifat Positif dan Negatif Manusia › A. Sifat Positif,24,Berjaga-jaga,Ali ‘Imran,3,200,200,False,"QS. Ali ‘Imran, 3:200"
Rahasia Kejiwaan Manusia dalam Al-Qur’an,IV. Sifat Positif dan Negatif Manusia › A. Sifat Positif,25,Takut akhirat,Az-Zumar,39,9,9,False,"QS. Az-Zumar, 39:9"
Rahasia Kejiwaan Manusia dalam Al-Qur’an,IV. Sifat Positif dan Negatif Manusia › A. Sifat Positif,26,Suka damai,Al-Anfal,8,61,61,False,"QS. Al-Anfal, 8:61"
Rahasia Kejiwaan Manusia dalam Al-Qur’an,IV. Sifat Positif dan Negatif Manusia › A. Sifat Positif,27,Memenuhi janji,Al-Ahzab,33,23,23,False,"QS. Al-Ahzab, 33:23"
Rahasia Kejiwaan Manusia dalam Al-Qur’an,IV. Sifat Positif dan Negatif Manusia › A. Sifat Positif,28,Mengikuti kebenaran,Ar-Ra‘d,13,22,22,False,"QS. Ar-Ra‘d, 13:22"
Rahasia Kejiwaan Manusia dalam Al-Qur’an,IV. Sifat Positif dan Negatif Manusia › A. Sifat Positif,29,Menjaga kebersihan,Al-Muddassir,74,1,4,False,"QS. Al-Muddassir, 74:1-4"
Rahasia Kejiwaan Manusia dalam Al-Qur’an,IV. Sifat Positif dan Negatif Manusia › A. Sifat Positif,30,Memelihara sifat mulia,Fathir,35,10,10,False,"QS. Fathir, 35:10"
Rahasia Kejiwaan Manusia dalam Al-Qur’an,IV. Sifat Positif dan Negatif Manusia › A. Sifat Positif,31,Mencintai ilmu,Al-Baqarah,2,269,269,False,"QS. Al-Baqarah, 2:269"
Rahasia Kejiwaan Manusia dalam Al-Qur’an,IV. Sifat Positif dan Negatif Manusia › A. Sifat Positif,32,Berani,At-Taubah,9,41,41,False,"QS. At-Taubah, 9:41"
Rahasia Kejiwaan Manusia dalam Al-Qur’an,IV. Sifat Positif dan Negatif Manusia › A. Sifat Positif,33,Memihak yang benar,Al-An‘am,6,79,79,False,"QS. Al-An‘am, 6:79"
Rahasia Kejiwaan Manusia dalam Al-Qur’an,IV. Sifat Positif dan Negatif Manusia › A. Sifat Positif,34,Suka berkenalan,Al-Hujurat,49,13,13,False,"QS. Al-Hujurat, 49:13"
Rahasia Kejiwaan Manusia dalam Al-Qur’an,IV. Sifat Positif dan Negatif Manusia › A. Sifat Positif,35,Menahan emosi,Ali ‘Imran,3,134,134,False,"QS. Ali ‘Imran, 3:134"
Rahasia Kejiwaan Manusia dalam Al-Qur’an,IV. Sifat Positif dan Negatif Manusia › A. Sifat Positif,36,Menyesali kesalahan,Al-An‘am,6,54,54,False,"QS. Al-An‘am, 6:54"
Rahasia Kejiwaan Manusia dalam Al-Qur’an,IV. Sifat Positif dan Negatif Manusia › A. Sifat Positif,37,Melindungi yang lemah,Al-Baqarah,2,177,177,False,"QS. Al-Baqarah, 2:177"
Rahasia Kejiwaan Manusia dalam Al-Qur’an,IV. Sifat Positif dan Negatif Manusia › A. Sifat Positif,38,Merendah diri,Al-Furqan,25,63,63,False,"QS. Al-Furqan, 25:63"
Rahasia Kejiwaan Manusia dalam Al-Qur’an,IV. Sifat Positif dan Negatif Manusia › A. Sifat Positif,39,Menghukum pendurhaka,Al-Hujurat,49,9,9,False,"QS. Al-Hujurat, 49:9"
Rahasia Kejiwaan Manusia dalam Al-Qur’an,IV. Sifat Positif dan Negatif Manusia › A. Sifat Positif,40,Berlaku cermat,Al-Hujurat,49,6,6,False,"QS. Al-Hujurat, 49:6"
Rahasia Kejiwaan Manusia dalam Al-Qur’an,IV. Sifat Positif dan Negatif Manusia › B. Sifat Negatif,1,Lemah,An-Nisa,4,28,28,False,"QS. An-Nisa, 4:28"
Rahasia Kejiwaan Manusia dalam Al-Qur’an,IV. Sifat Positif dan Negatif Manusia › B. Sifat Negatif,2,Tergesa-gesa,Al-Anbiya,21,37,37,False,"QS. Al-Anbiya, 21:37"
Rahasia Kejiwaan Manusia dalam Al-Qur’an,IV. Sifat Positif dan Negatif Manusia › B. Sifat Negatif,3,Putus asa,Ar-Rum,30,36,36,False,"QS. Ar-Rum, 30:36"
Rahasia Kejiwaan Manusia dalam Al-Qur’an,IV. Sifat Positif dan Negatif Manusia › B. Sifat Negatif,4,Keluh kesah,Al-Ma‘arij,70,19,19,False,"QS. Al-Ma‘arij, 70:19"
Rahasia Kejiwaan Manusia dalam Al-Qur’an,IV. Sifat Positif dan Negatif Manusia › B. Sifat Negatif,5,Sedih,Al-Ma‘arij,70,20,20,False,"QS. Al-Ma‘arij, 70:20"
Rahasia Kejiwaan Manusia dalam Al-Qur’an,IV. Sifat Positif dan Negatif Manusia › B. Sifat Negatif,6,Congkak,Al-Ma‘arij,70,21,21,False,"QS. Al-Ma‘arij, 70:21"
Rahasia Kejiwaan Manusia dalam Al-Qur’an,IV. Sifat Positif dan Negatif Manusia › B. Sifat Negatif,7,Pesimis,Al-Isra,17,83,83,False,"QS. Al-Isra, 17:83"
Rahasia Kejiwaan Manusia dalam Al-Qur’an,IV. Sifat Positif dan Negatif Manusia › B. Sifat Negatif,8,Menentang,Yasin,36,77,77,False,"QS. Yasin, 36:77"
Rahasia Kejiwaan Manusia dalam Al-Qur’an,IV. Sifat Positif dan Negatif Manusia › B. Sifat Negatif,9,Berlagak mampu,Az-Zumar,39,49,49,False,"QS. Az-Zumar, 39:49"
Rahasia Kejiwaan Manusia dalam Al-Qur’an,IV. Sifat Positif dan Negatif Manusia › B. Sifat Negatif,10,Bangga dengan harta,Al-Fajr,89,15,15,False,"QS. Al-Fajr, 89:15"
Rahasia Kejiwaan Manusia dalam Al-Qur’an,IV. Sifat Positif dan Negatif Manusia › B. Sifat Negatif,11,Merasa hina karena miskin,Al-Fajr,89,16,16,False,"QS. Al-Fajr, 89:16"
Rahasia Kejiwaan Manusia dalam Al-Qur’an,IV. Sifat Positif dan Negatif Manusia › B. Sifat Negatif,12,Mengingkari jasa baik orang lain,Al-Isra,17,67,67,False,"QS. Al-Isra, 17:67"
Rahasia Kejiwaan Manusia dalam Al-Qur’an,IV. Sifat Positif dan Negatif Manusia › B. Sifat Negatif,13,Ingat Allah saat terjepit,Al-‘Ankabut,29,65,65,False,"QS. Al-‘Ankabut, 29:65"
Rahasia Kejiwaan Manusia dalam Al-Qur’an,IV. Sifat Positif dan Negatif Manusia › B. Sifat Negatif,14,Suka menyangkal,Al-‘Adiyat,100,6,6,False,"QS. Al-‘Adiyat, 100:6"
Rahasia Kejiwaan Manusia dalam Al-Qur’an,IV. Sifat Positif dan Negatif Manusia › B. Sifat Negatif,15,Lalim,Al-Ahzab,33,72,72,False,"QS. Al-Ahzab, 33:72"
Rahasia Kejiwaan Manusia dalam Al-Qur’an,IV. Sifat Positif dan Negatif Manusia › B. Sifat Negatif,16,Suka membantah,Al-Kahfi,18,54,54,False,"QS. Al-Kahfi, 18:54"
Rahasia Kejiwaan Manusia dalam Al-Qur’an,IV. Sifat Positif dan Negatif Manusia › B. Sifat Negatif,17,Kikir,Al-Isra,17,29,29,False,"QS. Al-Isra, 17:29"
Rahasia Kejiwaan Manusia dalam Al-Qur’an,IV. Sifat Positif dan Negatif Manusia › B. Sifat Negatif,18,Perusak,Luqman,31,18,18,False,"QS. Luqman, 31:18"
Rahasia Kejiwaan Manusia dalam Al-Qur’an,IV. Sifat Positif dan Negatif Manusia › B. Sifat Negatif,19,Menyesali masa lalu,Al-Hadid,57,23,23,False,"QS. Al-Hadid, 57:23"
Rahasia Kejiwaan Manusia dalam Al-Qur’an,IV. Sifat Positif dan Negatif Manusia › B. Sifat Negatif,20,Merasa tidak butuh Allah,Al-Lail,92,8,8,False,"QS. Al-Lail, 92:8"
Rahasia Kejiwaan Manusia dalam Al-Qur’an,IV. Sifat Positif dan Negatif Manusia › B. Sifat Negatif,21,Suka mencela,Al-Humazah,104,2,2,False,"QS. Al-Humazah, 104:2"
Rahasia Kejiwaan Manusia dalam Al-Qur’an,IV. Sifat Positif dan Negatif Manusia › B. Sifat Negatif,22,Berdusta,Al-Qalam,68,10,10,False,"QS. Al-Qalam, 68:10"
Rahasia Kejiwaan Manusia dalam Al-Qur’an,IV. Sifat Positif dan Negatif Manusia › B. Sifat Negatif,23,Mengadu domba,Al-Qalam,68,11,11,False,"QS. Al-Qalam, 68:11"
Rahasia Kejiwaan Manusia dalam Al-Qur’an,IV. Sifat Positif dan Negatif Manusia › B. Sifat Negatif,24,Suka maksiat,Al-Qalam,68,12,12,False,"QS. Al-Qalam, 68:12"
Rahasia Kejiwaan Manusia dalam Al-Qur’an,IV. Sifat Positif dan Negatif Manusia › B. Sifat Negatif,25,Berlaku kasar,Al-Qalam,68,13,13,False,"QS. Al-Qalam, 68:13"
Rahasia Kejiwaan Manusia dalam Al-Qur’an,IV. Sifat Positif dan Negatif Manusia › B. Sifat Negatif,26,Suka menuduh,An-Nisa,4,112,112,False,"QS. An-Nisa, 4:112"
Rahasia Kejiwaan Manusia dalam Al-Qur’an,IV. Sifat Positif dan Negatif Manusia › B. Sifat Negatif,27,Emosional,Asy-Syura,42,37,37,False,"QS. Asy-Syura, 42:37"
Rahasia Kejiwaan Manusia dalam Al-Qur’an,IV. Sifat Positif dan Negatif Manusia › B. Sifat Negatif,28,Iri atas kebaikan orang lain,An-Nisa,4,32,32,False,"QS. An-Nisa, 4:32"
Rahasia Kejiwaan Manusia dalam Al-Qur’an,IV. Sifat Positif dan Negatif Manusia › B. Sifat Negatif,29,Buruk sangka,Al-Hujurat,49,12,12,False,"QS. Al-Hujurat, 49:12"
Rahasia Kejiwaan Manusia dalam Al-Qur’an,IV. Sifat Positif dan Negatif Manusia › B. Sifat Negatif,30,Dengki,Al-Ma’idah,5,13,13,False,"QS. Al-Ma’idah, 5:13"
Rahasia Kejiwaan Manusia dalam Al-Qur’an,IV. Sifat Positif dan Negatif Manusia › B. Sifat Negatif,31,Merampas hak orang lain,Yunus,10,23,23,False,"QS. Yunus, 10:23"
Rahasia Kejiwaan Manusia dalam Al-Qur’an,IV. Sifat Positif dan Negatif Manusia › B. Sifat Negatif,32,Cari pujian,Al-Baqarah,2,264,264,False,"QS. Al-Baqarah, 2:264"
Rahasia Kejiwaan Manusia dalam Al-Qur’an,IV. Sifat Positif dan Negatif Manusia › B. Sifat Negatif,33,Melarikan diri dari bahaya,At-Taubah,9,57,57,False,"QS. At-Taubah, 9:57"
Rahasia Kejiwaan Manusia dalam Al-Qur’an,IV. Sifat Positif dan Negatif Manusia › B. Sifat Negatif,34,Menolak kebenaran,Al-Anfal,8,47,47,False,"QS. Al-Anfal, 8:47"
Rahasia Kejiwaan Manusia dalam Al-Qur’an,IV. Sifat Positif dan Negatif Manusia › B. Sifat Negatif,35,Khianat,An-Nisa,4,107,107,False,"QS. An-Nisa, 4:107"
Rahasia Kejiwaan Manusia dalam Al-Qur’an,IV. Sifat Positif dan Negatif Manusia › B. Sifat Negatif,36,Boros,Al-A‘raf,7,31,31,False,"QS. Al-A‘raf, 7:31"
Rahasia Kejiwaan Manusia dalam Al-Qur’an,IV. Sifat Positif dan Negatif Manusia › B. Sifat Negatif,37,Mubazir,Al-Isra,17,26,26,False,"QS. Al-Isra, 17:26"
Rahasia Kejiwaan Manusia dalam Al-Qur’an,IV. Sifat Positif dan Negatif Manusia › B. Sifat Negatif,38,Menyombongkan diri,Al-Hadid,57,20,20,False,"QS. Al-Hadid, 57:20"
Rahasia Kejiwaan Manusia dalam Al-Qur’an,IV. Sifat Positif dan Negatif Manusia › B. Sifat Negatif,39,Banyak khayal,Al-Hijr,15,3,3,False,"QS. Al-Hijr, 15:3"
Rahasia Kejiwaan Manusia dalam Al-Qur’an,IV. Sifat Positif dan Negatif Manusia › B. Sifat Negatif,40,Merasa tak berdaya tanpa usaha,Al-Mu’minun,23,77,77,False,"QS. Al-Mu’minun, 23:77"
Prinsip-Prinsip Pendidikan Islam,,1,Menanamkan rasa tanggung jawab,An-Najm,53,31,31,True,"QS. An-Najm, 53:31; QS. Fussilat, 41:46"
Prinsip-Prinsip Pendidikan Islam,,2,Sukses diawali dengan kerja keras,Asy-Syams,91,9,9,False,"QS. Asy-Syams, 91:9"
Prinsip-Prinsip Pendidikan Islam,,3,Mengukur kemampuan anak secara riil,Al-Mu’minun,23,62,62,True,"QS. Al-Mu’minun, 23:62; QS. At-Talaq, 65:7"
Prinsip-Prinsip Pendidikan Islam,,4,Menguji kecakapan anak dengan standar jelas,Al-‘Ankabut,29,3,3,True,"QS. Al-‘Ankabut, 29:3; QS. Al-Kahfi, 18:7–8"
Prinsip-Prinsip Pendidikan Islam,,5,Pelanggaran harus ada sanksinya,Al-Jatsiyah,45,21,21,True,"QS. Al-Jatsiyah, 45:21; QS. Al-Isra, 17:17"
Prinsip-Prinsip Pendidikan Islam,,6,Ganjaran bagi yang berprestasi,Al-Ahqaf,46,19,19,False,"QS. Al-Ahqaf, 46:19"
Prinsip-Prinsip Pendidikan Islam,,7,Dimulai dari yang mudah,At-Talaq,65,7,7,False,"QS. At-Talaq, 65:7"
Prinsip-Prinsip Pendidikan Islam,,8,Melakukan inovasi terus-menerus,Ar-Ra’d,13,11,11,False,"QS. Ar-Ra’d, 13:11"
Prinsip-Prinsip Pendidikan Islam,,9,Menempatkan kebenaran sebagai pijakan hidup,Yunus,10,14,14,True,"QS. Yunus, 10:14; QS. Sad, 38:26"
Prinsip-Prinsip Pendidikan Islam,,10,Setiap orang punya potensi keilmuan,An-Nahl,16,78,78,True,"QS. An-Nahl, 16:78; QS. Al-Isra, 17:85"
Prinsip-Prinsip Pendidikan Islam,,11,Menyiapkan anak menghadapi masa depan,Al-Infitar,82,5,5,True,"QS. Al-Infitar, 82:5; QS. Al-An’am, 6:70"
Prinsip-Prinsip Pendidikan Islam,,12,Membiasakan anak mengoreksi diri,Al-‘Ankabut,29,6,6,True,"QS. Al-‘Ankabut, 29:6; QS. Al-Maidah, 5:105"
Prinsip-Prinsip Pendidikan Islam,,13,Membiasakan anak tawakal,Yusuf,12,67,67,True,"QS. Yusuf, 12:67; QS. Hud, 11:6"
Prinsip-Prinsip Pendidikan Islam,,14,Mendorong anak selalu maju,At-Taubah,9,28,28,False,"QS. At-Taubah, 9:28"
Prinsip-Prinsip Pendidikan Islam,,15,Membiasakan anak berbuat baik,Al-Hadid,57,21,21,True,"QS. Al-Hadid, 57:21; QS. Al-Maidah, 5:48"
Prinsip-Prinsip Pendidikan Islam,,16,Mengajarkan tujuan hidup benar,Adz-Dzariyat,51,56,56,True,"QS. Adz-Dzariyat, 51:56; QS. Ibrahim, 14:7"
Prinsip-Prinsip Pendidikan Islam,,17,Membiasakan berpikir kritis,Ali Imran,3,190,191,True,"QS. Ali Imran, 3:190–191; QS. Ar-Rum, 30:22"
Prinsip-Prinsip Pendidikan Islam,,18,Menanamkan keyakinan tauhid,Az-Zumar,39,21,21,True,"QS. Az-Zumar, 39:21; QS. Ghafir, 40:61"
Prinsip-Prinsip Pendidikan Islam,,19,Menjauhkan dari perbuatan buruk,Al-A’raf,7,33,33,True,"QS. Al-A’raf, 7:33; QS. Al-An’am, 6:151–152"
Prinsip-Prinsip Pendidikan Islam,,20,Membiasakan anak merenungkan Al-Qur’an,An-Nisa,4,82,82,True,"QS. An-Nisa, 4:82; QS. Az-Zumar, 39:27"
Prinsip-Prinsip Pendidikan Islam,,21,Membiasakan anak bekerja dengan baik,Al-Ahzab,33,72,72,True,"QS. Al-Ahzab, 33:72; QS. Al-Hujurat, 49:15"
Prinsip-Prinsip Pendidikan Islam,,22,Anak laki-laki dan perempuan sama-sama punya potensi sukses,An-Nahl,16,97,97,True,"QS. An-Nahl, 16:97; QS. Thaha, 20:112"
Prinsip-Prinsip Pendidikan Islam,,23,Moralitas anak harus diawasi,Ali Imran,3,179,179,True,"QS. Ali Imran, 3:179; QS. Al-Hajj, 22:18"
Prinsip-Prinsip Pendidikan Islam,,24,Kemampuan individual anak diperhatikan obyektif,Al-Isra,17,13,14,True,"QS. Al-Isra, 17:13–14; QS. Al-Kahfi, 18:49"
Prinsip-Prinsip Pendidikan Islam,,25,Pelajaran dipaparkan secara mudah,Al-Baqarah,2,185,185,True,"QS. Al-Baqarah, 2:185; QS. Al-Muzzammil, 73:20"
Prinsip-Prinsip Pendidikan Islam,,26,Meningkatkan kualitas anak dalam semua hal,An-Nahl,16,92,92,False,"QS. An-Nahl, 16:92"
Prinsip-Prinsip Pendidikan Islam,,27,Pendidikan harus mencerdaskan,An-Nisa,4,162,162,False,"QS. An-Nisa, 4:162"
Prinsip-Prinsip Pendidikan Islam,,28,Pendidikan keterampilan,Saba,34,13,13,False,"QS. Saba, 34:13"
Prinsip-Prinsip Pendidikan Islam,,29,Tokoh teladan bagi anak didik,Al-Baqarah,2,44,44,True,"QS. Al-Baqarah, 2:44; QS. As-Saff, 61:2–3"
Prinsip-Prinsip Pendidikan Islam,,30,"Membiasakan anak jujur, adil, benar",Al-Maidah,5,8,8,True,"QS. Al-Maidah, 5:8; QS. An-Nisa, 4:29"
Prinsip-Prinsip Pendidikan Islam,,31,Membiasakan penelitian & pengamatan,Al-‘Ankabut,29,20,20,True,"QS. Al-‘Ankabut, 29:20; QS. Ar-Rum, 30:42"
Prinsip-Prinsip Pendidikan Islam,,32,Pendidikan sesuai usia anak,Al-Insyiqaq,84,19,19,True,"QS. Al-Insyiqaq, 84:19; QS. Thaha, 20:114"
Prinsip-Prinsip Pendidikan Islam,,33,Pengajaran matematika mendasar,Az-Zukhruf,43,11,12,False,"QS. Az-Zukhruf, 43:11–12"
Prinsip-Prinsip Pendidikan Islam,,34,"Pendidikan rohani, jasmani, intelektual & spiritual terpadu",Al-Qashash,28,77,77,True,"QS. Al-Qashash, 28:77; QS. Al-Baqarah, 2:164"
Prinsip-Prinsip Pendidikan Islam,,35,"Melatih anak berprestasi nyata, bukan banyak bicara",Al-An’am,6,160,160,False,"QS. Al-An’am, 6:160"
Prinsip-Prinsip Pendidikan Islam,,36,Membiasakan murid akrab dengan guru & dialogis,Al-Kahfi,18,65,82,False,"QS. Al-Kahfi, 18:65–82"
Prinsip-Prinsip Pendidikan Islam,,37,Mengantarkan anak didik jadi lebih baik,Al-Ahzab,33,70,71,False,"QS. Al-Ahzab, 33:70–71"
Prinsip-Prinsip Pendidikan Islam,,38,Menanamkan sifat obyektif,Al-Maidah,5,8,8,True,"QS. Al-Maidah, 5:8; QS. Al-Baqarah, 2:108"
Prinsip-Prinsip Pendidikan Islam,,39,Menanamkan toleransi tanpa mencampuradukkan kebenaran,Al-An’am,6,108,108,True,"QS. Al-An’am, 6:108; QS. At-Taubah, 9:6"
Keluarga,,1,Manusia ditetapkan hidup berjodoh,Fatir,35,11,11,False,"QS. Fatir, 35:11"
Keluarga,,2,Pasangan fitrah manusia adalah laki-laki & perempuan,Al-Qiyamah,75,39,39,False,"QS. Al-Qiyamah, 75:39"
Keluarga,,3,"Suami pemimpin keluarga, istri wakilnya",An-Nisa,4,34,34,False,"QS. An-Nisa, 4:34"
Keluarga,,4,Suami istri punya tanggung jawab seimbang,Al-Baqarah,2,228,228,False,"QS. Al-Baqarah, 2:228"
Keluarga,,5,Istri ladang bagi suami,Al-Baqarah,2,223,223,False,"QS. Al-Baqarah, 2:223"
Keluarga,,6,Memaafkan kekurangan istri & anak,At-Taghabun,64,14,14,False,"QS. At-Taghabun, 64:14"
Keluarga,,7,Kewajiban anak berbakti pada orang tua,Al-Isra,17,23,23,False,"QS. Al-Isra, 17:23"
Keluarga,,8,Menyusui anak sampai dua tahun,Luqman,31,14,14,False,"QS. Luqman, 31:14"
Keluarga,,9,Jangan membenci anak perempuan,An-Nahl,16,57,59,False,"QS. An-Nahl, 16:57–59"
Keluarga,,10,Menikah untuk ketenteraman jiwa,Al-A’raf,7,189,189,False,"QS. Al-A’raf, 7:189"
Keluarga,,11,Cinta sejati hanya dalam pernikahan,Ar-Rum,30,21,21,False,"QS. Ar-Rum, 30:21"
Keluarga,,12,Membantu orang miskin menikah,An-Nur,24,32,32,False,"QS. An-Nur, 24:32"
Keluarga,,13,Pernikahan salah satu jalan mendapat rezeki,Al-A’raf,7,190,190,False,"QS. Al-A’raf, 7:190"
Keluarga,,14,Dilarang adopsi anak,Al-Ahzab,33,4,4,False,"QS. Al-Ahzab, 33:4"
Keluarga,,15,Suami istri gembira mendapat anak normal,Al-A’raf,7,190,190,False,"QS. Al-A’raf, 7:190"
Keluarga,,16,Haram menikahi ibu tiri,An-Nisa,4,22,22,False,"QS. An-Nisa, 4:22"
Keluarga,,17,Perempuan baik untuk laki-laki baik,An-Nur,24,26,26,False,"QS. An-Nur, 24:26"
Keluarga,,18,Ada istri salehah & ada yang durhaka,At-Tahrim,66,10,11,False,"QS. At-Tahrim, 66:10–11"
Keluarga,,19,Harmoni rumah tangga bisa dirusak pihak lain,Al-Baqarah,2,102,102,False,"QS. Al-Baqarah, 2:102"
Keluarga,,20,Suami boleh mentalak istri karena sebab tertentu,Al-Baqarah,2,227,228,False,"QS. Al-Baqarah, 2:227–228"
Keluarga,,21,Talak yang bisa rujuk hanya dua kali,Al-Baqarah,2,229,229,False,"QS. Al-Baqarah, 2:229"
Keluarga,,22,Perempuan ditalak tidak boleh dihalangi menikah lagi,Al-Baqarah,2,231,232,False,"QS. Al-Baqarah, 2:231–232"
Keluarga,,23,Suami tidak boleh meminta kembali mahar,An-Nisa,4,20,20,False,"QS. An-Nisa, 4:20"
Keluarga,,24,Istri yang ditalak berhak pesangon,Al-Baqarah,2,236,237,False,"QS. Al-Baqarah, 2:236–237"
Keluarga,,25,Suami wajib menyediakan rumah,At-Talaq,65,6,6,False,"QS. At-Talaq, 65:6"
Keluarga,,26,Suami wajib membiayai istri sesuai kemampuan,At-Talaq,65,7,7,False,"QS. At-Talaq, 65:7"
Keluarga,,27,Istri hamil berhak nafkah sampai melahirkan,At-Talaq,65,6,6,False,"QS. At-Talaq, 65:6"
Keluarga,,28,Wajib tunjuk mediator bijak bila berselisih,An-Nisa,4,35,35,False,"QS. An-Nisa, 4:35"
Keluarga,,29,Haram membunuh anak karena takut miskin,Al-An’am,6,151,151,False,"QS. Al-An’am, 6:151"
Keluarga,,30,Menyapih anak dengan musyawarah,Al-Baqarah,2,233,233,False,"QS. Al-Baqarah, 2:233"
Keluarga,,31,Cerai bukanlah aib dalam keluarga,An-Nisa,4,130,130,False,"QS. An-Nisa, 4:130"
Keluarga,,32,Anak hiburan & kebanggaan orang tua,Al-Hadid,57,20,20,False,"QS. Al-Hadid, 57:20"
Keluarga,,33,Kerabat dekat saling membantu,Al-Ahzab,33,6,6,False,"QS. Al-Ahzab, 33:6"
Keluarga,,34,Anak dinisbatkan kepada ayahnya,Al-Ahzab,33,5,5,False,"QS. Al-Ahzab, 33:5"
Keluarga,,35,Orang menjelang mati wajib berwasiat,Al-Baqarah,2,240,240,False,"QS. Al-Baqarah, 2:240"
Keluarga,,36,Anak saleh akan berkumpul dengan orang tuanya di surga,At-Tur,52,21,21,False,"QS. At-Tur, 52:21"
Keluarga,,37,Jangan abaikan masa depan anak lemah,An-Nisa,4,9,9,False,"QS. An-Nisa, 4:9"
Keluarga,,38,Wajib berbuat baik pada anak yatim,Al-Baqarah,2,83,83,False,"QS. Al-Baqarah, 2:83"
Keluarga,,39,Anak usia 40 sadar hutang budi pada orang tua,Al-Ahqaf,46,15,15,False,"QS. Al-Ahqaf, 46:15"
Keluarga,,40,Besar dosanya mengkhianati wasiat orang mati,Al-Baqarah,2,181,181,False,"QS. Al-Baqarah, 2:181"
Sosial,,1,Setiap orang menempatkan diri sebagai hamba Allah,Adz-Dzariyat,51,56,58,False,"QS. Adz-Dzariyat, 51:56–58"
Sosial,,2,Setiap anggota umat memikul amanah,Al-Ahzab,33,72,72,False,"QS. Al-Ahzab, 33:72"
Sosial,,3,Galakkan kebajikan demi keutuhan masyarakat,At-Taubah,9,71,72,False,"QS. At-Taubah, 9:71–72"
Sosial,,4,Urusan bersama diselesaikan dengan musyawarah,Asy-Syura,42,37,37,False,"QS. Asy-Syura, 42:37"
Sosial,,5,Kesulitan bersama dihadapi sabar,Al-A’raf,7,95,95,False,"QS. Al-A’raf, 7:95"
Sosial,,6,Membangun masyarakat dengan infak,Asy-Syura,42,38,38,False,"QS. Asy-Syura, 42:38"
Sosial,,7,Ketakwaan membangun kesejahteraan sosial,Al-A’raf,7,96,96,False,"QS. Al-A’raf, 7:96"
Sosial,,8,Perlindungan bagi golongan lemah,An-Nisa,4,75,75,False,"QS. An-Nisa, 4:75"
Sosial,,9,Perlindungan anak yatim,Al-Ma’un,107,1,3,False,"QS. Al-Ma’un, 107:1–3"
Sosial,,10,Membangkitkan semangat mencintai kewajiban,Al-Baqarah,2,216,216,False,"QS. Al-Baqarah, 2:216"
Sosial,,11,Hindari pemborosan,Al-Isra,17,26,28,False,"QS. Al-Isra, 17:26–28"
Sosial,,12,Kelebihan rezeki dibagikan ke masyarakat,Al-Baqarah,2,215,215,False,"QS. Al-Baqarah, 2:215"
Sosial,,13,Saling menaati perjanjian,Al-Maidah,5,1,1,False,"QS. Al-Maidah, 5:1"
Sosial,,14,Hindari cara ilegal mengambil harta,Al-Baqarah,2,188,188,False,"QS. Al-Baqarah, 2:188"
Sosial,,15,Bersihkan masyarakat dari kemaksiatan,Al-Anfal,8,25,25,False,"QS. Al-Anfal, 8:25"
Sosial,,16,Teguh melawan kesesatan,An-Nisa,4,76,76,False,"QS. An-Nisa, 4:76"
Sosial,,17,Galakkan perdamaian,An-Nisa,4,114,114,False,"QS. An-Nisa, 4:114"
Sosial,,18,Bangun sifat sabar bersama,Al-Baqarah,2,155,156,False,"QS. Al-Baqarah, 2:155–156"
Sosial,,19,Lawan kemunkaran secara konsisten,Al-A’raf,7,2,2,False,"QS. Al-A’raf, 7:2"
Sosial,,20,Persaudaraan berbasis tauhid,Al-Hujurat,49,10,10,False,"QS. Al-Hujurat, 49:10"
Sosial,,21,Hindari saling memperolok,Al-Hujurat,49,11,11,False,"QS. Al-Hujurat, 49:11"
Sosial,,22,Selesaikan perselisihan lewat mediator,Al-Hujurat,49,9,9,False,"QS. Al-Hujurat, 49:9"
Sosial,,23,Cegah penyebaran kata buruk,An-Nisa,4,148,148,False,"QS. An-Nisa, 4:148"
Sosial,,24,Menagih utang secara toleran,Al-Baqarah,2,280,280,False,"QS. Al-Baqarah, 2:280"
Sosial,,25,Hilangkan sifat cinta materi berlebih,Al-Isra,17,18,19,False,"QS. Al-Isra, 17:18–19"
Sosial,,26,Bersihkan masyarakat dari miras & judi,Al-Maidah,5,90,91,False,"QS. Al-Maidah, 5:90–91"
Sosial,,27,Mengucilkan pelaku kerusakan,Al-Maidah,5,33,34,False,"QS. Al-Maidah, 5:33–34"
Sosial,,28,Tokoh agama cegah kemungkaran,Al-Maidah,5,63,63,False,"QS. Al-Maidah, 5:63"
Sosial,,29,Membendung pihak yang suka berbuat dosa,Al-Maidah,5,62,62,False,"QS. Al-Maidah, 5:62"
Sosial,,30,Bersihkan masyarakat dari materialisme,Al-Isra,17,31,31,False,"QS. Al-Isra, 17:31"
Sosial,,31,Bersihkan masyarakat dari penyimpangan seksual,Al-Isra,17,32,32,False,"QS. Al-Isra, 17:32"
Sosial,,32,Bersihkan masyarakat dari penista agama,Al-Anfal,8,70,70,False,"QS. Al-Anfal, 8:70"
Sosial,,33,Masyarakat selektif terima berita,Al-Hujurat,49,6,6,False,"QS. Al-Hujurat, 49:6"
Sosial,,34,Bersihkan pola pergaulan buruk laki-perempuan,An-Nur,24,30,31,False,"QS. An-Nur, 24:30–31"
Sosial,,35,Dorong kecintaan tauladan baik,Ibrahim,14,24,27,False,"QS. Ibrahim, 14:24–27"
Sosial,,36,Sikapi positif perbedaan ekonomi,An-Nahl,16,70,70,False,"QS. An-Nahl, 16:70"
Sosial,,37,Hormati agama orang lain,Al-An’am,6,108,108,False,"QS. Al-An’am, 6:108"
Sosial,,38,Golongan kaya wajib menyelamatkan miskin,At-Taubah,9,93,93,False,"QS. At-Taubah, 9:93"
Ekonomi Islam,A. Filsafat dan Prinsip-prinsip Ekonomi Islam,1,Harta kekayaan alam melimpah ruah,Al-Baqarah,2,247,247,False,"QS. Al-Baqarah, 2:247"
Ekonomi Islam,A. Filsafat dan Prinsip-prinsip Ekonomi Islam,2,Harta sebagai fitnah bagi pemiliknya,Al-Anfal,8,28,28,False,"QS. Al-Anfal, 8:28"
Ekonomi Islam,A. Filsafat dan Prinsip-prinsip Ekonomi Islam,3,Harta yang dikembangkan di jalan Allah menjamin kemakmuran umat,Al-Baqarah,2,265,265,False,"QS. Al-Baqarah, 2:265"
Ekonomi Islam,A. Filsafat dan Prinsip-prinsip Ekonomi Islam,4,"Individu berhak berusaha, menyimpan & mengembangkan harta secara halal",Al-Mulk,67,15,15,False,"QS. Al-Mulk, 67:15"
Ekonomi Islam,A. Filsafat dan Prinsip-prinsip Ekonomi Islam,5,Berkeadilan dan berkesinambungan,Al-Isra,17,26,27,False,"QS. Al-Isra, 17:26–27"
Ekonomi Islam,A. Filsafat dan Prinsip-prinsip Ekonomi Islam,6,"Semakin kaya seseorang, semakin besar tanggung jawab sosial-ekonominya",Al-Isra,17,100,100,False,"QS. Al-Isra, 17:100"
Ekonomi Islam,A. Filsafat dan Prinsip-prinsip Ekonomi Islam,7,Setiap individu dewasa wajib bekerja mencari nafkah,Al-Mulk,67,15,15,False,"QS. Al-Mulk, 67:15"
Ekonomi Islam,A. Filsafat dan Prinsip-prinsip Ekonomi Islam,8,Alam semesta diciptakan bagi kepentingan hidup manusia,Al-Baqarah,2,29,29,False,"QS. Al-Baqarah, 2:29"
Ekonomi Islam,A. Filsafat dan Prinsip-prinsip Ekonomi Islam,9,Rezeki seluruh makhluk dijamin Allah,Hud,11,6,6,False,"QS. Hud, 11:6"
Ekonomi Islam,A. Filsafat dan Prinsip-prinsip Ekonomi Islam,10,"Allah membagi rezeki: sebagian banyak, sebagian sedikit",Az-Zukhruf,43,32,32,False,"QS. Az-Zukhruf, 43:32"
Ekonomi Islam,A. Filsafat dan Prinsip-prinsip Ekonomi Islam,11,Penyaluran harta kepada fakir miskin menciptakan kesejahteraan,Al-Ma’arij,70,24,24,False,"QS. Al-Ma’arij, 70:24"
Ekonomi Islam,A. Filsafat dan Prinsip-prinsip Ekonomi Islam,12,Harta yang didermakan di jalan Allah berkembang 700 kali lipat,Al-Baqarah,2,261,261,False,"QS. Al-Baqarah, 2:261"
Ekonomi Islam,A. Filsafat dan Prinsip-prinsip Ekonomi Islam,13,Harta tidak boleh dipergunakan untuk merusak,An-Nisa,4,29,29,False,"QS. An-Nisa, 4:29"
Ekonomi Islam,A. Filsafat dan Prinsip-prinsip Ekonomi Islam,14,Orang munafik benci menggunakan hartanya untuk kebaikan,Al-Baqarah,2,265,265,False,"QS. Al-Baqarah, 2:265"
Ekonomi Islam,A. Filsafat dan Prinsip-prinsip Ekonomi Islam,15,Harta di tangan orang kafir hanya menimbulkan penderitaan,Ali Imran,3,10,10,False,"QS. Ali Imran, 3:10"
Ekonomi Islam,B. Kebijakan Ekonomi Islam Membangun Kemakmuran Berkeadilan,1,Penyimpanan surplus hasil pertanian untuk darurat,Yusuf,12,55,55,False,"QS. Yusuf, 12:55"
Ekonomi Islam,B. Kebijakan Ekonomi Islam Membangun Kemakmuran Berkeadilan,2,Pembuatan bendungan untuk irigasi pertanian,Al-Isra,17,91,91,False,"QS. Al-Isra, 17:91"
Ekonomi Islam,B. Kebijakan Ekonomi Islam Membangun Kemakmuran Berkeadilan,3,Penghapusan sistem riba,Al-Baqarah,2,278,278,False,"QS. Al-Baqarah, 2:278"
Ekonomi Islam,B. Kebijakan Ekonomi Islam Membangun Kemakmuran Berkeadilan,4,Pemungutan zakat ketat & distribusi tepat,At-Taubah,9,103,103,True,"QS. At-Taubah, 9:103; QS. At-Taubah, 9:60"
Ekonomi Islam,B. Kebijakan Ekonomi Islam Membangun Kemakmuran Berkeadilan,5,Penggalakan infak,Ali Imran,3,92,92,False,"QS. Ali Imran, 3:92"
Ekonomi Islam,B. Kebijakan Ekonomi Islam Membangun Kemakmuran Berkeadilan,6,Menindak penimbun harta yang tidak diproduktifkan,At-Taubah,9,34,34,False,"QS. At-Taubah, 9:34"
Ekonomi Islam,B. Kebijakan Ekonomi Islam Membangun Kemakmuran Berkeadilan,7,Memberantas pemborosan harta,Al-Furqan,25,67,67,False,"QS. Al-Furqan, 25:67"
Ekonomi Islam,B. Kebijakan Ekonomi Islam Membangun Kemakmuran Berkeadilan,8,Memberikan lapangan kerja,Az-Zukhruf,43,32,32,False,"QS. Az-Zukhruf, 43:32"
Ekonomi Islam,B. Kebijakan Ekonomi Islam Membangun Kemakmuran Berkeadilan,9,Distribusi kekayaan negara secara adil,Al-Hasyr,59,7,7,False,"QS. Al-Hasyr, 59:7"
Ekonomi Islam,B. Kebijakan Ekonomi Islam Membangun Kemakmuran Berkeadilan,10,Bantuan ekonomi bagi pengangguran,Al-Baqarah,2,177,177,False,"QS. Al-Baqarah, 2:177"
Ekonomi Islam,B. Kebijakan Ekonomi Islam Membangun Kemakmuran Berkeadilan,11,Perlindungan kebebasan usaha,Al-Kahfi,18,79,79,False,"QS. Al-Kahfi, 18:79"
Ekonomi Islam,B. Kebijakan Ekonomi Islam Membangun Kemakmuran Berkeadilan,12,Pengumpulan & distribusi dana kafarat,Al-Baqarah,2,184,184,True,"QS. Al-Baqarah, 2:184; 2:196; QS. Al-Mujadilah, 58:4; QS. Al-Maidah, 5:89, 5:95"
Ekonomi Islam,C. Anasir Destruktif Pembangunan Ekonomi,1,Memakan harta orang lain secara batil,At-Taubah,9,34,34,False,"QS. At-Taubah, 9:34"
Ekonomi Islam,C. Anasir Destruktif Pembangunan Ekonomi,2,Menyedot harta orang lain melalui riba,Ar-Rum,30,39,39,False,"QS. Ar-Rum, 30:39"
Ekonomi Islam,C. Anasir Destruktif Pembangunan Ekonomi,3,Pengelolaan harta oleh orang bodoh,An-Nisa,4,5,5,False,"QS. An-Nisa, 4:5"
Ekonomi Islam,C. Anasir Destruktif Pembangunan Ekonomi,4,Membelanjakan harta untuk selera rendah,Hud,11,87,87,False,"QS. Hud, 11:87"
Ekonomi Islam,C. Anasir Destruktif Pembangunan Ekonomi,5,Harta dikuasai kafir menimbulkan kerusakan,Al-Anfal,8,36,36,False,"QS. Al-Anfal, 8:36"
Ekonomi Islam,C. Anasir Destruktif Pembangunan Ekonomi,6,Ulama memanipulasi agama demi kekayaan,At-Taubah,9,34,34,False,"QS. At-Taubah, 9:34"
Ekonomi Islam,C. Anasir Destruktif Pembangunan Ekonomi,7,Harta untuk menjamin hidup kekal sehingga menjadi kikir,Al-Humazah,104,3,3,False,"QS. Al-Humazah, 104:3"
Ekonomi Islam,C. Anasir Destruktif Pembangunan Ekonomi,8,Kezaliman penguasa terhadap ekonomi lemah,Al-Kahfi,18,79,79,False,"QS. Al-Kahfi, 18:79"
Ekonomi Islam,C. Anasir Destruktif Pembangunan Ekonomi,9,Penyitaan harta orang pailit tanpa belas kasih,Al-Baqarah,2,280,280,False,"QS. Al-Baqarah, 2:280"
Ekonomi Islam,C. Anasir Destruktif Pembangunan Ekonomi,10,Monopoli sumber daya alam,Al-Hasyr,59,7,7,False,"QS. Al-Hasyr, 59:7"
Ekonomi Islam,D. Jenis Usaha Ekonomi Halal,1,Berdagang jujur & saling ridha,An-Nisa,4,29,29,False,"QS. An-Nisa, 4:29"
Ekonomi Islam,D. Jenis Usaha Ekonomi Halal,2,Berjual beli,Al-Baqarah,2,275,275,True,"QS. Al-Baqarah, 2:275; QS. Al-Jumu’ah, 62:9"
Ekonomi Islam,D. Jenis Usaha Ekonomi Halal,3,Berkebun,Fatir,35,27,27,True,"QS. Fatir, 35:27; QS. Abasa, 80:27–31"
Ekonomi Islam,D. Jenis Usaha Ekonomi Halal,4,Menenun/konveksi,An-Nahl,16,92,92,False,"QS. An-Nahl, 16:92"
Ekonomi Islam,D. Jenis Usaha Ekonomi Halal,5,Beternak unggas,Al-An’am,6,38,38,False,"QS. Al-An’am, 6:38"
Ekonomi Islam,D. Jenis Usaha Ekonomi Halal,6,Jasa angkutan,Al-Mu’minun,23,22,22,False,"QS. Al-Mu’minun, 23:22"
Ekonomi Islam,D. Jenis Usaha Ekonomi Halal,7,Mengelola hutan & tanaman,Al-Mu’minun,23,20,20,False,"QS. Al-Mu’minun, 23:20"
Ekonomi Islam,D. Jenis Usaha Ekonomi Halal,8,Menjadi nelayan,Al-Maidah,5,96,96,False,"QS. Al-Maidah, 5:96"
Ekonomi Islam,D. Jenis Usaha Ekonomi Halal,9,Beternak lebah,An-Nahl,16,68,69,False,"QS. An-Nahl, 16:68–69"
Ekonomi Islam,D. Jenis Usaha Ekonomi Halal,10,Industri perkapalan,Hud,11,37,38,True,"QS. Hud, 11:37–38; QS. Al-Kahfi, 18:71"
Ekonomi Islam,D. Jenis Usaha Ekonomi Halal,11,Berburu hewan,Al-Maidah,5,1,1,False,"QS. Al-Maidah, 5:1"
Ekonomi Islam,D. Jenis Usaha Ekonomi Halal,12,Beternak domba,Al-Anbiya,21,78,78,False,"QS. Al-Anbiya, 21:78"
Ekonomi Islam,D. Jenis Usaha Ekonomi Halal,13,Kerajinan emas & perak,Az-Zukhruf,43,53,53,False,"QS. Az-Zukhruf, 43:53"
Ekonomi Islam,D. Jenis Usaha Ekonomi Halal,14,Perdagangan antar daerah,Saba,34,18,18,False,"QS. Saba, 34:18"
Ekonomi Islam,D. Jenis Usaha Ekonomi Halal,15,Pengembangan bahari,Yunus,10,22,22,True,"QS. Yunus, 10:22; QS. An-Nahl, 16:14"
Ekonomi Islam,D. Jenis Usaha Ekonomi Halal,16,Pembukaan lahan baru,Thaha,20,53,53,True,"QS. Thaha, 20:53; QS. Al-A’raf, 7:74"
Ekonomi Islam,D. Jenis Usaha Ekonomi Halal,17,Pembukaan daerah terisolasi,An-Nahl,16,7,7,False,"QS. An-Nahl, 16:7,15"
Ekonomi Islam,D. Jenis Usaha Ekonomi Halal,18,Bertani,Yusuf,12,47,49,False,"QS. Yusuf, 12:47–49"
Ekonomi Islam,D. Jenis Usaha Ekonomi Halal,19,Migrasi kerja,Al-Mulk,67,15,15,True,"QS. Al-Mulk, 67:15; QS. An-Nisa, 4:100"
Ekonomi Islam,D. Jenis Usaha Ekonomi Halal,20,Pemerahan susu,Al-Mu’minun,23,21,21,True,"QS. Al-Mu’minun, 23:21; QS. An-Nahl, 16:66"
Ekonomi Islam,D. Jenis Usaha Ekonomi Halal,21,Beternak sapi & unta,An-Nahl,16,66,66,False,"QS. An-Nahl, 16:66"
Ekonomi Islam,D. Jenis Usaha Ekonomi Halal,22,Usaha penjualan daging ternak,Ghafir,40,79,80,False,"QS. Ghafir, 40:79–80"
Ekonomi Islam,D. Jenis Usaha Ekonomi Halal,23,Industri logam,Saba,34,10,10,True,"QS. Saba, 34:10; QS. Al-Kahfi, 18:95–96"
Ekonomi Islam,D. Jenis Usaha Ekonomi Halal,24,Tambang mutiara,An-Nahl,16,14,14,False,"QS. An-Nahl, 16:14"
Ekonomi Islam,D. Jenis Usaha Ekonomi Halal,25,Sutra,Al-Hajj,22,23,23,False,"QS. Al-Hajj, 22:23"
Ekonomi Islam,D. Jenis Usaha Ekonomi Halal,26,Pencarian harta karun,Al-Kahfi,18,77,77,False,"QS. Al-Kahfi, 18:77"
Ekonomi Islam,D. Jenis Usaha Ekonomi Halal,27,Teknisi pembangunan,Saba,34,13,13,False,"QS. Saba, 34:13"
Ekonomi Islam,D. Jenis Usaha Ekonomi Halal,28,Transportasi darat & laut,Al-Mulk,67,15,15,False,"QS. Al-Mulk, 67:15"
Ekonomi Islam,D. Jenis Usaha Ekonomi Halal,29,Industri senjata,Al-Hadid,57,25,25,False,"QS. Al-Hadid, 57:25"
Ekonomi Islam,D. Jenis Usaha Ekonomi Halal,30,Ekspor dan impor,Yusuf,12,58,60,False,"QS. Yusuf, 12:58–60"
Ekonomi Islam,D. Jenis Usaha Ekonomi Halal,31,Industri keramik,An-Naml,27,44,44,False,"QS. An-Naml, 27:44"
Ekonomi Islam,D. Jenis Usaha Ekonomi Halal,32,Pelatihan tenaga kerja,Yusuf,12,54,55,False,"QS. Yusuf, 12:54–55"
Membangun Pribadi Shalih,A. Akhlak kepada Allah,1,Mencari keridhaan Allah,Al-Baqarah,2,207,207,False,"QS. Al-Baqarah, 2:207"
Membangun Pribadi Shalih,A. Akhlak kepada Allah,2,Loyal kepada Allah,Al-Ma’idah,5,55,55,False,"QS. Al-Ma’idah, 5:55"
Membangun Pribadi Shalih,A. Akhlak kepada Allah,3,Takut dan harap kepada Allah,Al-Anbiya,21,89,90,False,"QS. Al-Anbiya, 21:89-90"
Membangun Pribadi Shalih,A. Akhlak kepada Allah,4,Mengharap rahmat dan takut kepada akhirat,Az-Zumar,39,9,9,False,"QS. Az-Zumar, 39:9"
Membangun Pribadi Shalih,A. Akhlak kepada Allah,5,Segera bertaubat kepada Allah,Ali ‘Imran,3,133,133,False,"QS. Ali ‘Imran, 3:133"
Membangun Pribadi Shalih,A. Akhlak kepada Allah,6,Mengucap “Inna lillahi …” bila tertimpa musibah,Al-Baqarah,2,155,157,False,"QS. Al-Baqarah, 2:155-157"
Membangun Pribadi Shalih,A. Akhlak kepada Allah,7,Berkata “Insya Allah” bila akan melakukan sesuatu esok hari,Al-Kahfi,18,23,24,False,"QS. Al-Kahfi, 18:23-24"
Membangun Pribadi Shalih,A. Akhlak kepada Allah,8,Mengimani apa saja yang Allah turunkan kepada rasul-Nya,Ali ‘Imran,3,7,7,False,"QS. Ali ‘Imran, 3:7"
Membangun Pribadi Shalih,A. Akhlak kepada Allah,9,Memohon ilmu kepada Allah,Thaha,20,114,114,False,"QS. Thaha, 20:114"
Membangun Pribadi Shalih,A. Akhlak kepada Allah,10,Beramal karena iman kepada Allah,An-Nahl,16,97,97,False,"QS. An-Nahl, 16:97"
Membangun Pribadi Shalih,A. Akhlak kepada Allah,11,Memenuhi janji kepada Allah,Al-Ahzab,33,23,23,False,"QS. Al-Ahzab, 33:23"
Membangun Pribadi Shalih,A. Akhlak kepada Allah,12,Tawakal kepada Allah,Ali ‘Imran,3,159,159,False,"QS. Ali ‘Imran, 3:159"
Membangun Pribadi Shalih,A. Akhlak kepada Allah,13,Berjuang di jalan Allah,Al-Ma’idah,5,54,54,False,"QS. Al-Ma’idah, 5:54"
Membangun Pribadi Shalih,A. Akhlak kepada Allah,14,Menghadapi ujian Allah dengan sabar,Ali ‘Imran,3,186,186,False,"QS. Ali ‘Imran, 3:186"
Membangun Pribadi Shalih,A. Akhlak kepada Allah,15,Mensyukuri nikmat Allah,Al-Baqarah,2,152,152,False,"QS. Al-Baqarah, 2:152"
Membangun Pribadi Shalih,A. Akhlak kepada Allah,16,Takwa kepada Allah sepenuh kemampuan,At-Taghabun,64,16,16,False,"QS. At-Taghabun, 64:16"
Membangun Pribadi Shalih,A. Akhlak kepada Allah,17,Menghargai ciptaan Allah,Ar-Rum,30,8,8,False,"QS. Ar-Rum, 30:8"
Membangun Pribadi Shalih,A. Akhlak kepada Allah,18,Memohon pertolongan kepada Allah,Al-Fatihah,1,5,5,False,"QS. Al-Fatihah, 1:5"
Membangun Pribadi Shalih,A. Akhlak kepada Allah,19,Tidak menyekutukan Allah,An-Nisa,4,36,36,False,"QS. An-Nisa, 4:36"
Membangun Pribadi Shalih,A. Akhlak kepada Allah,20,Tidak mengingkari ayat-ayat Al-Qur’an,Ghafir,40,4,4,False,"QS. Ghafir, 40:4"
Membangun Pribadi Shalih,A. Akhlak kepada Allah,21,Tidak menolak aturan-aturan Allah,Al-‘Ankabut,29,47,47,False,"QS. Al-‘Ankabut, 29:47"
Membangun Pribadi Shalih,A. Akhlak kepada Allah,22,Percaya akan kembali kepada Allah,Al-A‘raf,7,125,125,False,"QS. Al-A‘raf, 7:125"
Membangun Pribadi Shalih,A. Akhlak kepada Allah,23,Memohon rahmat dan belas kasih Allah,Al-A‘raf,7,149,149,False,"QS. Al-A‘raf, 7:149"
Membangun Pribadi Shalih,A. Akhlak kepada Allah,24,Tidak mengejar kesenangan dunia dengan berbuat dosa,Ali ‘Imran,3,77,77,False,"QS. Ali ‘Imran, 3:77"
Membangun Pribadi Shalih,A. Akhlak kepada Allah,25,Mempercayai adanya nasib baik dan buruk dari Allah sebagai ujian,Al-A‘raf,7,168,168,False,"QS. Al-A‘raf, 7:168"
Membangun Pribadi Shalih,A. Akhlak kepada Allah,26,Tidak melalaikan amanat Allah,Al-A‘raf,7,172,172,False,"QS. Al-A‘raf, 7:172"
Membangun Pribadi Shalih,A. Akhlak kepada Allah,27,Mengimani adanya ganjaran akhirat dari Allah,Al-A‘raf,7,170,170,False,"QS. Al-A‘raf, 7:170"
Membangun Pribadi Shalih,A. Akhlak kepada Allah,28,Mempercayai bahwa hanya Allah yang tahu hal ghaib,Al-A‘raf,7,187,188,False,"QS. Al-A‘raf, 7:187-188"
Membangun Pribadi Shalih,A. Akhlak kepada Allah,29,Tidak berteman dengan golongan yang dimurkai Allah,Al-Mumtahanah,60,13,13,False,"QS. Al-Mumtahanah, 60:13"
Membangun Pribadi Shalih,A. Akhlak kepada Allah,30,Menjauhi tempat yang menyebabkan lupa kepada Allah,Al-Furqan,25,72,72,False,"QS. Al-Furqan, 25:72"
Membangun Pribadi Shalih,B. Akhlak kepada Rasulullah saw.,1,Mencintai Rasulullah saw. lebih dari yang lain,At-Taubah,9,24,24,False,"QS. At-Taubah, 9:24"
Membangun Pribadi Shalih,B. Akhlak kepada Rasulullah saw.,2,Menerima keputusan Rasulullah saw. dengan hati ridha,An-Nisa,4,65,65,False,"QS. An-Nisa, 4:65"
Membangun Pribadi Shalih,B. Akhlak kepada Rasulullah saw.,3,Mengikuti tuntunan Rasulullah saw. tanpa keberatan,Ali ‘Imran,3,31,31,False,"QS. Ali ‘Imran, 3:31"
Membangun Pribadi Shalih,B. Akhlak kepada Rasulullah saw.,4,Mengucapkan shalawat untuk Nabi saw.,Al-Ahzab,33,56,56,False,"QS. Al-Ahzab, 33:56"
Membangun Pribadi Shalih,B. Akhlak kepada Rasulullah saw.,5,Mempercayai bahwa Nabi saw. membawa petunjuk untuk segenap manusia,Asy-Syura,42,52,52,False,"QS. Asy-Syura, 42:52"
Membangun Pribadi Shalih,B. Akhlak kepada Rasulullah saw.,6,Mempercayai Nabi saw. membawa kebaikan bagi alam semesta,Al-Anbiya,21,107,107,False,"QS. Al-Anbiya, 21:107"
Membangun Pribadi Shalih,B. Akhlak kepada Rasulullah saw.,7,Mempercayai Nabi saw. datang untuk membersihkan jiwa manusia dan mengajarkan kebaikan,Ali ‘Imran,3,164,164,False,"QS. Ali ‘Imran, 3:164"
Membangun Pribadi Shalih,B. Akhlak kepada Rasulullah saw.,8,Memuliakan Nabi saw. dan mengukuhkan ajarannya,Al-A‘raf,7,157,157,False,"QS. Al-A‘raf, 7:157"
Membangun Pribadi Shalih,B. Akhlak kepada Rasulullah saw.,9,Tidak membuat ketentuan ibadah di luar ketentuan Rasulullah saw.,Al-Hujurat,49,1,1,False,"QS. Al-Hujurat, 49:1"
Membangun Pribadi Shalih,B. Akhlak kepada Rasulullah saw.,10,Tidak bersuara keras di hadapan Nabi saw.,Al-Hujurat,49,2,2,False,"QS. Al-Hujurat, 49:2"
Membangun Pribadi Shalih,B. Akhlak kepada Rasulullah saw.,11,Tidak memanggil Nabi saw. seperti memanggil orang biasa,An-Nur,24,63,63,False,"QS. An-Nur, 24:63"
Membangun Pribadi Shalih,B. Akhlak kepada Rasulullah saw.,12,Tidak memakai kata-kata tidak sopan kepada Rasulullah saw.,Al-Baqarah,2,104,104,False,"QS. Al-Baqarah, 2:104"
Membangun Pribadi Shalih,B. Akhlak kepada Rasulullah saw.,13,Tidak melebihkan diri sendiri daripada Rasulullah saw.,At-Taubah,9,120,120,False,"QS. At-Taubah, 9:120"
Membangun Pribadi Shalih,B. Akhlak kepada Rasulullah saw.,14,Meneladani Rasulullah saw.,At-Taubah,9,21,21,False,"QS. At-Taubah, 9:21"
Membangun Pribadi Shalih,B. Akhlak kepada Rasulullah saw.,15,Tidak menyalahi ajaran Rasulullah saw.,An-Nur,24,63,63,False,"QS. An-Nur, 24:63"
Membangun Pribadi Shalih,B. Akhlak kepada Rasulullah saw.,16,Mematuhi ajaran yang dibawa Rasulullah saw. dari Allah,Al-Hasyr,59,7,7,False,"QS. Al-Hasyr, 59:7"
Membangun Pribadi Shalih,B. Akhlak kepada Rasulullah saw.,17,Mengimani adanya syafa’at Rasulullah saw. di akhirat,Thaha,20,109,109,False,"QS. Thaha, 20:109"
Membangun Pribadi Shalih,B. Akhlak kepada Rasulullah saw.,18,Menyebarluaskan ajaran Rasulullah saw.,Ali ‘Imran,3,187,187,False,"QS. Ali ‘Imran, 3:187"
Membangun Pribadi Shalih,B. Akhlak kepada Rasulullah saw.,19,Mengabadikan jasa baik Rasulullah saw. kepada umat manusia,Al-Ma’idah,5,15,16,False,"QS. Al-Ma’idah, 5:15-16"
Membangun Pribadi Shalih,B. Akhlak kepada Rasulullah saw.,20,Mencintai para sahabat Rasulullah saw.,At-Taubah,9,100,100,False,"QS. At-Taubah, 9:100"
Membangun Pribadi Shalih,B. Akhlak kepada Rasulullah saw.,21,Mempercayai kesucian para istri dan anak-anak Nabi saw.,Al-Ahzab,33,33,33,False,"QS. Al-Ahzab, 33:33"
Membangun Pribadi Shalih,B. Akhlak kepada Rasulullah saw.,22,Semua istri Rasulullah saw. menjadi ibu kaum muslimin,Al-Ahzab,33,6,6,False,"QS. Al-Ahzab, 33:6"
Membangun Pribadi Shalih,B. Akhlak kepada Rasulullah saw.,23,Mempercayai Rasulullah saw. sebagai nabi terakhir,Al-Ahzab,33,40,40,False,"QS. Al-Ahzab, 33:40"
Membangun Pribadi Shalih,B. Akhlak kepada Rasulullah saw.,24,Mempercayai Rasulullah saw. sebagai manusia biasa yang mendapat wahyu,Fussilat,41,6,6,False,"QS. Fussilat, 41:6"
Membangun Pribadi Shalih,B. Akhlak kepada Rasulullah saw.,25,Menghormati para sahabat Rasulullah saw. sebagai manusia terbaik sepanjang zaman,Al-Fath,48,29,29,False,"QS. Al-Fath, 48:29"
Membangun Pribadi Shalih,B. Akhlak kepada Rasulullah saw.,26,Mempercayai bahwa mendurhakai perintah Rasulullah saw. masuk neraka,Al-Anfal,8,13,13,False,"QS. Al-Anfal, 8:13"
Membangun Pribadi Shalih,B. Akhlak kepada Rasulullah saw.,27,Mempercayai bahwa seluruh sahabat Rasulullah saw. diridhai Allah dan ahli surga,Al-Bayyinah,98,8,8,False,"QS. Al-Bayyinah, 98:8"
Membangun Pribadi Shalih,B. Akhlak kepada Rasulullah saw.,28,Mempercayai bahwa Rasulullah saw. seorang nabi yang buta huruf,Al-A‘raf,7,158,158,False,"QS. Al-A‘raf, 7:158"
Membangun Pribadi Shalih,B. Akhlak kepada Rasulullah saw.,29,Mempercayai bahwa Rasulullah saw. telah menyampaikan seluruh wahyu Allah,Al-Ma’idah,5,67,67,False,"QS. Al-Ma’idah, 5:67"
Membangun Pribadi Shalih,B. Akhlak kepada Rasulullah saw.,30,Mempercayai bahwa Rasulullah saw. tidak disukai kaum Yahudi dan Nasrani sepanjang zaman,Al-Baqarah,2,120,120,False,"QS. Al-Baqarah, 2:120"
Membangun Pribadi Shalih,C. Akhlak kepada Al-Qur’an,1,Membaca ta’awudz sebelum membaca Al-Qur’an,An-Nahl,16,98,98,False,"QS. An-Nahl, 16:98"
Membangun Pribadi Shalih,C. Akhlak kepada Al-Qur’an,2,Tenang dan diam saat mendengar Al-Qur’an dibaca,Al-A‘raf,7,204,204,True,"QS. Al-A‘raf, 7:204; QS. Al-Isra, 17:107"
Membangun Pribadi Shalih,C. Akhlak kepada Al-Qur’an,3,Memahami bacaan Al-Qur’an,An-Nisa,4,82,82,True,"QS. An-Nisa, 4:82; QS. Al-Kahfi, 18:54"
Membangun Pribadi Shalih,C. Akhlak kepada Al-Qur’an,4,Menangis ketika membaca atau mendengar Al-Qur’an,Al-Ma’idah,5,83,83,True,"QS. Al-Ma’idah, 5:83; QS. An-Najm, 53:60"
Membangun Pribadi Shalih,C. Akhlak kepada Al-Qur’an,5,Membaca Al-Qur’an dengan suara indah,Al-Muzzammil,73,4,4,False,"QS. Al-Muzzammil, 73:4"
Membangun Pribadi Shalih,C. Akhlak kepada Al-Qur’an,6,Membaca Al-Qur’an dengan suara jelas,Al-Isra,17,110,110,False,"QS. Al-Isra, 17:110"
Membangun Pribadi Shalih,C. Akhlak kepada Al-Qur’an,7,Menghafal Al-Qur’an semampunya,Al-Ahzab,33,34,34,False,"QS. Al-Ahzab, 33:34"
Membangun Pribadi Shalih,C. Akhlak kepada Al-Qur’an,8,Membaca Al-Qur’an di malam hari,Ali ‘Imran,3,113,113,False,"QS. Ali ‘Imran, 3:113"
Membangun Pribadi Shalih,C. Akhlak kepada Al-Qur’an,9,Tidak lupa ayat yang dihafal,Al-A‘la,87,7,7,False,"QS. Al-A‘la, 87:7"
Membangun Pribadi Shalih,C. Akhlak kepada Al-Qur’an,10,Mengikuti petunjuk Al-Qur’an,Al-Baqarah,2,121,121,True,"QS. Al-Baqarah, 2:121; QS. Ali ‘Imran, 3:7"
Membangun Pribadi Shalih,C. Akhlak kepada Al-Qur’an,11,Tidak membantah aturan Al-Qur’an,Ali ‘Imran,3,78,78,True,"QS. Ali ‘Imran, 3:78; QS. Ghafir, 40:56"
Membangun Pribadi Shalih,C. Akhlak kepada Al-Qur’an,12,Tidak merubah Al-Qur’an,Ali ‘Imran,3,7,7,True,"QS. Ali ‘Imran, 3:7; QS. Ali ‘Imran, 3:78"
Membangun Pribadi Shalih,C. Akhlak kepada Al-Qur’an,13,Membaca Al-Qur’an berulang-ulang,Al-Qiyamah,75,16,17,False,"QS. Al-Qiyamah, 75:16-17"
Membangun Pribadi Shalih,C. Akhlak kepada Al-Qur’an,14,Meyakini Al-Qur’an sebagai kalamullah,An-Nisa,4,82,82,True,"QS. An-Nisa, 4:82; QS. Hud, 11:17"
Membangun Pribadi Shalih,C. Akhlak kepada Al-Qur’an,15,Meyakini Al-Qur’an sebagai perkataan terbaik,Al-An‘am,6,155,155,True,"QS. Al-An‘am, 6:155; QS. Al-A‘raf, 7:204"
Membangun Pribadi Shalih,D. Akhlak Diri Sendiri › A. Akhlak Terpuji,1,Bersikap tengah-tengah,Al-Baqarah,2,143,143,False,"QS. Al-Baqarah, 2:143"
Membangun Pribadi Shalih,D. Akhlak Diri Sendiri › A. Akhlak Terpuji,2,Bersuara sedang,Al-Isra,17,110,110,False,"QS. Al-Isra, 17:110"
Membangun Pribadi Shalih,D. Akhlak Diri Sendiri › A. Akhlak Terpuji,3,Menahan marah,Ali ‘Imran,3,134,134,False,"QS. Ali ‘Imran, 3:134"
Membangun Pribadi Shalih,D. Akhlak Diri Sendiri › A. Akhlak Terpuji,4,Rendah hati,Al-Furqan,25,63,63,False,"QS. Al-Furqan, 25:63"
Membangun Pribadi Shalih,D. Akhlak Diri Sendiri › A. Akhlak Terpuji,5,Bekerja cepat dan profesional,An-Naml,27,40,40,False,"QS. An-Naml, 27:40"
Membangun Pribadi Shalih,D. Akhlak Diri Sendiri › A. Akhlak Terpuji,6,Bekerja keras,At-Taubah,9,105,105,False,"QS. At-Taubah, 9:105"
Membangun Pribadi Shalih,D. Akhlak Diri Sendiri › A. Akhlak Terpuji,7,Jujur,Al-Ahzab,33,24,24,False,"QS. Al-Ahzab, 33:24"
Membangun Pribadi Shalih,D. Akhlak Diri Sendiri › A. Akhlak Terpuji,8,Memenuhi janji,Ali ‘Imran,3,76,76,False,"QS. Ali ‘Imran, 3:76"
Membangun Pribadi Shalih,D. Akhlak Diri Sendiri › A. Akhlak Terpuji,9,Amanah,Al-Mu’minun,23,8,8,False,"QS. Al-Mu’minun, 23:8"
Membangun Pribadi Shalih,D. Akhlak Diri Sendiri › A. Akhlak Terpuji,10,Istiqamah,Fussilat,41,30,30,False,"QS. Fussilat, 41:30"
Membangun Pribadi Shalih,D. Akhlak Diri Sendiri › A. Akhlak Terpuji,11,Kuat tekad,Luqman,31,17,17,False,"QS. Luqman, 31:17"
Membangun Pribadi Shalih,D. Akhlak Diri Sendiri › A. Akhlak Terpuji,12,Berani,Al-Ma’idah,5,54,54,False,"QS. Al-Ma’idah, 5:54"
Membangun Pribadi Shalih,D. Akhlak Diri Sendiri › A. Akhlak Terpuji,13,Sabar,Al-Baqarah,2,155,155,False,"QS. Al-Baqarah, 2:155"
Membangun Pribadi Shalih,D. Akhlak Diri Sendiri › A. Akhlak Terpuji,14,Santun,An-Nur,24,22,22,False,"QS. An-Nur, 24:22"
Membangun Pribadi Shalih,D. Akhlak Diri Sendiri › A. Akhlak Terpuji,15,Lemah lembut,Al-A‘raf,7,199,199,False,"QS. Al-A‘raf, 7:199"
Membangun Pribadi Shalih,D. Akhlak Diri Sendiri › A. Akhlak Terpuji,16,Menahan nafsu,An-Nazi‘at,79,40,41,False,"QS. An-Nazi‘at, 79:40-41"
Membangun Pribadi Shalih,D. Akhlak Diri Sendiri › A. Akhlak Terpuji,17,Belas kasih,Al-Isra,17,24,24,False,"QS. Al-Isra, 17:24"
Membangun Pribadi Shalih,D. Akhlak Diri Sendiri › A. Akhlak Terpuji,18,Adil,Al-An‘am,6,152,152,False,"QS. Al-An‘am, 6:152"
Membangun Pribadi Shalih,D. Akhlak Diri Sendiri › A. Akhlak Terpuji,19,Memelihara kebersihan,At-Taubah,9,108,108,False,"QS. At-Taubah, 9:108"
Membangun Pribadi Shalih,D. Akhlak Diri Sendiri › A. Akhlak Terpuji,20,Disiplin,As-Saff,61,4,4,False,"QS. As-Saff, 61:4"
Membangun Pribadi Shalih,D. Akhlak Diri Sendiri › A. Akhlak Terpuji,21,Dermawan,Ali ‘Imran,3,92,92,False,"QS. Ali ‘Imran, 3:92"
Membangun Pribadi Shalih,D. Akhlak Diri Sendiri › A. Akhlak Terpuji,22,Senang bertafakur,Ali ‘Imran,3,190,191,False,"QS. Ali ‘Imran, 3:190-191"
Membangun Pribadi Shalih,D. Akhlak Diri Sendiri › A. Akhlak Terpuji,23,Sistematis,An-Nur,24,62,62,False,"QS. An-Nur, 24:62"
Membangun Pribadi Shalih,D. Akhlak Diri Sendiri › A. Akhlak Terpuji,24,Berhati-hati,Al-Ma’idah,5,49,49,False,"QS. Al-Ma’idah, 5:49"
Membangun Pribadi Shalih,D. Akhlak Diri Sendiri › A. Akhlak Terpuji,25,Berjaga-jaga,An-Nisa,4,71,71,False,"QS. An-Nisa, 4:71"
Membangun Pribadi Shalih,D. Akhlak Diri Sendiri › A. Akhlak Terpuji,26,Menjaga lidah,An-Nur,24,24,24,False,"QS. An-Nur, 24:24"
Membangun Pribadi Shalih,D. Akhlak Diri Sendiri › A. Akhlak Terpuji,27,Berlaku baik,Al-Ma’idah,5,48,48,False,"QS. Al-Ma’idah, 5:48"
Membangun Pribadi Shalih,D. Akhlak Diri Sendiri › A. Akhlak Terpuji,28,Segera berbuat baik,Fatir,35,32,32,False,"QS. Fatir, 35:32"
Membangun Pribadi Shalih,D. Akhlak Diri Sendiri › A. Akhlak Terpuji,29,Menjauhi sangka buruk,Al-Hujurat,49,12,12,False,"QS. Al-Hujurat, 49:12"
Membangun Pribadi Shalih,D. Akhlak Diri Sendiri › A. Akhlak Terpuji,30,Menjauhi zina,An-Nur,24,30,30,False,"QS. An-Nur, 24:30"
Membangun Pribadi Shalih,D. Akhlak Diri Sendiri › A. Akhlak Terpuji,31,Menjaga rasa malu,An-Nur,24,60,60,False,"QS. An-Nur, 24:60"
Membangun Pribadi Shalih,D. Akhlak Diri Sendiri › A. Akhlak Terpuji,32,Berkata tegas dan jujur,Al-Ahzab,33,70,70,False,"QS. Al-Ahzab, 33:70"
Membangun Pribadi Shalih,D. Akhlak Diri Sendiri › A. Akhlak Terpuji,33,Meningkatkan rasa sabar,Ali ‘Imran,3,200,200,False,"QS. Ali ‘Imran, 3:200"
Membangun Pribadi Shalih,D. Akhlak Diri Sendiri › A. Akhlak Terpuji,34,Berjalan dengan sopan,Al-Furqan,25,63,63,False,"QS. Al-Furqan, 25:63"
Membangun Pribadi Shalih,D. Akhlak Diri Sendiri › A. Akhlak Terpuji,35,Menjauhi kemewahan hidup,Al-Qashash,28,79,80,False,"QS. Al-Qashash, 28:79-80"
Membangun Pribadi Shalih,D. Akhlak Diri Sendiri › A. Akhlak Terpuji,36,Komitmen kepada kebenaran,Az-Zumar,39,10,10,False,"QS. Az-Zumar, 39:10"
Membangun Pribadi Shalih,D. Akhlak Diri Sendiri › A. Akhlak Terpuji,37,Menangis bila membaca ayat-ayat ancaman,Al-Isra,17,106,109,False,"QS. Al-Isra, 17:106-109"
Membangun Pribadi Shalih,D. Akhlak Diri Sendiri › A. Akhlak Terpuji,38,Memenuhi nadzar,Al-Hajj,22,29,29,False,"QS. Al-Hajj, 22:29"
Membangun Pribadi Shalih,D. Akhlak Diri Sendiri › A. Akhlak Terpuji,39,Menutup aurat,Al-A‘raf,7,26,26,False,"QS. Al-A‘raf, 7:26"
Membangun Pribadi Shalih,D. Akhlak Diri Sendiri › A. Akhlak Terpuji,40,Menyatakan kebenaran dengan terus terang,Al-Kahf,18,29,29,False,"QS. Al-Kahf, 18:29"
Membangun Pribadi Shalih,D. Akhlak Diri Sendiri › B. Akhlak Tercela,1,Dusta,An-Nahl,16,105,105,False,"QS. An-Nahl, 16:105"
Membangun Pribadi Shalih,D. Akhlak Diri Sendiri › B. Akhlak Tercela,2,Munafik,As-Saff,61,2,3,False,"QS. As-Saff, 61:2-3"
Membangun Pribadi Shalih,D. Akhlak Diri Sendiri › B. Akhlak Tercela,3,Menyembunyikan kebenaran,Al-Baqarah,2,42,42,False,"QS. Al-Baqarah, 2:42"
Membangun Pribadi Shalih,D. Akhlak Diri Sendiri › B. Akhlak Tercela,4,Khianat,Al-Anfal,8,77,77,False,"QS. Al-Anfal, 8:77"
Membangun Pribadi Shalih,D. Akhlak Diri Sendiri › B. Akhlak Tercela,5,Buruk sangka,Al-Hujurat,49,12,12,False,"QS. Al-Hujurat, 49:12"
Membangun Pribadi Shalih,D. Akhlak Diri Sendiri › B. Akhlak Tercela,6,Dengki,An-Nisa,4,54,54,True,"QS. An-Nisa, 4:54; QS. Al-Falaq, 113:1-5"
Membangun Pribadi Shalih,D. Akhlak Diri Sendiri › B. Akhlak Tercela,7,Kasar,Ali ‘Imran,3,159,159,False,"QS. Ali ‘Imran, 3:159"
Membangun Pribadi Shalih,D. Akhlak Diri Sendiri › B. Akhlak Tercela,8,Marah,Asy-Syura,42,37,37,False,"QS. Asy-Syura, 42:37"
Membangun Pribadi Shalih,D. Akhlak Diri Sendiri › B. Akhlak Tercela,9,Kikir,Ali ‘Imran,3,180,180,False,"QS. Ali ‘Imran, 3:180"
Membangun Pribadi Shalih,D. Akhlak Diri Sendiri › B. Akhlak Tercela,10,Boros,Asy-Syu‘ara,26,151,151,False,"QS. Asy-Syu‘ara, 26:151"
Membangun Pribadi Shalih,D. Akhlak Diri Sendiri › B. Akhlak Tercela,11,Zina,An-Nur,24,26,26,False,"QS. An-Nur, 24:26"
Membangun Pribadi Shalih,D. Akhlak Diri Sendiri › B. Akhlak Tercela,12,Putus asa,Fussilat,41,49,49,False,"QS. Fussilat, 41:49"
Membangun Pribadi Shalih,D. Akhlak Diri Sendiri › B. Akhlak Tercela,13,Sombong,Al-Anfal,8,47,47,False,"QS. Al-Anfal, 8:47"
Membangun Pribadi Shalih,D. Akhlak Diri Sendiri › B. Akhlak Tercela,14,Berjalan dengan sombong,Luqman,31,18,18,False,"QS. Luqman, 31:18"
Membangun Pribadi Shalih,D. Akhlak Diri Sendiri › B. Akhlak Tercela,15,Benci,Al-Ma’idah,5,8,8,False,"QS. Al-Ma’idah, 5:8"
Membangun Pribadi Shalih,D. Akhlak Diri Sendiri › B. Akhlak Tercela,16,Melawak,Al-Muddassir,74,45,45,False,"QS. Al-Muddassir, 74:45"
Membangun Pribadi Shalih,D. Akhlak Diri Sendiri › B. Akhlak Tercela,17,Berjudi,Al-Baqarah,2,219,219,False,"QS. Al-Baqarah, 2:219"
Membangun Pribadi Shalih,D. Akhlak Diri Sendiri › B. Akhlak Tercela,18,Mabuk,Al-Ma’idah,5,90,90,False,"QS. Al-Ma’idah, 5:90"
Membangun Pribadi Shalih,D. Akhlak Diri Sendiri › B. Akhlak Tercela,19,Penakut,Al-Anfal,8,15,15,False,"QS. Al-Anfal, 8:15"
Membangun Pribadi Shalih,D. Akhlak Diri Sendiri › B. Akhlak Tercela,20,Lesbian,An-Nisa,4,15,15,False,"QS. An-Nisa, 4:15"
Membangun Pribadi Shalih,D. Akhlak Diri Sendiri › B. Akhlak Tercela,21,Malas beribadah,An-Nisa,4,173,173,False,"QS. An-Nisa, 4:173"
Membangun Pribadi Shalih,D. Akhlak Diri Sendiri › B. Akhlak Tercela,22,Berkata kotor,An-Nisa,4,148,148,False,"QS. An-Nisa, 4:148"
Membangun Pribadi Shalih,D. Akhlak Diri Sendiri › B. Akhlak Tercela,23,Homoseksual,Al-A‘raf,7,80,80,False,"QS. Al-A‘raf, 7:80"
Membangun Pribadi Shalih,D. Akhlak Diri Sendiri › B. Akhlak Tercela,24,Berbuat sia-sia,Yasin,36,83,83,False,"QS. Yasin, 36:83"
Membangun Pribadi Shalih,D. Akhlak Diri Sendiri › B. Akhlak Tercela,25,Dendam,Al-Baqarah,2,194,194,False,"QS. Al-Baqarah, 2:194"
Membangun Pribadi Shalih,D. Akhlak Diri Sendiri › B. Akhlak Tercela,26,Lalai,Ar-Rum,30,7,7,False,"QS. Ar-Rum, 30:7"
Membangun Pribadi Shalih,D. Akhlak Diri Sendiri › B. Akhlak Tercela,27,Membanggakan kekayaan,At-Takatsur,102,1,2,False,"QS. At-Takatsur, 102:1-2"
Membangun Pribadi Shalih,D. Akhlak Diri Sendiri › B. Akhlak Tercela,28,Mengejar kesenangan dunia,Al-Munafiqun,63,9,9,False,"QS. Al-Munafiqun, 63:9"
Membangun Pribadi Shalih,D. Akhlak Diri Sendiri › B. Akhlak Tercela,29,Egois,An-Nisa,4,29,29,False,"QS. An-Nisa, 4:29"
Membangun Pribadi Shalih,D. Akhlak Diri Sendiri › B. Akhlak Tercela,30,Cepat berbuat dosa,Al-Ma’idah,5,62,62,False,"QS. Al-Ma’idah, 5:62"
Membangun Pribadi Shalih,D. Akhlak Diri Sendiri › B. Akhlak Tercela,31,Pamer diri,Al-Anfal,8,47,47,False,"QS. Al-Anfal, 8:47"
Membangun Pribadi Shalih,D. Akhlak Diri Sendiri › B. Akhlak Tercela,32,Berbuat keji,An-Nahl,16,90,90,False,"QS. An-Nahl, 16:90"
Membangun Pribadi Shalih,D. Akhlak Diri Sendiri › B. Akhlak Tercela,33,Melampaui batas,Al-A‘raf,7,33,33,False,"QS. Al-A‘raf, 7:33"
Membangun Pribadi Shalih,D. Akhlak Diri Sendiri › B. Akhlak Tercela,34,Menganggap diri suci,An-Najm,53,32,32,False,"QS. An-Najm, 53:32"
Membangun Pribadi Shalih,D. Akhlak Diri Sendiri › B. Akhlak Tercela,35,Mengikuti bisikan nafsu,Al-Ma’idah,5,77,77,False,"QS. Al-Ma’idah, 5:77"
Membangun Pribadi Shalih,D. Akhlak Diri Sendiri › B. Akhlak Tercela,36,Masuk rumah lewat pintu belakang,Al-Baqarah,2,189,189,False,"QS. Al-Baqarah, 2:189"
Membangun Pribadi Shalih,D. Akhlak Diri Sendiri › B. Akhlak Tercela,37,Suka mengeluh,Al-Ma‘arij,70,19,20,False,"QS. Al-Ma‘arij, 70:19-20"
Membangun Pribadi Shalih,D. Akhlak Diri Sendiri › B. Akhlak Tercela,38,Telanjang,Thaha,20,118,118,False,"QS. Thaha, 20:118"
Membangun Pribadi Shalih,D. Akhlak Diri Sendiri › B. Akhlak Tercela,39,Mengagumi diri sendiri,An-Nisa,4,36,36,False,"QS. An-Nisa, 4:36"
Membangun Pribadi Shalih,D. Akhlak Diri Sendiri › B. Akhlak Tercela,40,Mengumpat,Al-Humazah,104,1,9,False,"QS. Al-Humazah, 104:1-9"
Karakteristik Negara Bersyari’ah,A. Kesejahteraan Ekonomi Rakyat,1,"Seluruh kekayaan di bumi, angkasa, dan di dalam bumi milik Allah",Thaha,20,6,6,False,"QS. Thaha, 20:6"
Karakteristik Negara Bersyari’ah,A. Kesejahteraan Ekonomi Rakyat,2,Setiap orang memiliki hak untuk memperoleh bagian yang layak atas kekayaan seluruh alam,Al-Baqarah,2,30,30,False,"QS. Al-Baqarah, 2:30"
Karakteristik Negara Bersyari’ah,A. Kesejahteraan Ekonomi Rakyat,3,Seluruh manusia tanpa kecuali memiliki hak kolektif mengelola sumber daya alam dan menikmatinya secara adil,At-Taghabun,64,1,1,False,"QS. At-Taghabun, 64:1"
Karakteristik Negara Bersyari’ah,A. Kesejahteraan Ekonomi Rakyat,4,"Spirit ekonomi berbasis persaudaraan universal, apapun agama dan rasnya",Ali ‘Imran,3,102,103,False,"QS. Ali ‘Imran, 3:102–103"
Karakteristik Negara Bersyari’ah,A. Kesejahteraan Ekonomi Rakyat,5,Kepemilikan pribadi adalah legal dan halal,Al-Baqarah,2,202,202,False,"QS. Al-Baqarah, 2:202"
Karakteristik Negara Bersyari’ah,A. Kesejahteraan Ekonomi Rakyat,6,Prinsip saling melayani sesama manusia dalam seluruh aspek kehidupan ekonomi dan sosial,An-Nahl,16,71,71,False,"QS. An-Nahl, 16:71"
Karakteristik Negara Bersyari’ah,A. Kesejahteraan Ekonomi Rakyat,7,Larangan monopoli sumber daya alam,At-Taubah,9,34,34,False,"QS. At-Taubah, 9:34"
Karakteristik Negara Bersyari’ah,A. Kesejahteraan Ekonomi Rakyat,8,Kekayaan alam harus didistribusikan secara adil kepada seluruh masyarakat tanpa diskriminasi,Ibrahim,14,31,31,False,"QS. Ibrahim, 14:31"
Karakteristik Negara Bersyari’ah,A. Kesejahteraan Ekonomi Rakyat,9,Ancaman berat bagi golongan kaya yang mengabaikan nasib golongan miskin,An-Nisa,4,36,37,False,"QS. An-Nisa, 4:36–37"
Karakteristik Negara Bersyari’ah,A. Kesejahteraan Ekonomi Rakyat,10,Perputaran kekayaan melalui perdagangan,An-Nisa,4,29,29,True,"QS. An-Nisa, 4:29; QS. Al-Baqarah, 2:282"
Karakteristik Negara Bersyari’ah,A. Kesejahteraan Ekonomi Rakyat,11,Kerja sama ekonomi,Az-Zumar,39,29,29,False,"QS. Az-Zumar, 39:29"
Karakteristik Negara Bersyari’ah,A. Kesejahteraan Ekonomi Rakyat,12,Pembelanjaan harta secara terkendali,Al-Furqan,25,67,67,False,"QS. Al-Furqan, 25:67"
Karakteristik Negara Bersyari’ah,A. Kesejahteraan Ekonomi Rakyat,13,Tindakan ekonomi harus berpijak pada keadilan,An-Nahl,16,90,90,False,"QS. An-Nahl, 16:90"
Karakteristik Negara Bersyari’ah,A. Kesejahteraan Ekonomi Rakyat,14,Membasmi berbagai rintangan pembangunan kesejahteraan umat manusia,Ali ‘Imran,3,80,80,True,"QS. Ali ‘Imran, 3:80; QS. Al-A‘raf, 7:31"
Karakteristik Negara Bersyari’ah,A. Kesejahteraan Ekonomi Rakyat,15,Pemenuhan kebutuhan dasar setiap manusia,Al-A‘raf,7,26,26,True,"QS. Al-A‘raf, 7:26; QS. Al-Baqarah, 2:60"
Karakteristik Negara Bersyari’ah,A. Kesejahteraan Ekonomi Rakyat,16,Mencegah penggunaan cara-cara destruktif dalam pemenuhan kebutuhan hidup setiap orang,Al-Baqarah,2,168,168,True,"QS. Al-Baqarah, 2:168; QS. Al-A‘raf, 7:157; QS. Al-Baqarah, 2:173"
Karakteristik Negara Bersyari’ah,A. Kesejahteraan Ekonomi Rakyat,17,Sifat natural keinginan manusia terhadap harta kekayaan,An-Nisa,4,14,14,True,"QS. An-Nisa, 4:14; QS. Al-Insyiqaq, 84:20"
Karakteristik Negara Bersyari’ah,A. Kesejahteraan Ekonomi Rakyat,18,Mengatur nafsu kemewahan manusia dalam menggunakan sumber daya alam,Al-A‘raf,7,74,74,True,"QS. Al-A‘raf, 7:74; QS. An-Nahl, 16:44"
Karakteristik Negara Bersyari’ah,A. Kesejahteraan Ekonomi Rakyat,19,Paham materialis menghancurkan moral dan mental umat manusia,Al-Kahfi,18,103,104,True,"QS. Al-Kahfi, 18:103–104; QS. Al-Isra, 17:18"
Karakteristik Negara Bersyari’ah,A. Kesejahteraan Ekonomi Rakyat,20,Paham sesat merusak kehidupan ekonomi,Al-Ma’idah,5,77,77,True,"QS. Al-Ma’idah, 5:77; QS. Al-Baqarah, 2:200"
Karakteristik Negara Bersyari’ah,A. Kesejahteraan Ekonomi Rakyat,21,Sistem kapitalisme menghancurkan nilai kemanusiaan,At-Taubah,9,34,34,True,"QS. At-Taubah, 9:34; QS. Al-Humazah, 104:1–4"
Karakteristik Negara Bersyari’ah,A. Kesejahteraan Ekonomi Rakyat,22,Sifat kikir merusak kehidupan ekonomi dan keluhuran moral manusia,Al-Baqarah,2,268,268,True,"QS. Al-Baqarah, 2:268; QS. Ali ‘Imran, 3:180"
Karakteristik Negara Bersyari’ah,A. Kesejahteraan Ekonomi Rakyat,23,Aktivitas ekonomi halal sejalan dengan ibadah shalat,An-Nur,24,37,37,True,"QS. An-Nur, 24:37; QS. Al-Qashash, 28:77; QS. Al-Jumu‘ah, 62:10"
Karakteristik Negara Bersyari’ah,A. Kesejahteraan Ekonomi Rakyat,24,Pola hidup hedonis menghancurkan ekonomi umat,Al-An‘am,6,142,142,True,"QS. Al-An‘am, 6:142; QS. Al-Isra, 17:27"
Karakteristik Negara Bersyari’ah,A. Kesejahteraan Ekonomi Rakyat,25,Perilaku paganis merusak tata ekonomi berkeadilan,Ali ‘Imran,3,10,10,True,"QS. Ali ‘Imran, 3:10; QS. Al-Baqarah, 2:265"
Karakteristik Negara Bersyari’ah,A. Kesejahteraan Ekonomi Rakyat,26,Kekuatan destruktif ekonomi umat,An-Nisa,4,5,5,True,"QS. An-Nisa, 4:5; QS. Hud, 11:87; QS. Al-Hasyr, 59:7"
Karakteristik Negara Bersyari’ah,A. Kesejahteraan Ekonomi Rakyat,27,Bekerja berdasarkan keahlian/ilmu,An-Nahl,16,43,43,False,"QS. An-Nahl, 16:43"
Karakteristik Negara Bersyari’ah,A. Kesejahteraan Ekonomi Rakyat,28,Bekerja harus konsisten dan tekun,Ghafir,40,13,13,False,"QS. Ghafir, 40:13"
Karakteristik Negara Bersyari’ah,A. Kesejahteraan Ekonomi Rakyat,29,Bekerja harus profesional,Al-Qamar,54,3,3,False,"QS. Al-Qamar, 54:3"
Karakteristik Negara Bersyari’ah,A. Kesejahteraan Ekonomi Rakyat,30,Memanipulasi hukum untuk mendapatkan harta orang lain terlarang,Al-Baqarah,2,188,188,False,"QS. Al-Baqarah, 2:188"
Karakteristik Negara Bersyari’ah,A. Kesejahteraan Ekonomi Rakyat,31,Budaya destruktif mengancam cita-cita keadilan dan kemakmuran masyarakat,Al-Baqarah,2,219,219,True,"QS. Al-Baqarah, 2:219; QS. Al-Ma’idah, 5:94"
Karakteristik Negara Bersyari’ah,A. Kesejahteraan Ekonomi Rakyat,32,Sistem ribawi merusak bangunan ekonomi masyarakat lemah,Al-Baqarah,2,275,276,False,"QS. Al-Baqarah, 2:275–276"
Karakteristik Negara Bersyari’ah,A. Kesejahteraan Ekonomi Rakyat,33,Perdagangan yang jujur dan terbuka menciptakan kesejahteraan umat manusia,An-Nisa,4,29,30,False,"QS. An-Nisa, 4:29–30"
Karakteristik Negara Bersyari’ah,A. Kesejahteraan Ekonomi Rakyat,34,Setiap orang wajib mengusahakan kebutuhan hidupnya secara halal,Al-Jumu‘ah,62,10,10,True,"QS. Al-Jumu‘ah, 62:10; QS. Al-‘Ankabut, 29:17"
Karakteristik Negara Bersyari’ah,A. Kesejahteraan Ekonomi Rakyat,35,Kerja keras menjadi keharusan setiap orang untuk memperoleh rezeki secara halal,Ali ‘Imran,3,195,195,True,"QS. Ali ‘Imran, 3:195; QS. An-Nisa, 4:95"
Karakteristik Negara Bersyari’ah,A. Kesejahteraan Ekonomi Rakyat,36,Hak pribadi untuk memiliki harta yang diperoleh secara halal,An-Nisa,4,7,7,True,"QS. An-Nisa, 4:7; QS. Al-Baqarah, 2:168"
Karakteristik Negara Bersyari’ah,A. Kesejahteraan Ekonomi Rakyat,37,Setiap pemilik harta memiliki kewajiban sosial,Al-An‘am,6,165,165,True,"QS. Al-An‘am, 6:165; QS. At-Takatsur, 102:8"
Karakteristik Negara Bersyari’ah,A. Kesejahteraan Ekonomi Rakyat,38,Harta kekayaan di dunia menjadi tanggung jawab bersama dalam melestarikan dan memanfaatkannya secara adil dan berdaya guna,Al-Baqarah,2,247,247,False,"QS. Al-Baqarah, 2:247, 2:265"
Karakteristik Negara Bersyari’ah,A. Kesejahteraan Ekonomi Rakyat,39,Jenis-jenis usaha halal diupayakan setiap orang untuk mendapatkan rizki,An-Nisa,4,29,29,True,"QS. An-Nisa, 4:29; QS. An-Nahl, 16:66; QS. Yusuf, 12:47–49; QS. Al-Ma’idah, 5:96; QS. Hud, 11:37–38"
Karakteristik Negara Bersyari’ah,A. Kesejahteraan Ekonomi Rakyat,40,Kebutuhan dasar manusia bersifat natural yang wajib dipenuhi,Al-A‘raf,7,26,26,True,"QS. Al-A‘raf, 7:26; QS. An-Naml, 27:80; QS. Al-Baqarah, 2:60"
Karakteristik Negara Bersyari’ah,A. Kesejahteraan Ekonomi Rakyat,41,Penyimpanan surplus hasil pertanian untuk penanganan keadaan darurat,Yusuf,12,55,55,False,"QS. Yusuf, 12:55"
Karakteristik Negara Bersyari’ah,A. Kesejahteraan Ekonomi Rakyat,42,Pembuatan bendungan untuk irigasi pertanian,Al-Isra,17,91,91,False,"QS. Al-Isra, 17:91"
Karakteristik Negara Bersyari’ah,A. Kesejahteraan Ekonomi Rakyat,43,Menindak para penimbun harta tanpa diproduktifkan,At-Taubah,9,34,34,False,"QS. At-Taubah, 9:34"
Karakteristik Negara Bersyari’ah,A. Kesejahteraan Ekonomi Rakyat,44,Perlindungan kebebasan usaha,Al-Kahfi,18,79,79,False,"QS. Al-Kahfi, 18:79"
Karakteristik Negara Bersyari’ah,A. Kesejahteraan Ekonomi Rakyat,45,Pengumpulan dan pendistribusian dana-dana kafarat,Al-Baqarah,2,184,184,True,"QS. Al-Baqarah, 2:184, 2:196; QS. Al-Mujadilah, 58:4; QS. Al-Ma’idah, 5:89, 5:95"
Karakteristik Negara Bersyari’ah,A. Kesejahteraan Ekonomi Rakyat,46,Meningkatkan perdagangan antar daerah,Saba’,34,18,18,False,"QS. Saba’, 34:18"
Karakteristik Negara Bersyari’ah,A. Kesejahteraan Ekonomi Rakyat,47,Pengembangan bahari,Maryam,19,22,22,True,"QS. Maryam, 19:22; QS. An-Nahl, 16:14"
Karakteristik Negara Bersyari’ah,A. Kesejahteraan Ekonomi Rakyat,48,Pembukaan lahan baru dan penyebaran penduduk,Thaha,20,53,53,True,"QS. Thaha, 20:53; QS. Al-A‘raf, 7:74"
Karakteristik Negara Bersyari’ah,A. Kesejahteraan Ekonomi Rakyat,49,Pembukaan daerah terisolasi,An-Nahl,16,7,7,False,"QS. An-Nahl, 16:7, 16:15"
Karakteristik Negara Bersyari’ah,A. Kesejahteraan Ekonomi Rakyat,50,Pembangunan transportasi,Al-Insan,76,5,5,False,"QS. Al-Insan, 76:5"
Karakteristik Negara Bersyari’ah,B. Keadilan Sosial bagi Seluruh Rakyat,1,Menempatkan diri sebagai hamba Allah,Adz-Dzariyat,51,56,58,False,"QS. Adz-Dzariyat, 51:56–58"
Karakteristik Negara Bersyari’ah,B. Keadilan Sosial bagi Seluruh Rakyat,2,Setiap anggota umat memikul amanah,Al-Ahzab,33,72,72,False,"QS. Al-Ahzab, 33:72"
Karakteristik Negara Bersyari’ah,B. Keadilan Sosial bagi Seluruh Rakyat,3,Menggalakkan kebajikan demi keutuhan masyarakat,At-Taubah,9,71,72,False,"QS. At-Taubah, 9:71–72"
Karakteristik Negara Bersyari’ah,B. Keadilan Sosial bagi Seluruh Rakyat,4,Menyelesaikan urusan bersama melalui musyawarah,Asy-Syura,42,37,37,False,"QS. Asy-Syura, 42:37"
Karakteristik Negara Bersyari’ah,B. Keadilan Sosial bagi Seluruh Rakyat,5,Menghadapi kesulitan bersama dengan kesabaran,Al-A’raf,7,95,95,False,"QS. Al-A’raf, 7:95"
Karakteristik Negara Bersyari’ah,B. Keadilan Sosial bagi Seluruh Rakyat,6,Membiayai pembangunan masyarakat melalui infak,Asy-Syura,42,38,38,False,"QS. Asy-Syura, 42:38"
Karakteristik Negara Bersyari’ah,B. Keadilan Sosial bagi Seluruh Rakyat,7,Menggalakkan ketakwaan untuk membangun kesejahteraan sosial,Al-A’raf,7,96,96,False,"QS. Al-A’raf, 7:96"
Karakteristik Negara Bersyari’ah,B. Keadilan Sosial bagi Seluruh Rakyat,8,Memberikan perlindungan dan pembelaan bagi golongan lemah,An-Nisa,4,75,75,False,"QS. An-Nisa, 4:75"
Karakteristik Negara Bersyari’ah,B. Keadilan Sosial bagi Seluruh Rakyat,9,Melindungi kehidupan anak-anak yatim,Al-Ma’un,107,1,3,False,"QS. Al-Ma’un, 107:1–3"
Karakteristik Negara Bersyari’ah,B. Keadilan Sosial bagi Seluruh Rakyat,10,Membina semangat mencintai kewajiban bersama,Al-Baqarah,2,216,216,False,"QS. Al-Baqarah, 2:216"
Karakteristik Negara Bersyari’ah,B. Keadilan Sosial bagi Seluruh Rakyat,11,Menghindari pemborosan dalam setiap bidang,Al-Isra,17,26,28,False,"QS. Al-Isra, 17:26–28"
Karakteristik Negara Bersyari’ah,B. Keadilan Sosial bagi Seluruh Rakyat,12,Mendistribusikan kelebihan kebutuhan kepada masyarakat,Al-Baqarah,2,215,215,False,"QS. Al-Baqarah, 2:215"
Karakteristik Negara Bersyari’ah,B. Keadilan Sosial bagi Seluruh Rakyat,13,Saling menaati perjanjian dengan semua pihak,Al-Ma’idah,5,1,1,False,"QS. Al-Ma’idah, 5:1"
Karakteristik Negara Bersyari’ah,B. Keadilan Sosial bagi Seluruh Rakyat,14,Menjauhi cara-cara ilegal untuk mengambil harta orang lain,Al-Baqarah,2,188,188,False,"QS. Al-Baqarah, 2:188"
Karakteristik Negara Bersyari’ah,B. Keadilan Sosial bagi Seluruh Rakyat,15,Membersihkan masyarakat dari segala bentuk kemaksiatan,Al-Anfal,8,25,25,False,"QS. Al-Anfal, 8:25"
Karakteristik Negara Bersyari’ah,B. Keadilan Sosial bagi Seluruh Rakyat,16,Tegar melawan segala bentuk kesesatan,An-Nisa,4,76,76,False,"QS. An-Nisa, 4:76"
Karakteristik Negara Bersyari’ah,B. Keadilan Sosial bagi Seluruh Rakyat,17,Menggalakkan upaya-upaya perdamaian,An-Nisa,4,114,114,False,"QS. An-Nisa, 4:114"
Karakteristik Negara Bersyari’ah,B. Keadilan Sosial bagi Seluruh Rakyat,18,Membiasakan sifat sabar dalam menghadapi kesulitan bersama,Al-Baqarah,2,155,156,False,"QS. Al-Baqarah, 2:155–156"
Karakteristik Negara Bersyari’ah,B. Keadilan Sosial bagi Seluruh Rakyat,19,Melawan kekuatan munkar secara konsisten,Al-A’raf,7,2,2,False,"QS. Al-A’raf, 7:2"
Karakteristik Negara Bersyari’ah,B. Keadilan Sosial bagi Seluruh Rakyat,20,Membangun persaudaraan berbasis tauhid,Al-Hujurat,49,10,10,False,"QS. Al-Hujurat, 49:10"
Karakteristik Negara Bersyari’ah,B. Keadilan Sosial bagi Seluruh Rakyat,21,Menghindari sikap saling memperolok,Al-Hujurat,49,11,11,False,"QS. Al-Hujurat, 49:11"
Karakteristik Negara Bersyari’ah,B. Keadilan Sosial bagi Seluruh Rakyat,22,Menyelesaikan perselisihan melalui mediator,Al-Hujurat,49,9,9,False,"QS. Al-Hujurat, 49:9"
Karakteristik Negara Bersyari’ah,B. Keadilan Sosial bagi Seluruh Rakyat,23,Mencegah penyebaran perkataan buruk,An-Nisa,4,148,148,False,"QS. An-Nisa, 4:148"
Karakteristik Negara Bersyari’ah,B. Keadilan Sosial bagi Seluruh Rakyat,24,Menagih utang secara toleran,Al-Baqarah,2,280,280,False,"QS. Al-Baqarah, 2:280"
Karakteristik Negara Bersyari’ah,B. Keadilan Sosial bagi Seluruh Rakyat,25,Melenyapkan sifat cinta materi demi membangun mental sehat masyarakat,Al-Isra,17,18,19,False,"QS. Al-Isra, 17:18–19"
Karakteristik Negara Bersyari’ah,B. Keadilan Sosial bagi Seluruh Rakyat,26,Membersihkan masyarakat dari minuman keras dan judi,Al-Ma’idah,5,90,91,False,"QS. Al-Ma’idah, 5:90–91"
Karakteristik Negara Bersyari’ah,B. Keadilan Sosial bagi Seluruh Rakyat,27,Mengucilkan pelaku kerusakan dari pergaulan sosial,Al-Ma’idah,5,33,34,False,"QS. Al-Ma’idah, 5:33–34"
Karakteristik Negara Bersyari’ah,B. Keadilan Sosial bagi Seluruh Rakyat,28,Para tokoh agama aktif mencegah kemungkaran,Al-Ma’idah,5,63,63,False,"QS. Al-Ma’idah, 5:63"
Karakteristik Negara Bersyari’ah,B. Keadilan Sosial bagi Seluruh Rakyat,29,Membendung pihak yang gemar berbuat dosa,Al-Ma’idah,5,62,62,False,"QS. Al-Ma’idah, 5:62"
Karakteristik Negara Bersyari’ah,B. Keadilan Sosial bagi Seluruh Rakyat,30,Membersihkan masyarakat dari paham materialisme,Al-Isra,17,31,31,False,"QS. Al-Isra, 17:31"
Karakteristik Negara Bersyari’ah,B. Keadilan Sosial bagi Seluruh Rakyat,31,Membersihkan masyarakat dari penyimpangan seksual,Al-Isra,17,32,32,False,"QS. Al-Isra, 17:32"
Karakteristik Negara Bersyari’ah,B. Keadilan Sosial bagi Seluruh Rakyat,32,Membersihkan masyarakat dari golongan penista agama,Al-Anfal,8,70,70,False,"QS. Al-Anfal, 8:70"
Karakteristik Negara Bersyari’ah,B. Keadilan Sosial bagi Seluruh Rakyat,33,Menciptakan sikap selektif dalam menerima berita negatif,Al-Hujurat,49,6,6,False,"QS. Al-Hujurat, 49:6"
Karakteristik Negara Bersyari’ah,B. Keadilan Sosial bagi Seluruh Rakyat,34,Membersihkan pola pergaulan buruk antara laki-laki dan perempuan,An-Nur,24,30,31,False,"QS. An-Nur, 24:30–31"
Karakteristik Negara Bersyari’ah,B. Keadilan Sosial bagi Seluruh Rakyat,35,Mendorong kecintaan pada teladan yang baik,Ibrahim,14,24,27,False,"QS. Ibrahim, 14:24–27"
Karakteristik Negara Bersyari’ah,B. Keadilan Sosial bagi Seluruh Rakyat,36,Menyikapi perbedaan tingkat ekonomi sebagai takdir positif,An-Nahl,16,70,70,False,"QS. An-Nahl, 16:70"
Karakteristik Negara Bersyari’ah,B. Keadilan Sosial bagi Seluruh Rakyat,37,Menghormati agama orang lain,Al-An’am,6,108,108,False,"QS. Al-An’am, 6:108"
Karakteristik Negara Bersyari’ah,B. Keadilan Sosial bagi Seluruh Rakyat,38,Golongan kaya wajib membantu golongan miskin,At-Taubah,9,93,93,False,"QS. At-Taubah, 9:93"
Karakteristik Negara Bersyari’ah,C. Politik dan Pemerintahan Negara,1,Pemimpin harus berilmu dan amanah,Al-Baqarah,2,269,269,True,"QS. Al-Baqarah, 2:269; QS. An-Nisa, 4:58"
Karakteristik Negara Bersyari’ah,C. Politik dan Pemerintahan Negara,2,Pemimpin tidak boleh durhaka dan pemboros,Al-Isra,17,16,16,False,"QS. Al-Isra, 17:16"
Karakteristik Negara Bersyari’ah,C. Politik dan Pemerintahan Negara,3,Pemimpin tidak boleh orang yang bodoh dalam mengelola ekonomi,An-Nisa,4,5,5,False,"QS. An-Nisa, 4:5"
Karakteristik Negara Bersyari’ah,C. Politik dan Pemerintahan Negara,4,Pemimpin harus mengutamakan kepentingan publik daripada diri sendiri atau golongan tertentu,At-Taubah,9,128,128,False,"QS. At-Taubah, 9:128"
Karakteristik Negara Bersyari’ah,C. Politik dan Pemerintahan Negara,5,Pemimpin wajib membasmi kezhaliman,Al-Anfal,8,25,25,False,"QS. Al-Anfal, 8:25"
Karakteristik Negara Bersyari’ah,C. Politik dan Pemerintahan Negara,6,Pemimpin tidak boleh melindungi golongan pengkhianat,An-Nisa,4,105,105,False,"QS. An-Nisa, 4:105"
Karakteristik Negara Bersyari’ah,C. Politik dan Pemerintahan Negara,7,Pemimpin wajib memelihara ketenteraman hidup beragama seluruh rakyatnya,Al-Baqarah,2,193,193,False,"QS. Al-Baqarah, 2:193"
Karakteristik Negara Bersyari’ah,C. Politik dan Pemerintahan Negara,8,Pemimpin wajib memberantas setiap perbuatan buruk di tengah masyarakat,Al-An’am,6,151,151,False,"QS. Al-An’am, 6:151"
Karakteristik Negara Bersyari’ah,C. Politik dan Pemerintahan Negara,9,Mengadakan musyawarah secara jujur dengan rakyat,Ali ‘Imran,3,159,159,False,"QS. Ali ‘Imran, 3:159"
Karakteristik Negara Bersyari’ah,C. Politik dan Pemerintahan Negara,10,Menegakkan hukum Allah,Al-Ma’idah,5,49,50,False,"QS. Al-Ma’idah, 5:49–50"
Karakteristik Negara Bersyari’ah,C. Politik dan Pemerintahan Negara,11,Menjaga keluhuran moral masyarakat,Al-Ahzab,33,33,33,False,"QS. Al-Ahzab, 33:33"
Karakteristik Negara Bersyari’ah,C. Politik dan Pemerintahan Negara,12,Menggalakkan sifat kejujuran dalam masyarakat,Al-Ahzab,33,23,24,False,"QS. Al-Ahzab, 33:23–24"
Karakteristik Negara Bersyari’ah,C. Politik dan Pemerintahan Negara,13,Mendorong rakyat untuk bertawakal kepada Allah,Ali ‘Imran,3,160,160,False,"QS. Ali ‘Imran, 3:160"
Karakteristik Negara Bersyari’ah,C. Politik dan Pemerintahan Negara,14,Membantu setiap rakyat mengatasi kesulitan hidupnya,Ath-Thalaq,65,7,7,False,"QS. Ath-Thalaq, 65:7"
Karakteristik Negara Bersyari’ah,C. Politik dan Pemerintahan Negara,15,Mengelola sumber daya alam untuk kemakmuran seluruh rakyat,Hud,11,161,161,False,"QS. Hud, 11:161"
Karakteristik Negara Bersyari’ah,C. Politik dan Pemerintahan Negara,16,Menegakkan keadilan,Ash-Shaff,61,10,12,False,"QS. Ash-Shaff, 61:10–12"
Karakteristik Negara Bersyari’ah,C. Politik dan Pemerintahan Negara,17,Melaksanakan hukum qishash,Al-Baqarah,2,179,179,False,"QS. Al-Baqarah, 2:179"
Karakteristik Negara Bersyari’ah,C. Politik dan Pemerintahan Negara,18,Menjauhi pola hidup mewah,Al-Isra,17,16,16,False,"QS. Al-Isra, 17:16"
Karakteristik Negara Bersyari’ah,C. Politik dan Pemerintahan Negara,19,Membangun angkatan perang yang kuat,Al-Anfal,8,60,60,False,"QS. Al-Anfal, 8:60"
Karakteristik Negara Bersyari’ah,C. Politik dan Pemerintahan Negara,20,Melakukan penangkalan terhadap semua bentuk upaya destruktif terhadap negara dan rakyat,Al-Anfal,8,60,60,True,"QS. Al-Anfal, 8:60; QS. At-Taubah, 9:12"
Karakteristik Negara Bersyari’ah,C. Politik dan Pemerintahan Negara,21,Membangun harga diri umat di hadapan musuh,Muhammad,47,35,35,False,"QS. Muhammad, 47:35"
Karakteristik Negara Bersyari’ah,C. Politik dan Pemerintahan Negara,22,Tidak memberi peluang bagi siapa pun untuk bebas berbuat dosa,An-Nisa,4,60,60,False,"QS. An-Nisa, 4:60"
Karakteristik Negara Bersyari’ah,C. Politik dan Pemerintahan Negara,23,Menyelesaikan perselisihan antara pemerintah dan rakyat berdasarkan hukum Allah dan Rasul-Nya,An-Nisa,4,59,59,False,"QS. An-Nisa, 4:59"
Karakteristik Negara Bersyari’ah,C. Politik dan Pemerintahan Negara,24,Mengangkat pegawai dan aparat negara dari orang-orang yang kuat dan amanah,Al-Qashash,28,26,26,False,"QS. Al-Qashash, 28:26"
Karakteristik Negara Bersyari’ah,C. Politik dan Pemerintahan Negara,25,Pemimpin harus luas wawasannya dan berbadan kuat,Al-Baqarah,2,247,247,False,"QS. Al-Baqarah, 2:247"
Karakteristik Negara Bersyari’ah,C. Politik dan Pemerintahan Negara,26,Menegakkan keadilan tanpa pandang bulu,Al-Ma’idah,5,8,8,False,"QS. Al-Ma’idah, 5:8"
Karakteristik Negara Bersyari’ah,C. Politik dan Pemerintahan Negara,27,Melindungi sumber daya alam dari eksploitasi golongan jahat,Al-Kahfi,18,82,82,False,"QS. Al-Kahfi, 18:82"
Karakteristik Negara Bersyari’ah,C. Politik dan Pemerintahan Negara,28,Memberikan informasi yang jelas dan jujur kepada rakyat,Al-Ahzab,33,70,71,False,"QS. Al-Ahzab, 33:70–71"
Karakteristik Negara Bersyari’ah,C. Politik dan Pemerintahan Negara,29,Tidak membuat undang-undang yang menguntungkan golongan oportunis dan merugikan rakyat,Ali ‘Imran,3,11,12,False,"QS. Ali ‘Imran, 3:11–12"
Karakteristik Negara Bersyari’ah,C. Politik dan Pemerintahan Negara,30,Tidak menjalankan politik penyesatan agama rakyat,Thaha,20,79,79,False,"QS. Thaha, 20:79"
Karakteristik Negara Bersyari’ah,C. Politik dan Pemerintahan Negara,31,Tidak menjalankan politik memecah-belah,Al-Qashash,28,4,4,False,"QS. Al-Qashash, 28:4"
Karakteristik Negara Bersyari’ah,C. Politik dan Pemerintahan Negara,32,Melindungi hak hidup setiap orang selama tidak melakukan tindak pidana tertentu,Al-Ma’idah,5,32,32,True,"QS. Al-Ma’idah, 5:32; QS. Al-An’am, 6:151"
Karakteristik Negara Bersyari’ah,C. Politik dan Pemerintahan Negara,33,Menjaga kebebasan rakyat untuk mengontrol jalannya pemerintahan,An-Nur,24,55,55,False,"QS. An-Nur, 24:55"
Karakteristik Negara Bersyari’ah,C. Politik dan Pemerintahan Negara,34,Melindungi hak memilih dan dipilih selama memenuhi syarat,Hud,11,55,55,False,"QS. Hud, 11:55"
Karakteristik Negara Bersyari’ah,C. Politik dan Pemerintahan Negara,35,Menjamin kesetaraan di hadapan hukum,Al-Hujurat,49,13,13,False,"QS. Al-Hujurat, 49:13"
Karakteristik Negara Bersyari’ah,C. Politik dan Pemerintahan Negara,36,Menjamin kebebasan berpindah tempat sesuai kehendak,Al-Mulk,67,15,15,False,"QS. Al-Mulk, 67:15"
Karakteristik Negara Bersyari’ah,C. Politik dan Pemerintahan Negara,37,Melindungi setiap orang dari tuntutan hukum atas kesalahan yang tidak diperbuatnya,Al-Isra,17,70,70,False,"QS. Al-Isra, 17:70"
Karakteristik Negara Bersyari’ah,C. Politik dan Pemerintahan Negara,38,Menjamin kemerdekaan rakyat untuk berserikat dan melakukan amar makruf nahi munkar,Ali ‘Imran,3,104,104,False,"QS. Ali ‘Imran, 3:104"
Karakteristik Negara Bersyari’ah,C. Politik dan Pemerintahan Negara,39,Rakyat menaati pemerintah dalam batas kemaslahatan dan kebajikan,An-Nisa,4,59,59,False,"QS. An-Nisa, 4:59"
Karakteristik Negara Bersyari’ah,C. Politik dan Pemerintahan Negara,40,Membantu negara menghadapi kesulitan,Al-Baqarah,2,177,177,False,"QS. Al-Baqarah, 2:177"
Karakteristik Negara Bersyari’ah,C. Politik dan Pemerintahan Negara,41,Membela negara dari serangan musuh,At-Taubah,9,41,41,False,"QS. At-Taubah, 9:41"
Karakteristik Negara Bersyari’ah,C. Politik dan Pemerintahan Negara,42,Membantu pemerintah melawan agresor,Al-Baqarah,2,190,190,False,"QS. Al-Baqarah, 2:190"
Karakteristik Negara Bersyari’ah,C. Politik dan Pemerintahan Negara,43,Membantu kelancaran usaha negara membangun kemakmuran rakyat,Hud,11,61,61,False,"QS. Hud, 11:61"
Karakteristik Negara Bersyari’ah,C. Politik dan Pemerintahan Negara,44,Membayar zakat,At-Taubah,9,60,60,False,"QS. At-Taubah, 9:60"
Karakteristik Negara Bersyari’ah,C. Politik dan Pemerintahan Negara,45,Membantu pemerintah mencari solusi menghadapi kesulitan,Al-‘Ashr,103,1,3,False,"QS. Al-‘Ashr, 103:1–3"
Karakteristik Negara Bersyari’ah,C. Politik dan Pemerintahan Negara,46,Membantu pemerintah membasmi pengacau keamanan,Al-A’raf,7,147,147,False,"QS. Al-A’raf, 7:147"
Karakteristik Negara Bersyari’ah,C. Politik dan Pemerintahan Negara,47,Mempertahankan keutuhan negara,Ali ‘Imran,3,105,105,False,"QS. Ali ‘Imran, 3:105"
Karakteristik Negara Bersyari’ah,C. Politik dan Pemerintahan Negara,48,Tidak membantu negara lain memata-matai negaranya sendiri,Al-Mumtahanah,60,1,2,False,"QS. Al-Mumtahanah, 60:1–2"
Karakteristik Negara Bersyari’ah,C. Politik dan Pemerintahan Negara,49,Menyelamatkan kekayaan negara dari penyelewengan,Ali ‘Imran,3,161,161,False,"QS. Ali ‘Imran, 3:161"
Karakteristik Negara Bersyari’ah,D. Penegakan Hukum dan Hukuman,1,Pahala sesuai dengan niat,Al-Bayyinah,98,1,1,False,"QS. Al-Bayyinah, 98:1"
Karakteristik Negara Bersyari’ah,D. Penegakan Hukum dan Hukuman,2,Hukuman sesuai dengan kesalahan,An-Nahl,16,126,126,False,"QS. An-Nahl, 16:126"
Karakteristik Negara Bersyari’ah,D. Penegakan Hukum dan Hukuman,3,Seseorang tidak dapat dituntut atas kesalahan orang lain,Al-An’am,6,164,164,False,"QS. Al-An’am, 6:164"
Karakteristik Negara Bersyari’ah,D. Penegakan Hukum dan Hukuman,4,Seseorang tidak dapat mengambil alih kesalahan orang lain,Al-Isra,17,15,15,False,"QS. Al-Isra, 17:15"
Karakteristik Negara Bersyari’ah,D. Penegakan Hukum dan Hukuman,5,Orang yang mengajak berbuat salah menanggung kesalahan orang yang diajaknya,Al-‘Ankabut,29,13,13,False,"QS. Al-‘Ankabut, 29:13"
Karakteristik Negara Bersyari’ah,D. Penegakan Hukum dan Hukuman,6,Tidak ada hukuman sebelum ada ketetapan hukum yang jelas,Al-Isra,17,15,15,False,"QS. Al-Isra, 17:15"
Karakteristik Negara Bersyari’ah,D. Penegakan Hukum dan Hukuman,7,Setiap larangan berlaku mutlak harus dijauhi,Al-Mujadilah,58,8,8,False,"QS. Al-Mujadilah, 58:8"
Karakteristik Negara Bersyari’ah,D. Penegakan Hukum dan Hukuman,8,Setiap perintah dilaksanakan sebatas kemampuan,At-Taghabun,64,12,12,False,"QS. At-Taghabun, 64:12"
Karakteristik Negara Bersyari’ah,D. Penegakan Hukum dan Hukuman,9,"Dalam pidana qishash, hak menghukum atau memaafkan ada pada ahli waris korban",Al-Baqarah,2,178,178,False,"QS. Al-Baqarah, 2:178"
Karakteristik Negara Bersyari’ah,D. Penegakan Hukum dan Hukuman,10,"Dalam pidana hudud, tidak ada amnesti dari siapa pun",An-Nur,24,2,2,False,"QS. An-Nur, 24:2, 4"
Karakteristik Negara Bersyari’ah,D. Penegakan Hukum dan Hukuman,11,Urusan ibadah haram dikerjakan sebelum ada ketetapan dari Allah,Asy-Syura,42,21,21,False,"QS. Asy-Syura, 42:21"
Karakteristik Negara Bersyari’ah,D. Penegakan Hukum dan Hukuman,12,Urusan keduniaan pada dasarnya boleh dilakukan kecuali yang diharamkan,Al-Baqarah,2,29,29,False,"QS. Al-Baqarah, 2:29"
Karakteristik Negara Bersyari’ah,D. Penegakan Hukum dan Hukuman,13,Setiap hal yang membahayakan diharamkan,Al-Baqarah,2,195,195,False,"QS. Al-Baqarah, 2:195"
Karakteristik Negara Bersyari’ah,D. Penegakan Hukum dan Hukuman,14,Tidak boleh mengambil harta orang lain secara batil,An-Nisa,4,29,29,False,"QS. An-Nisa, 4:29"
Karakteristik Negara Bersyari’ah,D. Penegakan Hukum dan Hukuman,15,Setiap orang memiliki hak privasi,An-Nur,24,28,28,False,"QS. An-Nur, 24:28"
Karakteristik Negara Bersyari’ah,D. Penegakan Hukum dan Hukuman,16,Harga diri setiap orang dilindungi oleh hukum,Al-Hujurat,49,12,12,False,"QS. Al-Hujurat, 49:12"
Karakteristik Negara Bersyari’ah,D. Penegakan Hukum dan Hukuman,17,Wajib membantu sesama dalam kebajikan,Al-Ma’idah,5,2,2,False,"QS. Al-Ma’idah, 5:2"
Karakteristik Negara Bersyari’ah,D. Penegakan Hukum dan Hukuman,18,Hubungan seksual hanya halal melalui pernikahan yang sah,An-Nur,24,30,31,False,"QS. An-Nur, 24:30–31"
Karakteristik Negara Bersyari’ah,D. Penegakan Hukum dan Hukuman,19,Tidak boleh membantu perbuatan jahat,Al-Ma’idah,5,2,2,False,"QS. Al-Ma’idah, 5:2"
Karakteristik Negara Bersyari’ah,D. Penegakan Hukum dan Hukuman,20,Hak setiap orang untuk mendapatkan ilmu secara gratis,An-Nahl,16,43,43,False,"QS. An-Nahl, 16:43"
Karakteristik Negara Bersyari’ah,D. Penegakan Hukum dan Hukuman,21,Dilarang menyembunyikan kebenaran yang diketahui,Al-Baqarah,2,42,42,False,"QS. Al-Baqarah, 2:42"
Karakteristik Negara Bersyari’ah,D. Penegakan Hukum dan Hukuman,22,Meminta pertolongan atau perlindungan kepada selain Allah adalah haram,Al-Hajj,22,71,71,False,"QS. Al-Hajj, 22:71"
Karakteristik Negara Bersyari’ah,D. Penegakan Hukum dan Hukuman,23,"Dalam keadaan darurat, yang haram boleh digunakan sebatas penyelamatan diri",Al-Baqarah,2,173,173,False,"QS. Al-Baqarah, 2:173"
Karakteristik Negara Bersyari’ah,D. Penegakan Hukum dan Hukuman,24,Membuka aurat haram kecuali dalam keadaan tertentu,An-Nur,24,31,31,False,"QS. An-Nur, 24:31"
Karakteristik Negara Bersyari’ah,D. Penegakan Hukum dan Hukuman,25,Memalsukan hubungan nasab adalah haram,Al-Ahzab,33,4,5,False,"QS. Al-Ahzab, 33:4–5"
Karakteristik Negara Bersyari’ah,D. Penegakan Hukum dan Hukuman,26,Kesalahan masa lalu tidak dapat dihukum dengan undang-undang baru,Al-Baqarah,2,275,275,False,"QS. Al-Baqarah, 2:275"
Karakteristik Negara Bersyari’ah,D. Penegakan Hukum dan Hukuman,27,"Penilaian perbuatan berdasarkan yang lahiriah, bukan maksud tersembunyi pelakunya",Al-A’raf,7,7,7,False,"QS. Al-A’raf, 7:7"
Karakteristik Negara Bersyari’ah,D. Penegakan Hukum dan Hukuman,28,Hak imbalan yang sama antara laki-laki dan perempuan atas pekerjaan yang sama,Ibrahim,14,51,51,False,"QS. Ibrahim, 14:51"
Karakteristik Negara Bersyari’ah,D. Penegakan Hukum dan Hukuman,29,Orang yang dipaksa berbuat dosa bebas dari hukuman,An-Nur,24,33,33,False,"QS. An-Nur, 24:33"
Karakteristik Negara Bersyari’ah,D. Penegakan Hukum dan Hukuman,30,Setiap kaum boleh menjalankan hukum yang berlaku bagi mereka,Al-Ma’idah,5,47,47,False,"QS. Al-Ma’idah, 5:47"
Karakteristik Negara Bersyari’ah,E. Hak Asasi Manusia (HAM),1,Hak untuk hidup,Al-An’am,6,151,151,False,"QS. Al-An’am, 6:151"
Karakteristik Negara Bersyari’ah,E. Hak Asasi Manusia (HAM),2,Hak atas keselamatan hidup,Al-Ma’idah,5,32,32,False,"QS. Al-Ma’idah, 5:32"
Karakteristik Negara Bersyari’ah,E. Hak Asasi Manusia (HAM),3,Hak setiap perempuan diperlakukan secara terhormat,Al-Isra,17,32,32,False,"QS. Al-Isra, 17:32"
Karakteristik Negara Bersyari’ah,E. Hak Asasi Manusia (HAM),4,Hak atas keadilan,An-Nisa,4,135,135,False,"QS. An-Nisa, 4:135"
Karakteristik Negara Bersyari’ah,E. Hak Asasi Manusia (HAM),5,Hak untuk bekerja sama dan tidak bekerja sama,Al-Ma’idah,5,2,2,False,"QS. Al-Ma’idah, 5:2"
Karakteristik Negara Bersyari’ah,E. Hak Asasi Manusia (HAM),6,Hak atas perlindungan harta kekayaan,Al-Baqarah,2,188,188,False,"QS. Al-Baqarah, 2:188"
Karakteristik Negara Bersyari’ah,E. Hak Asasi Manusia (HAM),7,Hak atas perlakuan terhormat,Al-Hujurat,49,11,12,False,"QS. Al-Hujurat, 49:11–12"
Karakteristik Negara Bersyari’ah,E. Hak Asasi Manusia (HAM),8,Hak atas jaminan kehidupan pribadi,An-Nur,24,61,61,False,"QS. An-Nur, 24:61"
Karakteristik Negara Bersyari’ah,E. Hak Asasi Manusia (HAM),9,Hak atas perlindungan tempat tinggal,An-Nur,24,27,27,False,"QS. An-Nur, 24:27"
Karakteristik Negara Bersyari’ah,E. Hak Asasi Manusia (HAM),10,Hak untuk menentang kedzaliman,Ash-Shaffat,37,148,148,False,"QS. Ash-Shaffat, 37:148"
Karakteristik Negara Bersyari’ah,E. Hak Asasi Manusia (HAM),11,Hak untuk mengeluarkan pendapat,Ali ‘Imran,3,104,104,False,"QS. Ali ‘Imran, 3:104"
Karakteristik Negara Bersyari’ah,E. Hak Asasi Manusia (HAM),12,Hak untuk memilih agama dengan bebas,Al-Anfal,8,39,39,False,"QS. Al-Anfal, 8:39"
Karakteristik Negara Bersyari’ah,E. Hak Asasi Manusia (HAM),13,Hak untuk membela diri dari serangan,Al-Baqarah,2,194,194,False,"QS. Al-Baqarah, 2:194"
Karakteristik Negara Bersyari’ah,E. Hak Asasi Manusia (HAM),14,Hak untuk bebas dari rasa takut,Quraisy,106,4,4,False,"QS. Quraisy, 106:4"
Karakteristik Negara Bersyari’ah,E. Hak Asasi Manusia (HAM),15,Hak untuk bebas dari ancaman kelaparan,Al-Ma’un,107,3,3,False,"QS. Al-Ma’un, 107:3"
Karakteristik Negara Bersyari’ah,E. Hak Asasi Manusia (HAM),16,Hak anak untuk pengasuhan yang baik,Adh-Dhuha,93,6,6,False,"QS. Adh-Dhuha, 93:6"
Karakteristik Negara Bersyari’ah,E. Hak Asasi Manusia (HAM),17,Hak setiap tawanan perang untuk jaminan hidup secara wajar,Al-Insan,76,8,8,False,"QS. Al-Insan, 76:8"
Karakteristik Negara Bersyari’ah,E. Hak Asasi Manusia (HAM),18,Hak untuk mengucilkan pelaku tindakan destruktif,Al-Mumtahanah,60,13,13,False,"QS. Al-Mumtahanah, 60:13"
Karakteristik Negara Bersyari’ah,E. Hak Asasi Manusia (HAM),19,Hak untuk menikah dan bercerai,An-Nisa,4,20,20,False,"QS. An-Nisa, 4:20"
Karakteristik Negara Bersyari’ah,E. Hak Asasi Manusia (HAM),20,Hak untuk mengecam orang yang menghina,Al-A’raf,7,51,53,False,"QS. Al-A’raf, 7:51–53"
Karakteristik Negara Bersyari’ah,E. Hak Asasi Manusia (HAM),21,Hak untuk mengajarkan ilmu dan mengembangkannya,An-Nahl,16,125,125,False,"QS. An-Nahl, 16:125"
Karakteristik Negara Bersyari’ah,E. Hak Asasi Manusia (HAM),22,Hak untuk menyebarkan agama dengan bebas,Asy-Syura,42,15,15,False,"QS. Asy-Syura, 42:15"
Karakteristik Negara Bersyari’ah,E. Hak Asasi Manusia (HAM),23,Hak untuk memperoleh informasi dan menyebarkannya dengan bebas,Al-Baqarah,2,140,140,False,"QS. Al-Baqarah, 2:140"
Karakteristik Negara Bersyari’ah,E. Hak Asasi Manusia (HAM),24,Hak untuk memerangi penghalang kebebasan beragama,Al-Baqarah,2,217,217,False,"QS. Al-Baqarah, 2:217"
Karakteristik Negara Bersyari’ah,E. Hak Asasi Manusia (HAM),25,Hak untuk berkelana di muka bumi,Ali ‘Imran,3,137,137,False,"QS. Ali ‘Imran, 3:137"
Karakteristik Negara Bersyari’ah,E. Hak Asasi Manusia (HAM),26,Hak untuk berorganisasi secara bebas,Al-Mujadilah,58,11,11,False,"QS. Al-Mujadilah, 58:11"
Karakteristik Negara Bersyari’ah,E. Hak Asasi Manusia (HAM),27,Hak untuk membela agama dari gangguan musuh,Ash-Shaff,61,10,11,False,"QS. Ash-Shaff, 61:10–11"
Karakteristik Negara Bersyari’ah,E. Hak Asasi Manusia (HAM),28,Hak untuk berpoligami secara terbatas,An-Nisa,4,3,3,False,"QS. An-Nisa, 4:3"
Karakteristik Negara Bersyari’ah,E. Hak Asasi Manusia (HAM),29,Hak untuk minta bantuan kepada orang lain,Hud,11,58,58,False,"QS. Hud, 11:58"
Karakteristik Negara Bersyari’ah,E. Hak Asasi Manusia (HAM),30,Hak untuk membalas tipu daya orang lain,Yusuf,12,45,45,False,"QS. Yusuf, 12:45"
Karakteristik Negara Bersyari’ah,E. Hak Asasi Manusia (HAM),31,Orang miskin berhak mengambil harta orang kaya bila tidak ada cara halal lain,Adz-Dzariyat,51,19,19,False,"QS. Adz-Dzariyat, 51:19"
Karakteristik Negara Bersyari’ah,E. Hak Asasi Manusia (HAM),32,Orang sakit berhak mendapatkan pengobatan gratis,Asy-Syu’ara,26,80,80,False,"QS. Asy-Syu’ara, 26:80"
Karakteristik Negara Bersyari’ah,E. Hak Asasi Manusia (HAM),33,Bayi berhak atas susuan ibu atau perempuan lain yang mampu menyusui,Al-Baqarah,2,233,233,True,"QS. Al-Baqarah, 2:233; QS. Al-Qashash, 28:7"
Karakteristik Negara Bersyari’ah,E. Hak Asasi Manusia (HAM),34,Hak beragama atau tidak beragama,Al-Baqarah,2,256,256,False,"QS. Al-Baqarah, 2:256"
Karakteristik Negara Bersyari’ah,E. Hak Asasi Manusia (HAM),35,Pemilik harta berhak membelanjakannya sebatas yang halal,Al-Isra,17,27,27,False,"QS. Al-Isra, 17:27"
Karakteristik Negara Bersyari’ah,E. Hak Asasi Manusia (HAM),36,Komunitas agama berhak membangun sistem mempertahankan eksistensinya,Ash-Shaff,61,4,4,False,"QS. Ash-Shaff, 61:4"
Karakteristik Negara Bersyari’ah,E. Hak Asasi Manusia (HAM),37,Tamu berhak memperoleh jamuan layak dan perlindungan dari tuan rumah,Hud,11,78,78,False,"QS. Hud, 11:78"
Karakteristik Negara Bersyari’ah,E. Hak Asasi Manusia (HAM),38,Hak atas upah kerja,Ibrahim,14,51,51,False,"QS. Ibrahim, 14:51"
Karakteristik Negara Bersyari’ah,E. Hak Asasi Manusia (HAM),39,Penimbun harta berhak mendapat hukuman,Al-Ma’idah,5,105,105,False,"QS. Al-Ma’idah, 5:105"
Karakteristik Negara Bersyari’ah,E. Hak Asasi Manusia (HAM),40,Tuan rumah berhak menolak tamu yang tidak diinginkan,An-Nur,24,62,62,False,"QS. An-Nur, 24:62"
Karakteristik Negara Bersyari’ah,E. Hak Asasi Manusia (HAM),41,Hak privasi tempat dan waktu,An-Nur,24,58,59,False,"QS. An-Nur, 24:58–59"
Karakteristik Negara Bersyari’ah,E. Hak Asasi Manusia (HAM),42,Tamu boleh mengambil makanan tuan rumah bila tidak dijamu,An-Nur,24,61,61,False,"QS. An-Nur, 24:61"
Karakteristik Negara Bersyari’ah,E. Hak Asasi Manusia (HAM),43,"Dalam kondisi berbahaya, boleh mengambil tindakan menyalahi hukum",Al-Baqarah,2,173,173,False,"QS. Al-Baqarah, 2:173"
Karakteristik Negara Bersyari’ah,E. Hak Asasi Manusia (HAM),44,Orang lanjut usia berhak memperoleh pemeliharaan,Al-Isra,17,23,23,False,"QS. Al-Isra, 17:23"
Karakteristik Negara Bersyari’ah,E. Hak Asasi Manusia (HAM),45,Hak tinggal di tempat kelahiran,Al-Balad,90,3,3,False,"QS. Al-Balad, 90:3"
Karakteristik Negara Bersyari’ah,E. Hak Asasi Manusia (HAM),46,Hak membalas lawan secara setimpal,At-Taubah,9,7,7,False,"QS. At-Taubah, 9:7"
Karakteristik Negara Bersyari’ah,E. Hak Asasi Manusia (HAM),47,Hak waris sesuai ketentuan hukum,Al-Baqarah,2,180,180,False,"QS. Al-Baqarah, 2:180"
Karakteristik Negara Bersyari’ah,E. Hak Asasi Manusia (HAM),48,Ibu yang diceraikan dan menyusui anak berhak mendapat upah dari ayah anak,Al-Baqarah,2,233,233,False,"QS. Al-Baqarah, 2:233"
Karakteristik Negara Bersyari’ah,E. Hak Asasi Manusia (HAM),49,Hak membasmi kemungkaran di mana pun,Asy-Syu’ara,26,227,227,False,"QS. Asy-Syu’ara, 26:227"
Karakteristik Negara Bersyari’ah,E. Hak Asasi Manusia (HAM),50,Hak dikuburkan secara benar setelah meninggal,Al-Ma’idah,5,31,31,False,"QS. Al-Ma’idah, 5:31"
Karakteristik Negara Bersyari’ah,E. Hak Asasi Manusia (HAM),51,Suami berhak atas pelayanan seksual dari istri,Al-Baqarah,2,223,223,False,"QS. Al-Baqarah, 2:223"
Karakteristik Negara Bersyari’ah,E. Hak Asasi Manusia (HAM),52,Istri berhak atas nafkah dan pelayanan seksual dari suami,Al-Baqarah,2,228,228,False,"QS. Al-Baqarah, 2:228"
Karakteristik Negara Bersyari’ah,E. Hak Asasi Manusia (HAM),53,Korban kezhaliman berhak menuntut bantuan masyarakat/pemerintah,Al-Hajj,22,60,60,False,"QS. Al-Hajj, 22:60"
Karakteristik Negara Bersyari’ah,E. Hak Asasi Manusia (HAM),54,Perempuan yang masuk Islam berhak menuntut cerai dari suami kafir,Al-Mumtahanah,60,11,11,False,"QS. Al-Mumtahanah, 60:11"
Karakteristik Negara Bersyari’ah,E. Hak Asasi Manusia (HAM),55,Korban cidera berhak membalas setimpal,Ali ‘Imran,3,140,140,False,"QS. Ali ‘Imran, 3:140"
Karakteristik Negara Bersyari’ah,E. Hak Asasi Manusia (HAM),56,Pelaku keburukan berhak dituntut,Al-An’am,6,160,160,False,"QS. Al-An’am, 6:160"
Karakteristik Negara Bersyari’ah,E. Hak Asasi Manusia (HAM),57,Terdakwa berhak diadili oleh hakim yang adil,Al-Ma’idah,5,95,95,False,"QS. Al-Ma’idah, 5:95"
Karakteristik Negara Bersyari’ah,E. Hak Asasi Manusia (HAM),58,Hak bebas dan aman dari mata-mata pemerintah,Al-Hujurat,49,12,12,False,"QS. Al-Hujurat, 49:12"
Karakteristik Negara Bersyari’ah,E. Hak Asasi Manusia (HAM),59,Negara berhak menyerang negara lain yang mengancam keamanan,At-Taubah,9,123,123,False,"QS. At-Taubah, 9:123"
Karakteristik Negara Bersyari’ah,E. Hak Asasi Manusia (HAM),60,Masyarakat berhak bebas dari perbuatan dosa warganya,Al-Anfal,8,25,25,False,"QS. Al-Anfal, 8:25"
Karakteristik Negara Bersyari’ah,E. Hak Asasi Manusia (HAM),61,Hak menolong orang yang terancam jiwa,Al-Ma’idah,5,32,32,False,"QS. Al-Ma’idah, 5:32"
Karakteristik Negara Bersyari’ah,E. Hak Asasi Manusia (HAM),62,Hak bermigrasi ke tempat yang memberi kebebasan dan kebaikan,An-Nisa,4,97,97,False,"QS. An-Nisa, 4:97"
Karakteristik Negara Bersyari’ah,E. Hak Asasi Manusia (HAM),63,Tamu majelis berhak mendapat tempat duduk,Al-Mujadilah,58,11,11,False,"QS. Al-Mujadilah, 58:11"
Karakteristik Negara Bersyari’ah,E. Hak Asasi Manusia (HAM),64,Hak meninggalkan pertemuan yang buruk,An-Nisa,4,140,140,False,"QS. An-Nisa, 4:140"
Karakteristik Negara Bersyari’ah,E. Hak Asasi Manusia (HAM),65,Hak membatalkan perjanjian bila khawatir dikhianati,Al-Anfal,8,58,58,False,"QS. Al-Anfal, 8:58"
Karakteristik Negara Bersyari’ah,E. Hak Asasi Manusia (HAM),66,Hak menuntut pemerintah menjelaskan kondisi keamanan saat chaos,An-Nisa,4,83,83,False,"QS. An-Nisa, 4:83"
Karakteristik Negara Bersyari’ah,E. Hak Asasi Manusia (HAM),67,Istri yang diceraikan berhak menolak permintaan mantan suami mengembalikan mahar,Al-Baqarah,2,229,229,False,"QS. Al-Baqarah, 2:229"
Karakteristik Negara Bersyari’ah,E. Hak Asasi Manusia (HAM),68,Pemerintah berhak menghukum mati pengacau keamanan,Al-Ahzab,33,61,61,False,"QS. Al-Ahzab, 33:61"
Karakteristik Negara Bersyari’ah,E. Hak Asasi Manusia (HAM),69,Pemerintah berhak menginterogasi penyebar berita yang diragukan,Al-Hujurat,49,6,6,False,"QS. Al-Hujurat, 49:6"
Karakteristik Negara Bersyari’ah,E. Hak Asasi Manusia (HAM),70,Hak memisahkan diri dari lingkungan buruk,Al-Ma’idah,5,25,25,False,"QS. Al-Ma’idah, 5:25"
Karakteristik Negara Bersyari’ah,E. Hak Asasi Manusia (HAM),71,Hak merahasiakan keyakinan bila jiwa terancam,Al-Mu’min,40,28,28,False,"QS. Al-Mu’min, 40:28"
Karakteristik Negara Bersyari’ah,E. Hak Asasi Manusia (HAM),72,Hak membuat wasiat sebelum meninggal,Al-Baqarah,2,180,180,False,"QS. Al-Baqarah, 2:180"
Karakteristik Negara Bersyari’ah,E. Hak Asasi Manusia (HAM),73,Hak mempertahankan tradisi warisan,Al-Isra,17,84,84,False,"QS. Al-Isra, 17:84"
Karakteristik Negara Bersyari’ah,E. Hak Asasi Manusia (HAM),74,Hak tidak mengikuti sesuatu yang tidak dipahami jelas,Al-Isra,17,36,36,False,"QS. Al-Isra, 17:36"
Karakteristik Negara Bersyari’ah,E. Hak Asasi Manusia (HAM),75,Penyebar dekadensi moral secara publik berhak dihukum,An-Nur,24,19,19,False,"QS. An-Nur, 24:19"
